time,theta1,theta2
0.0,1.5707963267948966,1.5707963267948966
0.005,1.569371703444479,1.5602013244961224
0.01,1.5667559435167633,1.540078811105024
0.015,1.5633959995204458,1.5117172521311801
0.02,1.5597310465988052,1.476257402775733
0.025,1.556175377353461,1.4347966430840995
0.030000000000000002,1.5530842646720517,1.3884586700240422
0.035,1.5507258199602376,1.3384160892642216
0.04,1.5492632510149862,1.2858841300110626
0.045,1.5487497683761198,1.232096789551544
0.049999999999999996,1.5491358027786295,1.1782735779589333
0.05499999999999999,1.5502860672574148,1.125582992669436
0.05999999999999999,1.5520028266736203,1.0751070475245346
0.06499999999999999,1.5540513312124216,1.0278099626698405
0.06999999999999999,1.5561855230507675,0.9845106688967695
0.075,1.5581689071120193,0.9458642205799297
0.08,1.5597921553935599,0.9123482981997076
0.085,1.5608852455540378,0.8842577340771202
0.09000000000000001,1.5613244439990872,0.8617067957607292
0.09500000000000001,1.5610345299886015,0.8446391137576036
0.10000000000000002,1.5599869643583248,0.8328446043704488
0.10500000000000002,1.5581949006403963,0.8259821759695664
0.11000000000000003,1.55570602984825,0.8236065313417096
0.11500000000000003,1.5525942500010435,0.8251970838940749
0.12000000000000004,1.5489510678261769,0.83018694395729
0.12500000000000003,1.5448774884639485,0.8379901101579196
0.13000000000000003,1.5404769508854685,0.8480253823398323
0.13500000000000004,1.5358496488086761,0.8597360224472088
0.14000000000000004,1.5310883676000286,0.8726047341571146
0.14500000000000005,1.5262757916412475,0.8861640213944681
0.15000000000000005,1.5214831096423846,0.9000023570024819
0.15500000000000005,1.5167696719053132,0.9137668195523311
0.16000000000000006,1.5121834282252336,0.9271629464740848
0.16500000000000006,1.507761886483861,0.9399525355231971
0.17000000000000007,1.5035333666589326,0.9519500423426271
0.17500000000000007,1.4995183708699003,0.9630181049793808
0.18000000000000008,1.4957309380574206,0.9730626034318512
0.18500000000000008,1.4921798960624586,0.9820275504152397
0.19000000000000009,1.4888699611053924,0.989890016756602
0.1950000000000001,1.485802621017828,0.996655290573163
0.2000000000000001,1.4829766121074865,1.002352639764885
0.2050000000000001,1.480389449337844,1.0070294419139854
0.2100000000000001,1.4780372744855705,1.0107481816153996
0.2150000000000001,1.475914905740451,1.013583165661684
0.2200000000000001,1.4740164028558937,1.0156166109359481
0.22500000000000012,1.472335289368287,1.0169355525684285
0.23000000000000012,1.4708646923872801,1.017629143139568
0.23500000000000013,1.4695974898852373,1.0177862229709813
0.24000000000000013,1.468526433283029,1.0174932315626204
0.24500000000000013,1.467644260120341,1.0168324430726936
0.2500000000000001,1.4669437986984255,1.0158805225622727
0.2550000000000001,1.4664180640441977,1.0147073965431903
0.2600000000000001,1.4660603428951402,1.0133754276291564
0.2650000000000001,1.465864264667521,1.0119388788809074
0.27000000000000013,1.4658238554062402,1.0104436490594755
0.27500000000000013,1.4659335723380058,1.0089272557813374
0.28000000000000014,1.4661883176573318,1.0074190398107241
0.28500000000000014,1.4665834313696646,1.005940560685388
0.29000000000000015,1.4671146642243036,1.0045061517428349
0.29500000000000015,1.4677781328539008,1.003123601507128
0.30000000000000016,1.4685702601010269,1.0017949283453367
0.30500000000000016,1.4694877041012553,1.0005172162675486
0.31000000000000016,1.4705272799902813,0.9992834816229886
0.31500000000000017,1.4716858781248012,0.9980835430882959
0.3200000000000002,1.4729603824913147,0.99690487057367
0.3250000000000002,1.474347592575915,0.9957333922969585
0.3300000000000002,1.475844151439891,0.9945542431058275
0.3350000000000002,1.4774464821482594,0.9933524409900727
0.3400000000000002,1.479150734082967,0.9921134824700396
0.3450000000000002,1.4809527400820164,0.9908238510527375
0.3500000000000002,1.4828424326385767,0.9895233680879642
0.3550000000000002,1.484824315099515,0.98811471103861
0.3600000000000002,1.486891051335332,0.9866080414474268
0.3650000000000002,1.4890360872145405,0.9850056471221671
0.3700000000000002,1.4912529789857556,0.9833075348694645
0.3750000000000002,1.4935351486746045,0.9815139174981788
0.3800000000000002,1.4958757886544727,0.9796262972672991
0.38500000000000023,1.4982678390364792,0.9776478680283458
0.39000000000000024,1.5007040007198742,0.9755835841833077
0.39500000000000024,1.5031767660494213,0.9734400649956071
0.40000000000000024,1.5056784581806875,0.971225417033551
0.40500000000000025,1.5082030784540124,0.9689281415599373
0.41000000000000025,1.5107404387400223,0.9665889300652478
0.41500000000000026,1.5132823222617002,0.964217185996051
0.42000000000000026,1.5158211977068654,0.9618205040359972
0.42500000000000027,1.5183494335133025,0.959409068883328
0.43000000000000027,1.520859521254824,0.9569940449268265
0.4350000000000003,1.523344360977425,0.9545864891342793
0.4400000000000003,1.5257967835239086,0.9521978134519153
0.4450000000000003,1.5282093515638422,0.9498398702230266
0.4500000000000003,1.530574832636133,0.9475240027610552
0.4550000000000003,1.5328864895868817,0.9452605030244887
0.4600000000000003,1.5351380207486711,0.9430586954771569
0.4650000000000003,1.537323433393998,0.9409271301587327
0.4700000000000003,1.5394369659777647,0.9388736920112929
0.4750000000000003,1.5414731399347887,0.9369055028503445
0.4800000000000003,1.5434268515179386,0.9350287786695957
0.4850000000000003,1.5452933947407037,0.9332488222694569
0.4900000000000003,1.5470684339716139,0.9315701077162439
0.49500000000000033,1.5487475212824116,0.9299971206719316
0.5000000000000003,1.550325219375505,0.9285357962427399
0.5050000000000003,1.551799934109121,0.9271853716635058
0.5100000000000003,1.5531668748020455,0.9259506662834428
0.5150000000000003,1.5544238680099463,0.9248318834719199
0.5200000000000004,1.5555712851210393,0.9238251611094919
0.5250000000000004,1.556607131194645,0.9229310817008235
0.5300000000000004,1.5575298210856425,0.9221496183308874
0.5350000000000004,1.5583381408698813,0.9214802952232035
0.5400000000000004,1.5590312368604986,0.9209222687506212
0.5450000000000004,1.5596086049669655,0.9204743893818638
0.5500000000000004,1.56007007008993,0.9201352687012054
0.5550000000000004,1.5604149238455454,0.9199047457852326
0.5600000000000004,1.5606426108647984,0.9197826315320696
0.5650000000000004,1.5607552332095544,0.9197645308666146
0.5700000000000004,1.5607550465271414,0.9198464051764602
0.5750000000000004,1.5606436155937855,0.920025898723198
0.5800000000000004,1.5604224106441773,0.9203011637775196
0.5850000000000004,1.5600930529808685,0.9206704059606735
0.5900000000000004,1.5596575794862946,0.9211314348676647
0.5950000000000004,1.559118626978489,0.9216813788544049
0.6000000000000004,1.5584791985201425,0.9223171124818056
0.6050000000000004,1.5577424127746342,0.9230356635975457
0.6100000000000004,1.55691148596804,0.923834195104787
0.6150000000000004,1.5559897934050297,0.9247098604241848
0.6200000000000004,1.5549809190789794,0.9256596936251178
0.6250000000000004,1.5538886809029118,0.9266805487665283
0.6300000000000004,1.552717124222103,0.9277690953583265
0.6350000000000005,1.551470489512199,0.9289218554557949
0.6400000000000005,1.5501531773882107,0.9301352412609377
0.6450000000000005,1.5487697259825874,0.9314055694277112
0.6500000000000005,1.547324798386453,0.9327290587762054
0.6550000000000005,1.5458231717109179,0.9341018270602247
0.6600000000000005,1.544269721229933,0.9355198975847826
0.6650000000000005,1.5426694094518996,0.9369791984711179
0.6700000000000005,1.541027290934422,0.938475537614487
0.6750000000000005,1.5393484953714396,0.9400046174244616
0.6800000000000005,1.537638210683035,0.9415620495360593
0.6850000000000005,1.5359016663917058,0.9431433694278903
0.6900000000000005,1.5341441172402572,0.9447440512315669
0.6950000000000005,1.5323708270297773,0.9463595228275729
0.7000000000000005,1.5305870533807917,0.94798518006637
0.7050000000000005,1.5287980852980951,0.9496163154452176
0.7100000000000005,1.527009221087276,0.9512481527668177
0.7150000000000005,1.5252257281530877,0.9528759088281579
0.7200000000000005,1.5234528028417629,0.9544948508114135
0.7250000000000005,1.5216953540022173,0.9561006368176668
0.7300000000000005,1.519957665318673,0.9576898236738639
0.7350000000000005,1.5182443856587147,0.9592581839422393
0.7400000000000005,1.516560351456914,0.9608010784977274
0.7450000000000006,1.5149102162134607,0.9623140887869703
0.7500000000000006,1.5132984407823888,0.9637930060450034
0.7550000000000006,1.5117293036413662,0.9652337975294847
0.7600000000000006,1.5102068728875304,0.9666326419743979
0.7650000000000006,1.5087350016959191,0.9679859263312736
0.7700000000000006,1.507317356034764,0.9692901930688355
0.7750000000000006,1.505957404891813,0.9705421536649664
0.7800000000000006,1.5046584117884274,0.9717386991799103
0.7850000000000006,1.5034234271458355,0.9728769093151747
0.7900000000000006,1.5022552814588455,0.9739540603618453
0.7950000000000006,1.5011565792594275,0.9749676322294262
0.8000000000000006,1.5001296938642554,0.9759153146467385
0.8050000000000006,1.4991767629040058,0.9767950125810391
0.8100000000000006,1.4982996846323444,0.977604850901082
0.8150000000000006,1.4975001150112064,0.9783431783005412
0.8200000000000006,1.4967794655671705,0.9790085704936579
0.8250000000000006,1.4961389020118925,0.9795998326923446
0.8300000000000006,1.4955793436178033,0.9801160013721005
0.8350000000000006,1.4951014633386546,0.9805563453325518
0.8400000000000006,1.494705688662983,0.9809203660571391
0.8450000000000006,1.4943922031871055,0.981207797375478
0.8500000000000006,1.4941609488928589,0.9814186044312705
0.8550000000000006,1.4940116291139065,0.9815529819584234
0.8600000000000007,1.4939437121730539,0.9816113518682721
0.8650000000000007,1.4939564356716244,0.9815943601515363
0.8700000000000007,1.4940488114105632,0.9815028730998483
0.8750000000000007,1.494219630921549,0.9813379728533804
0.8800000000000007,1.494467471585012,0.9811009522832184
0.8850000000000007,1.4947907033105958,0.9807933092196405
0.8900000000000007,1.4951874957542626,0.9804167400403149
0.8950000000000007,1.4956558260449322,0.9799731326355535
0.9000000000000007,1.496193486992301,0.9794645587710992
0.9050000000000007,1.4967980957462677,0.9788932658724067
0.9100000000000007,1.4974671028772715,0.9782616682579257
0.9150000000000007,1.4981978018457813,0.9775723378524457
0.9200000000000007,1.4989873388281987,0.9768279944150465
0.9250000000000007,1.4998327228655588,0.9760314953195441
0.9300000000000007,1.5007308363006389,0.9751858249284663
0.9350000000000007,1.5016784454684122,0.9742940836044884
0.9400000000000007,1.502672211604244,0.9733594764058419
0.9450000000000007,1.5037087019338018,0.9723853015144333
0.9500000000000007,1.5047844009083644,0.9713749384472579
0.9550000000000007,1.5058957215490565,0.9703318361030994
0.9600000000000007,1.5070390168635273,0.9692595006974856
0.9650000000000007,1.5082105912987143,0.9681614836393734
0.9700000000000008,1.5094067121936063,0.9670413694030933
0.9750000000000008,1.510623621196334,0.9659027634486538
0.9800000000000008,1.5118575456104741,0.964749280242644
0.9850000000000008,1.5131047096361427,0.9635845314306537
0.9900000000000008,1.5143613454722917,0.9624121142104064
0.9950000000000008,1.5156237042475702,0.9612355999526865
1.0000000000000007,1.516888066748204,0.9600585231146738
1.0050000000000006,1.5181507539125374,0.9588843704875181
1.0100000000000005,1.5194081370631838,0.9577165708169322
1.0150000000000003,1.5206566786131088,0.9565584350281567
1.0200000000000002,1.5218930039463383,0.9554130497222375
1.0250000000000001,1.523113821227958,0.9542834241765198
1.03,1.5243158605210396,0.9531725921173704
1.035,1.5254958701743684,0.9520836129812854
1.0399999999999998,1.526650677467499,0.9510194698627096
1.0449999999999997,1.5277772443650615,0.9499829837740599
1.0499999999999996,1.5288726839646947,0.9489767972000437
1.0549999999999995,1.5299342534073892,0.9480033951860896
1.0599999999999994,1.5309593421473071,0.9470651308516909
1.0649999999999993,1.5319454667565209,0.9461642375786269
1.0699999999999992,1.5328902762079613,0.9453028229412588
1.074999999999999,1.5337915630211598,0.9444828534108719
1.079999999999999,1.5346472728675062,0.9437061424605699
1.0849999999999989,1.5354555094878608,0.9429743467268458
1.0899999999999987,1.5362145364036934,0.9422889670974169
1.0949999999999986,1.5369227780598353,0.941651350092073
1.0999999999999985,1.5375788216970403,0.9410626875010377
1.1049999999999984,1.5381814196756673,0.9405240149485998
1.1099999999999983,1.5387294914391927,0.9400362108184699
1.1149999999999982,1.5392221246689075,0.9395999962480279
1.119999999999998,1.5396585756767072,0.939215936037757
1.124999999999998,1.5400382692638537,0.9388844400527815
1.129999999999998,1.540360798186625,0.9386057648773435
1.1349999999999978,1.5406259222370364,0.9383800157187068
1.1399999999999977,1.5408335668943363,0.9382071486394217
1.1449999999999976,1.5409838215216982,0.9380869731576977
1.1499999999999975,1.5410769371160251,0.9380191551977832
1.1549999999999974,1.5411133236343406,0.9380032203494871
1.1599999999999973,1.5410935459468105,0.9380385590045921
1.1649999999999971,1.5410182682136009,0.9381245159714624
1.169999999999997,1.5408883280281844,0.9382602584957085
1.174999999999997,1.5407047946282517,0.9384446830454838
1.1799999999999968,1.5404688952355634,0.9386765462199005
1.1849999999999967,1.5401819383943594,0.9389545874060478
1.1899999999999966,1.5398453016182032,0.9392775357134429
1.1949999999999965,1.539460485467887,0.9396440090038802
1.1999999999999964,1.5390291489502912,0.940052453580834
1.2049999999999963,1.5385530774361609,0.9405011993630916
1.2099999999999962,1.5380341583131645,0.9409884963231481
1.214999999999996,1.5374743700168196,0.9415125259820294
1.219999999999996,1.536875778774891,0.9420713999457828
1.2249999999999959,1.5362405361194527,0.9426631579258591
1.2299999999999958,1.5355708740785852,0.9432857701320938
1.2349999999999957,1.5348690982120416,0.9439371432776024
1.2399999999999956,1.5341375796889087,0.9446151279377709
1.2449999999999954,1.533378747302922,0.9453175257550144
1.2499999999999953,1.5325950797388401,0.946042096061656
1.2549999999999952,1.5317890980421953,0.9467865620961685
1.2599999999999951,1.5309633581545625,0.9475486171000247
1.264999999999995,1.5301204434282987,0.9483259304643583
1.269999999999995,1.5292629571081304,0.9491161539604482
1.2749999999999948,1.5283935148096137,0.9499169280172531
1.2799999999999947,1.5275147370347744,0.9507258879964995
1.2849999999999946,1.5266292417592715,0.9515406704290725
1.2899999999999945,1.5257396371167615,0.9523589191918485
1.2949999999999944,1.5248485142004695,0.9531782916128343
1.2999999999999943,1.52395843999959,0.9539964644951031
1.3049999999999942,1.5230719504873287,0.9548111400499059
1.309999999999994,1.5221915438766707,0.9556200517291744
1.314999999999994,1.5213196740585024,0.9564209699486391
1.3199999999999938,1.520458744234337,0.9572117076951637
1.3249999999999937,1.5196111007526492,0.9579901260154361
1.3299999999999936,1.5187790271539376,0.9587541393874252
1.3349999999999935,1.5179647384254276,0.9595017209804564
1.3399999999999934,1.5171703754623878,0.9602309078134699
1.3449999999999933,1.5163979997302384,0.9609398058226877
1.3499999999999932,1.5156495881211973,0.9616265948477585
1.354999999999993,1.51492702231954,0.962289542704857
1.359999999999993,1.5142320807908762,0.9629270144506383
1.3649999999999929,1.5135664419939034,0.9635374635219215
1.3699999999999928,1.5129316806914197,0.9641194355086468
1.3749999999999927,1.5123292645914534,0.9646715715474986
1.3799999999999926,1.511760551312699,0.9651926114138848
1.3849999999999925,1.511226785684661,0.9656813963300551
1.3899999999999924,1.5107290973933725,0.9661368714863703
1.3949999999999922,1.5102684989817095,0.9665580882657315
1.3999999999999921,1.5098458842107947,0.9669442061600086
1.404999999999992,1.5094620267864463,0.9672944943684064
1.409999999999992,1.5091175794523393,0.9676083330694898
1.4149999999999918,1.5088130734495884,0.96788521436042
1.4199999999999917,1.5085489183407872,0.9681247428586366
1.4249999999999916,1.5083254021951285,0.9683266359627236
1.4299999999999915,1.5081426921299832,0.9684907237705711
1.4349999999999914,1.5080008352032193,0.9686169486542509
1.4399999999999913,1.507899759649527,0.9687053644922918
1.4449999999999912,1.5078392764530757,0.9687561355613283
1.449999999999991,1.507819081247925,0.968769535090395
1.454999999999991,1.5078387565367573,0.9687459434824771
1.4599999999999909,1.5078977742176658,0.968685846209286
1.4649999999999908,1.5079954984079411,0.9685898313866049
1.4699999999999906,1.5081311885530295,0.968458587038935
1.4749999999999905,1.5083040028081114,0.9682928980635396
1.4799999999999904,1.5085130016790609,0.9680936429053338
1.4849999999999903,1.5087571519088938,0.9678617899553711
1.4899999999999902,1.50903533059522,0.9675983936869264
1.4949999999999901,1.5093463295236518,0.9673045905443626
1.49999999999999,1.5096888597016311,0.9669815946010646
1.50499999999999,1.510061556076683,0.9666306930037348
1.5099999999999898,1.5104629824227112,0.9662532412212568
1.5149999999999897,1.5108916363776275,0.9658506581171324
1.5199999999999896,1.5113459546153156,0.9654244208651827
1.5249999999999895,1.5118243181347302,0.9649760597287684
1.5299999999999894,1.5123250576487601,0.9645071527242317
1.5349999999999893,1.512846459055403,0.9640193201895689
1.5399999999999892,1.5133867689737495,0.9635142192795421
1.544999999999989,1.513944200327307,0.9629935384084922
1.549999999999989,1.5145169379572698,0.9624589916620612
1.5549999999999888,1.5151031442484832,0.9619123131988427
1.5599999999999887,1.5157009647510464,0.961355251662683
1.5649999999999886,1.5163085337807476,0.960789564625939
1.5699999999999885,1.5169239799818286,0.9602170130834816
1.5749999999999884,1.5175454318359336,0.9596393560166111
1.5799999999999883,1.5181710231014982,0.959058345045343
1.5849999999999882,1.5187989009749077,0.9584757146486342
1.589999999999988,1.5194272484793792,0.9578931496951323
1.594999999999988,1.5200542780315909,0.9573123017289267
1.5999999999999879,1.5206782277715551,0.9567347986074324
1.6049999999999878,1.5212973597417765,0.9561622500061439
1.6099999999999877,1.5219099614986331,0.9555962467112157
1.6149999999999876,1.5225143524118108,0.9550383521705235
1.6199999999999875,1.5231088925497998,0.9544900902542748
1.6249999999999873,1.5236919909902922,0.9539529345217616
1.6299999999999872,1.524262111806755,0.9534283016023293
1.6349999999999871,1.5248177777753555,0.9529175482642269
1.639999999999987,1.525357572707023,0.9524219704571231
1.644999999999987,1.5258801433599063,0.9519428026981941
1.6499999999999868,1.5263842015725932,0.951481216802813
1.6549999999999867,1.5268685268276898,0.9510383197129406
1.6599999999999866,1.5273319690847753,0.9506151507718612
1.6649999999999865,1.527773451556917,0.9502126790182257
1.6699999999999864,1.5281919731627898,0.9498318009295994
1.6749999999999863,1.5285866105523036,0.9494733387478664
1.6799999999999862,1.528956519744197,0.9491380392886644
1.684999999999986,1.5293009374673874,0.9488265730645337
1.689999999999986,1.5296191822777752,0.9485395335999335
1.6949999999999859,1.5299106554749107,0.9482774369018668
1.6999999999999857,1.5301748418070187,0.9480407211090707
1.7049999999999856,1.5304113099421177,0.9478297463568605
1.7099999999999855,1.5306197126907135,0.9476447948787163
1.7149999999999854,1.5307997869783796,0.9474860713435315
1.7199999999999853,1.5309513535751118,0.9473537034142157
1.7249999999999852,1.531074316590591,0.9472477425113159
1.729999999999985,1.5311686627429413,0.9471681647693674
1.734999999999985,1.531234460406467,0.9471148721781358
1.739999999999985,1.531271858442942,0.9470876939029921
1.7449999999999848,1.531281084821433,0.9470863877785066
1.7499999999999847,1.5312624450326213,0.9471106419682636
1.7549999999999846,1.5312163203045486,0.9471600767829881
1.7599999999999845,1.5311431656273653,0.9472342466487202
1.7649999999999844,1.5310435075950397,0.9473326422168422
1.7699999999999843,1.5309179420722654,0.9474546926079712
1.7749999999999841,1.530767131695078,0.9475997677818943
1.779999999999984,1.5305918032139916,0.9477671810257885
1.784999999999984,1.5303927446887824,0.9479561915529771
1.7899999999999838,1.5301708025443492,0.9481660072044631
1.7949999999999837,1.5299268784973532,0.9483957872454878
1.7999999999999836,1.5296619263635716,0.9486446452493742
1.8049999999999835,1.5293769487561133,0.9489116520609392
1.8099999999999834,1.5290729936848124,0.9491958388317786
1.8149999999999833,1.528751151067268,0.949496200119741
1.8199999999999832,1.528412549162128,0.9498116970449144
1.824999999999983,1.5280583509353065,0.9501412604944497
1.829999999999983,1.5276897503698925,0.9504837943685464
1.8349999999999829,1.5273079687305513,0.9508381788599221
1.8399999999999828,1.5269142507932307,0.9512032737590885
1.8449999999999827,1.5265098610509595,0.9515779217777544
1.8499999999999825,1.5260960799064835,0.9519609518826814
1.8549999999999824,1.5256741998624048,0.9523511826323295
1.8599999999999823,1.5252455217193763,0.9527474255086404
1.8649999999999822,1.524811350792776,0.9531484882363344
1.8699999999999821,1.5243729931581087,0.9535531780821291
1.874999999999982,1.523931751935192,0.9539603051263349
1.879999999999982,1.5234889236209623,0.9543686854993325
1.8849999999999818,1.5230457944804836,0.9547771445755148
1.8899999999999817,1.5226036370054707,0.9551845201173448
1.8949999999999816,1.5221637064493438,0.955589665362277
1.8999999999999815,1.5217272374475186,0.9559914520453843
1.9049999999999814,1.5212954407313084,0.9563887733506333
1.9099999999999813,1.5208694999434766,0.956780546783859
1.9149999999999812,1.5204505685631342,0.9571657169605903
1.919999999999981,1.5200397669473293,0.9575432583019815
1.924999999999981,1.519638179496337,0.9579121776321962
1.9299999999999808,1.5192468519493159,0.9582715166706794
1.9349999999999807,1.5188667888166694,0.9586203544128379
1.9399999999999806,1.5184989509551245,0.9589578093927281
1.9449999999999805,1.5181442532912246,0.9592830418214496
1.9499999999999804,1.5178035626986028,0.9595952555950465
1.9549999999999803,1.5174776960340814,0.9598937001658724
1.9599999999999802,1.5171674183372765,0.9601776722715709
1.96499999999998,1.5168734411980092,0.960446517516097
1.96999999999998,1.5165964212953904,0.9606996317975597
1.9749999999999799,1.5163369584550475,0.9609364636386963
1.9799999999999798,1.5160955931951459,0.961156517377138
1.9849999999999797,1.5158728074185899,0.9613593512408746
1.9899999999999796,1.5156690238145214,0.9615445779107248
1.9949999999999795,1.515484605333743,0.9617118650840611
1.9999999999999793,1.5153198548362155,0.961860935874156
2.0049999999999795,1.5151750149108147,0.96199156905061
2.0099999999999794,1.5150502678681743,0.9621035991207708
2.0149999999999793,1.5149457359065903,0.9621969162511488
2.019999999999979,1.5148614814499801,0.9622714660282254
2.024999999999979,1.5147975076559166,0.9623272490588918
2.029999999999979,1.5147537590909006,0.9623643204116756
2.034999999999979,1.5147301225692877,0.9623827889007763
2.0399999999999787,1.51472642815165,0.9623828162156884
2.0449999999999786,1.5147424502978093,0.962364615899863
2.0499999999999785,1.5147779091693097,0.9623284521824425
2.0549999999999784,1.5148324720756734,0.9622746386676441
2.0599999999999783,1.5149057550584242,0.9622035368868563
2.064999999999978,1.5149973246065138,0.962115554718976
2.069999999999978,1.5151066994964857,0.9620111446849531
2.074999999999978,1.5152333527504247,0.9618908021229264
2.079999999999978,1.5153767137044845,0.9617550632507289
2.0849999999999778,1.515536170180542,0.9616045031229106
2.0899999999999777,1.5157110707533277,0.9614397334897766
2.0949999999999775,1.5159007271051739,0.9612614005662494
2.0999999999999774,1.5161044164603814,0.9610701827186501
2.1049999999999773,1.516321384091042,0.9608667880777425
2.1099999999999772,1.5165508458860595,0.9606519520865975
2.114999999999977,1.5167919909750154,0.9604264349920009
2.119999999999977,1.5170439843984662,0.9601910192882678
2.124999999999977,1.5173059698162263,0.9599465071224115
2.129999999999977,1.517577072245182,0.9596937176696634
2.1349999999999767,1.5178564013496867,0.9594334836294834
2.1399999999999766,1.5181430570088474,0.9591666441209773
2.1449999999999765,1.5184361304268272,0.9588940451435042
2.1499999999999764,1.5187347062313687,0.9586165381150573
2.1549999999999763,1.519037864733375,0.958334978057016
2.159999999999976,1.5193446841455704,0.9580502217891728
2.164999999999976,1.519654242880757,0.9577631259350734
2.169999999999976,1.5199656220003053,0.9574745446352516
2.174999999999976,1.5202779078148372,0.9571853269838996
2.1799999999999757,1.5205901945785105,0.9568963142997706
2.1849999999999756,1.520901587188964,0.9566083373807022
2.1899999999999755,1.5212112038107968,0.9563222138715435
2.1949999999999754,1.5215181783690368,0.9560387458216838
2.1999999999999753,1.5218216628929269,0.9557587174507852
2.204999999999975,1.5221208297166777,0.9554828930999198
2.209999999999975,1.5224148735573975,0.9552120153267707
2.214999999999975,1.5227030134919575,0.9549468031048852
2.219999999999975,1.5229844948479452,0.9546879501006402
2.2249999999999748,1.5232585910139456,0.9544361230192141
2.2299999999999747,1.523524605165404,0.954191960025625
2.2349999999999746,1.523781871896887,0.9539560692550142
2.2399999999999745,1.524029758750247,0.9537290274274333
2.2449999999999743,1.5242676676300044,0.9535113785786176
2.2499999999999742,1.5244950361004215,0.953303632912681
2.254999999999974,1.5247113385616922,0.9531062657779072
2.259999999999974,1.524916087304576,0.9529197167640692
2.264999999999974,1.5251088334435343,0.9527443889189595
2.269999999999974,1.5252891677284077,0.9525806480822795
2.2749999999999737,1.5254567212343613,0.9524288223358467
2.2799999999999736,1.52561116592965,0.9522892015696057
2.2849999999999735,1.525752215120844,0.9521620371629769
2.2899999999999734,1.5258796237754806,0.9520475417807259
2.2949999999999733,1.5259931887225728,0.9519458892820128
2.299999999999973,1.5260927487318718,0.9518572147407695
2.304999999999973,1.5261781844731968,0.9517816145751582
2.309999999999973,1.5262494183574882,0.9517191467835977
2.314999999999973,1.5263064142615461,0.9516698312846512
2.3199999999999728,1.5263491771386748,0.9516336503579308
2.3249999999999726,1.5263777525177271,0.9516105491830233
2.3299999999999725,1.526392225893304,0.9516004364732966
2.3349999999999724,1.5263927220101268,0.9516031852012914
2.3399999999999723,1.526379404044858,0.9516186334122577
2.344999999999972,1.526352472688893,0.9516465851222596
2.349999999999972,1.5263121651358698,0.9516868112971493
2.354999999999972,1.5262587539778651,0.9517390509086057
2.359999999999972,1.5261925460144474,0.9518030120633346
2.364999999999972,1.5261138809789394,0.9518783732014389
2.3699999999999717,1.5260231301864247,0.9519647843598877
2.3749999999999716,1.5259206951081874,0.95206186849694
2.3799999999999715,1.5258070058774247,0.9521692228733102
2.3849999999999714,1.5256825197312018,0.9522864204858064
2.3899999999999713,1.5255477193937397,0.9524130115491145
2.394999999999971,1.5254031114062245,0.9525485250213586
2.399999999999971,1.525249224408424,0.9526924701690266
2.404999999999971,1.525086607377456,0.9528443381668189
2.409999999999971,1.52491582782913,0.9530036037279492
2.4149999999999707,1.5247374699873057,0.9531697267604096
2.4199999999999706,1.524552132926761,0.9533421540446976
2.4249999999999705,1.5243604286950567,0.9535203209284994
2.4299999999999704,1.5241629804188965,0.9537036530338229
2.4349999999999703,1.5239604204004584,0.9538915679720843
2.43999999999997,1.5237533882091414,0.9540834770626695
2.44499999999997,1.5235425287741347,0.9542787870505115
2.44999999999997,1.523328490483142,0.9544769018182627
2.45499999999997,1.5231119232925394,0.9546772240886747
2.4599999999999698,1.522893476854144,0.9548791571128489
2.4649999999999697,1.5226737986636778,0.9550821063400737
2.4699999999999696,1.522453532235903,0.9552854810650326
2.4749999999999694,1.5222333153112722,0.9554886960482315
2.4799999999999693,1.5220137780988139,0.9556911731055803
2.4849999999999692,1.5217955415598179,0.9558923426631472
2.489999999999969,1.5215792157367345,0.9560916452732026
2.494999999999969,1.5213653981315336,0.9562885330877727
2.499999999999969,1.5211546721375961,0.956482471286039
2.504999999999969,1.5209476055290216,0.9566729394520366
2.5099999999999687,1.520744749011047,0.956859432899241
2.5149999999999686,1.5205466348350696,0.9570414639387683
2.5199999999999685,1.520353775481558,0.9572185630880633
2.5249999999999684,1.520166662413921,0.9573902802171075
2.5299999999999683,1.5199857649061792,0.9575561856293475
2.534999999999968,1.5198115289470622,0.9577158710747156
2.539999999999968,1.5196443762229117,0.9578689506923043
2.544999999999968,1.519484703181543,0.9580150618804469
2.549999999999968,1.5193328801789598,0.9581538660921595
2.5549999999999677,1.5191892507105864,0.958285049554109
2.5599999999999676,1.5190541307284127,0.9584083239074933
2.5649999999999675,1.5189278080452109,0.958523426769439
2.5699999999999674,1.5188105418267137,0.9586301222137585
2.5749999999999673,1.5187025621723926,0.9587282011701441
2.579999999999967,1.5186040697852197,0.9588174817411168
2.584999999999967,1.518515235730533,0.9588978094362973
2.589999999999967,1.5184362012838706,0.9589690573238159
2.594999999999967,1.5183670778673808,0.9590311260989332
2.599999999999967,1.51830794707416,0.9590839440702047
2.6049999999999667,1.5182588607796086,0.9591274670637843
2.6099999999999666,1.5182198413386436,0.9591616782467324
2.6149999999999665,1.5181908818673415,0.9591865878704715
2.6199999999999664,1.5181719466073331,0.9592022329358101
2.6249999999999662,1.5181629713709988,0.95920867678125
2.629999999999966,1.5181638640652622,0.9592060085965817
2.634999999999966,1.5181745052915052,0.959194342864072
2.639999999999966,1.5181947490188696,0.9591738187298476
2.644999999999966,1.5182244233279525,0.9591445993083656
2.6499999999999657,1.5182633312216525,0.9591068709231442
2.6549999999999656,1.5183112514996928,0.9590608422871787
2.6599999999999655,1.5183679396931395,0.9590067436266885
2.6649999999999654,1.5184331290550523,0.9589448257520164
2.6699999999999653,1.5185065316032722,0.9588753590796263
2.674999999999965,1.5185878392112473,0.9587986326092008
2.679999999999965,1.5186767247427584,0.9587149528598511
2.684999999999965,1.5187728432263956,0.9586246427693875
2.689999999999965,1.5188758330656735,0.9585280405605136
2.6949999999999648,1.5189853172807415,0.9584254985776731
2.6999999999999647,1.5191009047777193,0.9583173820981621
2.7049999999999645,1.5192221916417752,0.9582040681210018
2.7099999999999644,1.5193487624501296,0.9580859441369959
2.7149999999999643,1.5194801916012244,0.9579634068833691
2.7199999999999642,1.5196160446563078,0.9578368610864028
2.724999999999964,1.5197558796897035,0.9577067181955442
2.729999999999964,1.5198992486439955,0.9575733951125635
2.734999999999964,1.5200456986863515,0.9574373129194179
2.739999999999964,1.5201947735621817,0.9572988956085773
2.7449999999999637,1.5203460149423258,0.95715856881961
2.7499999999999636,1.5204989637599882,0.9570167585858447
2.7549999999999635,1.52065316153368,0.956873890094884
2.7599999999999634,1.5208081516725158,0.9567303864666719
2.7649999999999633,1.520963480760293,0.9565866675526984
2.769999999999963,1.5211186998149187,0.9564431487597885
2.774999999999963,1.5212733655198603,0.9563002399017642
2.779999999999963,1.521427041424443,0.9561583440821073
2.784999999999963,1.5215792991099546,0.9560178566105838
2.7899999999999627,1.5217297193186552,0.9558791639566235
2.7949999999999626,1.5218778930429424,0.9557426427420875
2.7999999999999625,1.5220234225720632,0.9556086587758825
2.8049999999999624,1.5221659224939168,0.9554775661327152
2.8099999999999623,1.5223050206496493,0.9553497062781022
2.814999999999962,1.5224403590389008,0.9552254072415738
2.819999999999962,1.522571594673732,0.955104982839824
2.824999999999962,1.522698400379426,0.9549887319513749
2.829999999999962,1.5228204655405368,0.9548769378441322
2.8349999999999618,1.522937496790731,0.9547698675570246
2.8399999999999617,1.5230492186451445,0.9546677713367269
2.8449999999999616,1.5231553740741655,0.9545708821302834
2.8499999999999615,1.523255725017718,0.9544794151342672
2.8549999999999613,1.523350052839319,0.9543935674009265
2.8599999999999612,1.5234381587193468,0.9543135175015963
2.864999999999961,1.5235198639871481,0.9542394252474794
2.869999999999961,1.5235950103917775,0.9541714314677348
2.874999999999961,1.5236634603113506,0.9541096578446461
2.879999999999961,1.523725096901158,0.9540542068054878
2.8849999999999607,1.5237798241808573,0.9540051614705498
2.8899999999999606,1.5238275670612345,0.9539625856566384
2.8949999999999605,1.5238682713111817,0.9539265239352266
2.8999999999999604,1.523901903465707,0.9538970017442945
2.9049999999999603,1.5239284506759383,0.9538740255527676
2.90999999999996,1.5239479205022426,0.9538575830763402
2.91499999999996,1.5239603406517235,0.9538476435433517
2.91999999999996,1.5239657586615014,0.9538441580092742
2.92499999999996,1.5239642415293142,0.9538470597182618
2.9299999999999597,1.5239558752931095,0.9538562645101164
2.9349999999999596,1.5239407645614182,0.9538716712709294
2.9399999999999595,1.523919031996417,0.9538931624255714
2.9449999999999594,1.5238908177516965,0.9539206044701243
2.9499999999999593,1.523856278866858,0.9539538485422702
2.954999999999959,1.523815588621151,0.9539927310275891
2.959999999999959,1.5237689358484612,0.9540370741996463
2.964999999999959,1.5237165242160284,0.9540866868917011
2.969999999999959,1.5236585714693625,0.9541413651978101
2.974999999999959,1.5235953086458751,0.9542008932010599
2.9799999999999587,1.5235269792598183,0.954265043726616
2.9849999999999586,1.5234538384611602,0.954333579117247
2.9899999999999585,1.5233761521710818,0.9544062520289525
2.9949999999999584,1.5232941961968027,0.9544828062442975
2.9999999999999583,1.5232082553284796,0.9545629775010451
3.004999999999958,1.5231186224209394,0.9546464943336586
3.009999999999958,1.5230255974630165,0.9547330789252463
3.014999999999958,1.5229294866372711,0.9548224479675169
3.019999999999958,1.522830601372864,0.9549143135263188
3.0249999999999577,1.5227292573943474,0.9550083839103451
3.0299999999999576,1.522625773769113,0.955104364540606
3.0349999999999575,1.5225204719562215,0.9552019588182861
3.0399999999999574,1.5224136748592902,0.9553008689886332
3.0449999999999573,1.522305705886087,0.9554007969985543
3.049999999999957,1.5221968880174275,0.955501445345632
3.054999999999957,1.5220875428879213,0.9556025179163176
3.059999999999957,1.5219779898810442,0.9557037208111001
3.064999999999957,1.5218685452409637,0.955804763154506
3.0699999999999568,1.521759521203455,0.9559053578878389
3.0749999999999567,1.5216512251481773,0.9560052225426299
3.0799999999999566,1.5215439587744977,0.9561040799928364
3.0849999999999564,1.5214380173029511,0.9562016591838988
3.0899999999999563,1.5213336887043418,0.9562976958368375
3.0949999999999562,1.5212312529583873,0.9563919331256572
3.099999999999956,1.5211309813437042,0.9564841223264028
3.104999999999956,1.5210331357608273,0.9565740234363104
3.109999999999956,1.520937968089847,0.956661405761577
3.114999999999956,1.520845719584124,0.9567460484723802
3.1199999999999557,1.52075662030144,0.9568277411238731
3.1249999999999556,1.5206708885738032,0.9569062841419855
3.1299999999999555,1.52058873051702,0.9569814892729689
3.1349999999999554,1.5205103395810096,0.9570531799957336
3.1399999999999553,1.5204358961417133,0.9571211918961395
3.144999999999955,1.5203655671353224,0.9571853730025157
3.149999999999955,1.5202995057354176,0.9572455840818029
3.154999999999955,1.5202378510734784,0.9573016988958326
3.159999999999955,1.520180728003099,0.9573536044173765
3.1649999999999547,1.520128246908103,0.9574012010057223
3.1699999999999546,1.5200805035546268,0.9574444025416552
3.1749999999999545,1.5200375789871106,0.9574831365218454
3.1799999999999544,1.519999539467999,0.957517344112769
3.1849999999999543,1.519966436460835,0.9575469801644071
3.189999999999954,1.5199383066562988,0.9575720131840912
3.194999999999954,1.5199151720406197,0.9575924252709852
3.199999999999954,1.519897040005671,0.957608212011805
3.204999999999954,1.5198839034999394,0.9576193823384993
3.209999999999954,1.519875741219443,0.9576259583487196
3.2149999999999537,1.5198725178375692,0.9576279750900195
3.2199999999999536,1.5198741842726908,0.9576254803088259
3.2249999999999535,1.5198806779923264,0.9576185341653204
3.2299999999999534,1.5198919233525072,0.9576072089154672
3.2349999999999532,1.5199078319709343,0.9575915885615061
3.239999999999953,1.5199283031324176,0.9575717684723151
3.244999999999953,1.5199532242250167,0.9575478549751212
3.249999999999953,1.519982471205233,0.9575199649201045
3.254999999999953,1.520015909090535,0.9574882252195073
3.2599999999999527,1.5200533924774482,0.957452772362912
3.2649999999999526,1.520094766083385,0.957413751910405
3.2699999999999525,1.5201398653103468,0.9573713179653816
3.2749999999999524,1.5201885168285978,0.9573256326287911
3.2799999999999523,1.5202405391783724,0.9572768654366463
3.284999999999952,1.520295743387658,0.9572251927826483
3.289999999999952,1.5203539336040723,0.957170797327801
3.294999999999952,1.5204149077388451,0.9571138673988986
3.299999999999952,1.5204784581209032,0.957054596377782
3.3049999999999518,1.5205443721590561,0.9569931820832621
3.3099999999999516,1.520612433010286,0.9569298261476066
3.3149999999999515,1.5206824202521494,0.95686473338948
3.3199999999999514,1.520754110557318,0.956798111185215
3.3249999999999513,1.5208272783682995,0.9567301688402737
3.329999999999951,1.5209016965704054,0.9566611169627386
3.334999999999951,1.5209771371610668,0.9565911668406376
3.339999999999951,1.5210533719136228,0.9565205298248856
3.344999999999951,1.5211301730337567,0.9564494167195716
3.349999999999951,1.5212073138067923,0.9563780371812926
3.3549999999999507,1.521284569234108,0.9563065991291726
3.3599999999999506,1.5213617166569888,0.9562353081671638
3.3649999999999505,1.521438536366284,0.9561643670201612
3.3699999999999504,1.5215148121962994,0.956093974985404
3.3749999999999503,1.5215903321014244,0.9560243274005727
3.37999999999995,1.5216648887140536,0.9559556151299169
3.38499999999995,1.5217382798824388,0.9558880240696837
3.38999999999995,1.5218103091871784,0.9558217346740341
3.39499999999995,1.5218807864351291,0.9557569215025629
3.3999999999999497,1.521949528129607,0.955693752790453
3.4049999999999496,1.5220163579158172,0.9556323900422187
3.4099999999999495,1.5220811070005484,0.9555729876499016
3.4149999999999494,1.5221436145452394,0.9555156925365075
3.4199999999999493,1.5222037280316243,0.9554606438253762
3.424999999999949,1.5222613035992392,0.9554079725361011
3.429999999999949,1.522316206354171,0.9553578013075192
3.434999999999949,1.5223683106485137,0.9553102441482126
3.439999999999949,1.522417500330086,0.9552654062148722
3.4449999999999488,1.522463668962059,0.9552233836187904
3.4499999999999487,1.522506720012227,0.9551842632606629
3.4549999999999486,1.522546567011748,0.9551481226937981
3.4599999999999485,1.5225831336832647,0.9551150300157495
3.4649999999999483,1.5226163540384101,0.9550850437883007
3.4699999999999482,1.5226461724447833,0.9550582129856605
3.474999999999948,1.5226725436625714,0.9550345769706415
3.479999999999948,1.5226954328510716,0.9550141654985245
3.484999999999948,1.5227148155454557,0.9549969987482322
3.489999999999948,1.5227306776041956,0.954983087380372
3.4949999999999477,1.5227430151276462,0.9549724326216295
3.4999999999999476,1.5227518343483617,0.9549650263749377
3.5049999999999475,1.5227571514937883,0.9549608513547769
3.5099999999999474,1.522758992622053,0.9549598812469016
3.5149999999999473,1.5227573934316314,0.9549620808917337
3.519999999999947,1.5227523990457437,0.9549674064906072
3.524999999999947,1.5227440637723895,0.954975805833993
3.529999999999947,1.5227324508409903,0.9549872185507927
3.534999999999947,1.5227176321166624,0.955001576377734
3.5399999999999467,1.5226996877931955,0.9550188034478676
3.5449999999999466,1.5226787060658584,0.9550388165971214
3.5499999999999465,1.5226547827851993,0.9550615256878308
3.5549999999999464,1.5226280210930458,0.9550868339481368
3.5599999999999463,1.5225985310419492,0.9551146383261093
3.564999999999946,1.5225664291993455,0.9551448298574301
3.569999999999946,1.5225318382377409,0.9551772940454452
3.574999999999946,1.522494886512246,0.9552119112523797
3.579999999999946,1.5224557076268133,0.9552485571004904
3.584999999999946,1.5224144399905344,0.9552871028819189
3.5899999999999457,1.522371226365388,0.9553274159760007
3.5949999999999456,1.522326213406813,0.9553693602727771
3.5999999999999455,1.5222795511985066,0.9554127966014561
3.6049999999999454,1.522231392782835,0.9554575831625677
3.6099999999999453,1.5221818936882496,0.9555035759625642
3.614999999999945,1.5221312114550847,0.9555506292496211
3.619999999999945,1.5220795051611142,0.9555985959494062
3.624999999999945,1.5220269349482205,0.9556473280995966
3.629999999999945,1.521973661551511,0.9556966772819395
3.6349999999999447,1.521919845832205,0.9557464950506717
3.6399999999999446,1.5218656483155772,0.955796633356136
3.6449999999999445,1.52181122873522,0.9558469449624566
3.6499999999999444,1.5217567455848582,0.9558972838581627
3.6549999999999443,1.5217023556789089,0.9559475056586819
3.659999999999944,1.5216482137229448,0.9559974679996556
3.664999999999944,1.5215944718951775,0.9560470309200667
3.669999999999944,1.5215412794400318,0.9560960572342075
3.674999999999944,1.5214887822748397,0.9561444128915524
3.6799999999999438,1.5214371226106311,0.9561919673236489
3.6849999999999437,1.521386438587944,0.9562385937771798
3.6899999999999435,1.5213368639285345,0.9562841696324004
3.6949999999999434,1.5212885276037973,0.9563285767061986
3.6999999999999433,1.5212415535206643,0.9563717015390811
3.7049999999999432,1.5211960602256778,0.9564134356654371
3.709999999999943,1.5211521606278875,0.9564536758664878
3.714999999999943,1.5211099617411465,0.9564923244053806
3.719999999999943,1.52106956444633,0.9565292892439479
3.724999999999943,1.5210310632739288,0.9565644842407028
3.7299999999999427,1.5209945462074133,0.956597829329706
3.7349999999999426,1.520960094507691,0.9566292506799929
3.7399999999999425,1.5209277825589265,0.9566586808353121
3.7449999999999424,1.5208976777359136,0.9566860588339842
3.7499999999999423,1.520869840293141,0.9567113303087497
3.754999999999942,1.5208443232756164,0.9567344475665341
3.759999999999942,1.5208211724514513,0.9567553696481192
3.764999999999942,1.520800426266155,0.9567740623677636
3.769999999999942,1.5207821158185093,0.9567904983328811
3.7749999999999417,1.5207662648578473,0.9568046569439357
3.7799999999999416,1.5207528898024893,0.9568165243747733
3.7849999999999415,1.5207419997790381,0.9568260935336631
3.7899999999999414,1.5207335966821716,0.9568333640053766
3.7949999999999413,1.5207276752545211,0.956838341974683
3.799999999999941,1.5207242231861662,0.9568410401316939
3.804999999999941,1.5207232212332267,0.9568414775595352
3.809999999999941,1.5207246433549841,0.9568396796048725
3.814999999999941,1.5207284568689137,0.9568356777318634
3.8199999999999408,1.5207346226229699,0.9568295093601484
3.8249999999999407,1.5207430951844194,0.9568212176875364
3.8299999999999406,1.520753823044482,0.9568108514980755
3.8349999999999405,1.520766748837995,0.9567984649562382
3.8399999999999403,1.520781809577296,0.9567841173879786
3.8449999999999402,1.52079893689947,0.9567678730494531
3.84999999999994,1.5208180573260948,0.9567498008842205
3.85499999999994,1.5208390925345825,0.9567299742697647
3.85999999999994,1.5208619596401995,0.9567084707542004
3.86499999999994,1.5208865714878206,0.9566853717840448
3.8699999999999397,1.520912836952464,0.9566607624239525
3.8749999999999396,1.5209406612476373,0.9566347310693236
3.8799999999999395,1.5209699462405093,0.9566073691527051
3.8849999999999394,1.5210005907729254,0.9565787708449126
3.8899999999999393,1.521032490987271,0.9565490327518051
3.894999999999939,1.521065540656188,0.9565182536076442
3.899999999999939,1.521099631515153,0.9564865339659706
3.904999999999939,1.5211346535969292,0.9564539758889251
3.909999999999939,1.5211704955669059,0.9564206826359342
3.9149999999999388,1.5212070450583586,0.9563867583526718
3.9199999999999386,1.5212441890066652,0.9563523077611968
3.9249999999999385,1.5212818139815356,0.956317435852148
3.9299999999999384,1.5213198065163247,0.9562822475798685
3.9349999999999383,1.5213580534335223,0.956246847561302
3.939999999999938,1.5213964421655335,0.9562113397794915
3.944999999999938,1.5214348610698856,0.9561758272924792
3.949999999999938,1.5214731997380306,0.956140411948386
3.954999999999938,1.5215113492969305,0.9561051941074176
3.959999999999938,1.521549202702656,0.9560702723715155
3.9649999999999377,1.5215866550252488,0.956035743322341
3.9699999999999376,1.5216236037241402,0.9560017012682431
3.9749999999999375,1.5216599489134526,0.9559682380008327
3.9799999999999374,1.521695593616544,0.9559354425617432
3.9849999999999373,1.5217304440091988,0.9559034010201249
3.989999999999937,1.521764409650905,0.9558721962613795
3.994999999999937,1.5217974037036999,0.9558419077876038
3.999999999999937,1.5218293431381056,0.95581261153017
4.004999999999937,1.5218601489257249,0.9557843796748309
4.009999999999937,1.5218897462181014,0.9557572804996939
4.014999999999937,1.5219180645115,0.955731378226371
4.0199999999999365,1.5219450377973063,0.9557067328845645
4.024999999999936,1.5219706046977814,0.9556834001903104
4.029999999999936,1.5219947085869678,0.9556614314380564
4.034999999999936,1.5220172976965685,0.9556408734067114
4.039999999999936,1.5220383252066834,0.9556217682797599
4.044999999999936,1.5220577493213194,0.9556041535794941
4.049999999999936,1.5220755333286426,0.955588062115376
4.054999999999936,1.5220916456459794,0.9555735219465002
4.059999999999936,1.5221060598496208,0.9555605563580895
4.0649999999999356,1.5221187546895236,0.9555491838519135
4.0699999999999354,1.5221297140890475,0.9555394181504887
4.074999999999935,1.5221389271299037,0.9555312682148736
4.079999999999935,1.5221463880225343,0.9555247382758412
4.084999999999935,1.522152096062179,0.9555198278781757
4.089999999999935,1.522156055570923,0.9555165319378037
4.094999999999935,1.5221582758260577,0.9555148408114427
4.099999999999935,1.5221587709751194,0.955514740378412
4.104999999999935,1.5221575599380053,0.955516212134229
4.109999999999935,1.5221546662965981,0.9555192332955774
4.1149999999999345,1.5221501181723633,0.9555237769162137
4.119999999999934,1.5221439480924053,0.9555298120133502
4.124999999999934,1.5221361928445043,0.9555373037040289
4.129999999999934,1.5221268933216763,0.9555462133509807
4.134999999999934,1.522116094356819,0.9555564987174406
4.139999999999934,1.5221038445480377,0.9555681141303745
4.144999999999934,1.5220901960752535,0.9555810106515551
4.149999999999934,1.522075204508722,0.9555951362559088
4.154999999999934,1.5220589286101043,0.955610436016541
4.1599999999999335,1.522041430126742,0.9556268522958404
4.164999999999933,1.5220227735798078,0.9556443249420452
4.169999999999933,1.5220030260470034,0.955662791490655
4.174999999999933,1.5219822569404915,0.9556821873700594
4.179999999999933,1.5219605377807526,0.9557024461107508
4.184999999999933,1.5219379419670565,0.9557234995574914
4.189999999999933,1.5219145445452478,0.9557452780837942
4.194999999999933,1.5218904219735387,0.9557677108080895
4.199999999999933,1.5218656518869997,0.9557907258109404
4.204999999999933,1.5218403128614395,0.9558142503526823
4.2099999999999325,1.5218144841773562,0.9558382110908654
4.214999999999932,1.5217882455846303,0.9558625342968845
4.219999999999932,1.52176167706863,0.9558871460711921
4.224999999999932,1.521734858618375,0.9559119725565006
4.229999999999932,1.5217078699974027,0.9559369401483919
4.234999999999932,1.521680790517962,0.9559619757027642
4.239999999999932,1.5216536988191351,0.9559870067395659
4.244999999999932,1.5216266726494891,0.9560119616422771
4.249999999999932,1.521599788654814,0.9560367698526201
4.2549999999999315,1.5215731221715079,0.9560613620600011
4.259999999999931,1.5215467470261257,0.9560856703852008
4.264999999999931,1.5215207353416034,0.9561096285578571
4.269999999999931,1.5214951573506283,0.9561331720873051
4.274999999999931,1.521470081216611,0.9561562384263589
4.279999999999931,1.521445572862685,0.9561787671276513
4.284999999999931,1.5214216958091276,0.9562006999921668
4.289999999999931,1.5213985110195738,0.956221981209632
4.294999999999931,1.521376076756361,0.956242557490453
4.2999999999999305,1.5213544484453139,0.956262378188919
4.30499999999993,1.521333678550244,0.9562813954174174
4.30999999999993,1.5213138164574207,0.9562995641514331
4.31499999999993,1.5212949083702159,0.9563168423251374
4.31999999999993,1.5212769972141178,0.9563331909173962
4.32499999999993,1.5212601225522588,0.9563485740280615
4.32999999999993,1.5212443205115809,0.9563629589444336
4.33499999999993,1.5212296237197236,0.9563763161978172
4.33999999999993,1.5212160612526924,0.9563886196101193
4.34499999999993,1.5212036585933317,0.9563998463304687
4.3499999999999295,1.5211924376005932,0.9564099768618635
4.354999999999929,1.521182416489564,0.9564189950778845
4.359999999999929,1.5211736098221835,0.9564268882295396
4.364999999999929,1.5211660285085515,0.9564336469423299
4.369999999999929,1.5211596798186982,0.9564392652036596
4.374999999999929,1.5211545674046587,0.9564437403407358
4.379999999999929,1.5211506913326711,0.9564470729891287
4.384999999999929,1.5211480481252786,0.956449267052194
4.389999999999929,1.5211466308131074,0.9564503296515752
4.3949999999999285,1.521146428996048,0.9564502710690338
4.399999999999928,1.5211474289135583,0.9564491046798751
4.404999999999928,1.5211496135237794,0.9564468468782571
4.409999999999928,1.5211529625911275,0.9564435169946941
4.414999999999928,1.5211574527820135,0.9564391372060824
4.419999999999928,1.521163057768318,0.9564337324385945
4.424999999999928,1.5211697483382327,0.9564273302638071
4.429999999999928,1.5211774925140618,0.9564199607884387
4.434999999999928,1.5211862556765599,0.9564116565380933
4.439999999999928,1.5211960006953793,0.956402452335413
4.4449999999999275,1.521206688065169,0.9563923851730582
4.449999999999927,1.5212182760468749,0.9563814940819447
4.454999999999927,1.5212307208137714,0.9563698199951707
4.459999999999927,1.5212439766017487,0.9563574056080797
4.464999999999927,1.5212579958633723,0.9563442952349088
4.469999999999927,1.5212727294252306,0.9563305346624763
4.474999999999927,1.5212881266480776,0.9563161710013657
4.479999999999927,1.5213041355892796,0.9563012525350653
4.484999999999927,1.5213207031670701,0.9562858285675256
4.4899999999999265,1.5213377753261232,0.9562699492695896
4.494999999999926,1.521355297203952,0.9562536655247541
4.499999999999926,1.5213732132976472,0.9562370287747163
4.504999999999926,1.5213914676304745,0.9562200908651514
4.509999999999926,1.5214100039178509,0.9562029038921656
4.514999999999926,1.5214287657322354,0.956185520049856
4.519999999999926,1.521447696666475,0.956167991479407
4.524999999999926,1.5214667404951518,0.9561503701201366
4.529999999999926,1.5214858413334993,0.9561327075629
4.5349999999999255,1.5215049437934542,0.9561150549062444
4.539999999999925,1.5215239931364388,0.9560974626156942
4.544999999999925,1.521542935422469,0.9560799803865364
4.549999999999925,1.5215617176552074,0.9560626570104563
4.554999999999925,1.5215802879225961,0.9560455402463626
4.559999999999925,1.5215985955327154,0.9560286766957209
4.564999999999925,1.5216165911445392,0.9560121116827016
4.569999999999925,1.521634226893274,0.9559958891394256
4.574999999999925,1.5216514565099846,0.9559800514965775
4.579999999999925,1.521668235435233,0.9559646395796351
4.5849999999999245,1.5216845209264802,0.9559496925109445
4.589999999999924,1.5217002721590118,0.9559352476178512
4.594999999999924,1.5217154503201797,0.9559213403470762
4.599999999999924,1.5217300186967695,0.9559080041855087
4.604999999999924,1.5217439427553219,0.955895270587563
4.609999999999924,1.5217571902152678,0.955883168909228
4.614999999999924,1.5217697311147478,0.9558717263489178
4.619999999999924,1.5217815378690163,0.9558609678952099
4.624999999999924,1.521792585321354,0.9558509162815363
4.6299999999999235,1.521802850786428,0.9558415919478735
4.634999999999923,1.521812314086066,0.9558330130094559
4.639999999999923,1.5218209575774337,0.9558251952325167
4.644999999999923,1.521828766173624,0.9558181520170403
4.649999999999923,1.5218357273566878,0.9558118943864917
4.654999999999923,1.5218418311831603,0.9558064309844657
4.659999999999923,1.5218470702821534,0.955801768078184
4.664999999999923,1.5218514398461105,0.9557979095687461
4.669999999999923,1.5218549376143342,0.9557948570080236
4.6749999999999226,1.5218575638494205,0.9557926096220692
4.6799999999999224,1.52185932130675,0.9557911643408964
4.684999999999922,1.521860215197206,0.9557905158344661
4.689999999999922,1.5218602531433054,0.9557906565547051
4.694999999999922,1.5218594451289447,0.9557915767833638
4.699999999999922,1.5218578034429813,0.9557932646855045
4.704999999999922,1.521855342616884,0.955795706368404
4.709999999999922,1.521852079356698,0.9557988859456356
4.714999999999922,1.521848032469591,0.9558027856060856
4.719999999999922,1.5218432227852476,0.9558073856876519
4.7249999999999215,1.5218376730724033,0.9558126647553554
4.729999999999921,1.5218314079508097,0.9558185996835915
4.734999999999921,1.5218244537989394,0.955825165742238
4.739999999999921,1.521816838657741,0.9558323366863278
4.744999999999921,1.5218085921307691,0.9558400848489902
4.749999999999921,1.5217997452810164,0.9558483812373554
4.754999999999921,1.521790330524779,0.9558571956311163
4.759999999999921,1.5217803815228998,0.9558664966834348
4.764999999999921,1.5217699330697227,0.9558762520238779
4.7699999999999205,1.5217590209801108,0.9558864283630649
4.77499999999992,1.5217476819748692,0.9558969915987109
4.77999999999992,1.5217359535649204,0.9559079069227455
4.78499999999992,1.5217238739345786,0.9559191389291904
4.78999999999992,1.5217114818242674,0.9559306517224787
4.79499999999992,1.5216988164130225,0.9559424090259029
4.79999999999992,1.521685917201119,0.9559543742898806
4.80499999999992,1.5216728238931572,0.9559665107997333
4.80999999999992,1.5216595762819363,0.9559787817826725
4.81499999999992,1.5216462141334404,0.9559911505137022
4.8199999999999195,1.5216327770732503,0.9560035804201449
4.824999999999919,1.5216193044746937,0.956016035184511
4.829999999999919,1.5216058353490296,0.9560284788454356
4.834999999999919,1.521592408237961,0.9560408758964191
4.839999999999919,1.5215790611087547,0.9560531913821125
4.844999999999919,1.5215658312522382,0.956065390991904
4.849999999999919,1.521552755183934,0.9560774411505684
4.854999999999919,1.521539868548575,0.9560893091057546
4.859999999999919,1.5215272060282379,0.9561009630120999
4.8649999999999185,1.521514801254313,0.9561123720117659
4.869999999999918,1.5215026867235206,0.9561235063112109
4.874999999999918,1.5214908937181653,0.9561343372540199
4.879999999999918,1.5214794522308062,0.95614483738963
4.884999999999918,1.5214683908935107,0.9561549805378033
4.889999999999918,1.5214577369118383,0.9561647418487099
4.894999999999918,1.5214475160036884,0.9561740978584999
4.899999999999918,1.5214377523431322,0.9561830265402596
4.904999999999918,1.5214284685093284,0.9561915073502544
4.9099999999999175,1.5214196854406135,0.9561995212693865
4.914999999999917,1.5214114223938338,0.9562070508397978
4.919999999999917,1.5214036969089755,0.9562140801965734
4.924999999999917,1.5213965247791346,0.9562205950945091
4.929999999999917,1.5213899200258456,0.9562265829299239
4.934999999999917,1.5213838948797807,0.9562320327575123
4.939999999999917,1.521378459766808,0.9562369353022458
4.944999999999917,1.521373623299391,0.9562412829663447
4.949999999999917,1.5213693922732847,0.95624506983136
4.954999999999917,1.5213657716694795,0.9562482916554151
4.9599999999999165,1.5213627646613266,0.9562509458656702
4.964999999999916,1.521360372626759,0.9562530315460874
4.969999999999916,1.5213585951655173,0.9562545494205881
4.974999999999916,1.5213574301212673,0.9562555018317003
4.979999999999916,1.521356873608495,0.9562558927148145
4.984999999999916,1.5213569200440378,0.9562557275681691
4.989999999999916,1.5213575621831112,0.9562550134187052
4.994999999999916,1.5213587911596758,0.9562537587839339
4.999999999999916,1.5213605965309713,0.9562519736299743
5.0049999999999155,1.5213629663260488,0.9562496693259267
5.009999999999915,1.5213658870981073,0.9562468585947567
5.014999999999915,1.5213693439804434,0.9562435554608689
5.019999999999915,1.5213733207458127,0.9562397751945644
5.024999999999915,1.521377799868985,0.9562355342535734
5.029999999999915,1.5213827625922862,0.9562308502218704
5.034999999999915,1.5213881889938923,0.9562257417459761
5.039999999999915,1.5213940580586587,0.9562202284689607
5.044999999999915,1.521400347751241,0.9562143309623652
5.049999999999915,1.5214070350912787,0.9562080706562605
5.0549999999999145,1.5214140962303968,0.9562014697676681
5.059999999999914,1.5214215065307841,0.9561945512275678
5.064999999999914,1.5214292406451064,0.9561873386067178
5.069999999999914,1.5214372725975063,0.9561798560405157
5.074999999999914,1.5214455758654468,0.9561721281531279
5.079999999999914,1.5214541234621541,0.956164179981113
5.084999999999914,1.5214628880194154,0.9561560368967669
5.089999999999914,1.5214718418704878,0.9561477245314105
5.094999999999914,1.5214809571328871,0.9561392686988441
5.0999999999999135,1.5214902057908104,0.9561306953191839
5.104999999999913,1.521499559776969,0.9561220303432972
5.109999999999913,1.5215089910535997,0.9561132996780447
5.114999999999913,1.521518471692433,0.9561045291125354
5.119999999999913,1.521527973953404,0.9560957442455952
5.124999999999913,1.52153747036189,0.9560869704146406
5.129999999999913,1.521546933784277,0.9560782326261478
5.134999999999913,1.5215563375016548,0.9560695554878944
5.139999999999913,1.5215656552814525,0.9560609631431519
5.1449999999999125,1.521574861446835,0.9560524792069892
5.149999999999912,1.521583930943686,0.9560441267048481
5.154999999999912,1.5215928394050164,0.9560359280135395
5.159999999999912,1.5216015632126434,0.9560279048047997
5.164999999999912,1.5216100795559953,0.956020077991538
5.169999999999912,1.5216183664879097,0.956012467676899
5.174999999999912,1.5216264029772981,0.95600509310625
5.179999999999912,1.5216341689585655,0.9559979726221992
5.184999999999912,1.521641645377682,0.9559911236227319
5.189999999999912,1.521648814234812,0.9559845625225541
5.1949999999999115,1.5216556586234216,0.9559783047177111
5.199999999999911,1.5216621627657951,0.955972364553544
5.204999999999911,1.5216683120448966,0.955966755296038
5.209999999999911,1.5216740930325348,0.9559614891066021
5.214999999999911,1.5216794935137892,0.9559565770203107
5.219999999999911,1.5216845025076764,0.9559520289276309
5.224999999999911,1.5216891102840364,0.9559478535596434
5.229999999999911,1.521693308376641,0.9559440584767577
5.234999999999911,1.5216970895925266,0.9559406500609144
5.2399999999999105,1.5217004480175735,0.9559376335112525
5.24499999999991,1.5217033790183558,0.9559350128432139
5.24999999999991,1.5217058792403038,0.9559327908910472
5.25499999999991,1.5217079466022272,0.9559309693136622
5.25999999999991,1.521709580287256,0.9559295486037783
5.26499999999991,1.5217107807302699,0.9559285281003025
5.26999999999991,1.52171154960189,0.9559279060038615
5.27499999999991,1.5217118897891235,0.9559276793954073
5.27999999999991,1.521711805372753,0.9559278442578064
5.2849999999999095,1.5217113016015742,0.9559283955003138
5.289999999999909,1.5217103848635942,0.9559293269858306
5.294999999999909,1.5217090626543066,0.955930631560831
5.299999999999909,1.5217073435421697,0.9559323010878443
5.304999999999909,1.5217052371314204,0.9559343264803665
5.309999999999909,1.5217027540223593,0.9559366977400743
5.314999999999909,1.5216999057692533,0.9559394039962081
5.319999999999909,1.521696704836,0.9559424335469853
5.324999999999909,1.5216931645497134,0.9559457739029005
5.329999999999909,1.5216892990523818,0.9559494118317696
5.3349999999999085,1.5216851232507627,0.9559533334053659
5.339999999999908,1.5216806527646778,0.9559575240474965
5.344999999999908,1.5216759038738752,0.9559619685833661
5.349999999999908,1.5216708934636265,0.9559666512900714
5.354999999999908,1.521665638969233,0.9559715559480676
5.359999999999908,1.5216601583196057,0.9559766658934495
5.364999999999908,1.521654469880101,0.9559819640708889
5.369999999999908,1.521648592394776,0.9559874330870675
5.374999999999908,1.5216425449282394,0.9559930552644487
5.3799999999999075,1.5216363468072704,0.95599881269523
5.384999999999907,1.521630017562372,0.9560046872953193
5.389999999999907,1.52162357686943,0.9560106608581805
5.394999999999907,1.521617044491642,0.956016715108398
5.399999999999907,1.5216104402218789,0.9560228317548078
5.404999999999907,1.5216037838256413,0.9560289925430492
5.409999999999907,1.5215970949847644,0.9560351793073952
5.414999999999907,1.521590393242026,0.9560413740217197
5.419999999999907,1.5215836979468031,0.9560475588494673
5.424999999999907,1.5215770282019252,0.9560537161924937
5.4299999999999065,1.5215704028118557,0.9560598287386504
5.434999999999906,1.5215638402323406,0.956065879507993
5.439999999999906,1.521557358521648,0.9560718518974963
5.444999999999906,1.5215509752935201,0.9560777297241654
5.449999999999906,1.5215447076719526,0.9560834972664388
5.454999999999906,1.5215385722479093,0.9560891393037856
5.459999999999906,1.521532585038074,0.9560946411544023
5.464999999999906,1.5215267614457337,0.9560999887109259
5.469999999999906,1.5215211162238773,0.956105168474083
5.4749999999999055,1.5215156634405962,0.9561101675842026
5.479999999999905,1.5215104164468505,0.9561149738505283
5.484999999999905,1.5215053878466724,0.9561195757782698
5.489999999999905,1.5215005894698599,0.9561239625933441
5.494999999999905,1.5214960323472093,0.9561281242647626
5.499999999999905,1.5214917266883314,0.956132051524626
5.504999999999905,1.52148768186208,0.9561357358856991
5.509999999999905,1.5214839063796204,0.9561391696565419
5.514999999999905,1.5214804078801567,0.9561423459541843
5.5199999999999045,1.5214771931193236,0.9561452587143348
5.524999999999904,1.5214742679602486,0.9561479026991225
5.529999999999904,1.5214716373672765,0.9561502735023819
5.534999999999904,1.5214693054023432,0.9561523675524901
5.539999999999904,1.5214672752239782,0.9561541821127806
5.544999999999904,1.5214655490889089,0.9561557152795577
5.549999999999904,1.5214641283562271,0.956156965977747
5.554999999999904,1.5214630134940836,0.9561579339542227
5.559999999999904,1.5214622040888515,0.9561586197688557
5.564999999999904,1.5214616988567116,0.9561590247833376
5.5699999999999035,1.5214614956575947,0.9561591511478367
5.574999999999903,1.521461591511412,0.9561590017855504
5.579999999999903,1.521461982616501,0.9561585803752235
5.584999999999903,1.5214626643702094,0.9561578913317057
5.589999999999903,1.5214636313915306,0.9561569397846272
5.594999999999903,1.5214648775457023,0.9561557315552763
5.599999999999903,1.521466395970675,0.9561542731317654
5.604999999999903,1.5214681791053517,0.9561525716425778
5.609999999999903,1.5214702187194997,0.9561506348285909
5.6149999999999025,1.5214725059452219,0.9561484710136706
5.619999999999902,1.5214750313098893,0.9561460890739437
5.624999999999902,1.5214777847704135,0.9561434984058457
5.629999999999902,1.5214807557487506,0.9561407088930562
5.634999999999902,1.5214839331685193,0.9561377308724256
5.639999999999902,1.521487305492613,0.9561345750990041
5.644999999999902,1.5214908607616897,0.9561312527102857
5.649999999999902,1.5214945866334155,0.9561277751897754
5.654999999999902,1.5214984704223427,0.9561241543299965
5.6599999999999016,1.5215024991403003,0.956120402195047
5.6649999999999014,1.5215066595371751,0.9561165310828206
5.669999999999901,1.52151093814196,0.9561125534870026
5.674999999999901,1.5215153213039523,0.9561084820589549
5.679999999999901,1.5215197952339792,0.9561043295695978
5.684999999999901,1.5215243460455334,0.9561001088714003
5.689999999999901,1.5215289597957016,0.9560958328605862
5.694999999999901,1.5215336225257716,0.9560915144396606
5.699999999999901,1.5215383203014048,0.9560871664803626
5.704999999999901,1.5215430392522638,0.9560828017871443
5.7099999999999005,1.52154776561099,0.9560784330612737
5.7149999999999,1.5215524857514244,0.9560740728656589
5.7199999999999,1.5215571862259747,0.9560697335904845
5.7249999999999,1.5215618538020266,0.9560654274197509
5.7299999999999,1.5215664754973122,0.9560611662987984
5.7349999999999,1.5215710386141412,0.9560569619029025
5.7399999999999,1.521575530772416,0.9560528256070113
5.7449999999999,1.5215799399413426,0.9560487684567055
5.7499999999999,1.521584254469772,0.9560448011404433
5.7549999999998995,1.5215884631150909,0.9560409339631588
5.759999999999899,1.5215925550706049,0.9560371768212704
5.764999999999899,1.5215965199913482,0.9560335391791573
5.769999999999899,1.521600348018266,0.9560300300471506
5.774999999999899,1.5216040298007214,0.9560266579610869
5.779999999999899,1.5216075565172777,0.9560234309634632
5.784999999999899,1.5216109198947227,0.956020356586228
5.789999999999899,1.5216141122252969,0.9560174418352381
5.794999999999899,1.5216171263820981,0.9560146931764071
5.799999999999899,1.521619955832643,0.9560121165235644
5.8049999999998985,1.5216225946505644,0.9560097172280385
5.809999999999898,1.5216250375254354,0.9560075000699749
5.814999999999898,1.5216272797707138,0.9560054692513931
5.819999999999898,1.5216293173298052,0.9560036283909805
5.824999999999898,1.5216311467802517,0.9560019805206196
5.829999999999898,1.5216327653360546,0.9560005280836351
5.834999999999898,1.5216341708481467,0.9559992729347482
5.839999999999898,1.5216353618030356,0.9559982163417163
5.844999999999898,1.5216363373196424,0.9559973589886349
5.8499999999998975,1.5216370971443667,0.9559967009808698
5.854999999999897,1.521637641644413,0.9559962418515895
5.859999999999897,1.521637971799418,0.9559959805698584
5.864999999999897,1.5216380891914223,0.9559959155502474
5.869999999999897,1.5216379959932358,0.9559960446639223
5.874999999999897,1.5216376949552481,0.9559963652511523
5.879999999999897,1.5216371893907403,0.955996874135194
5.884999999999897,1.5216364831597584,0.9559975676374896
5.889999999999897,1.5216355806516098,0.9559984415941228
5.8949999999998965,1.521634486766052,0.9559994913734701
5.899999999999896,1.521633206893241,0.9560007118949806
5.904999999999896,1.5216317468925087,0.9560020976490227
5.909999999999896,1.521630113070052,0.956003642717721
5.914999999999896,1.5216283121556002,0.9560053407967187
5.919999999999896,1.5216263512781472,0.9560071852177884
5.924999999999896,1.5216242379408247,0.9560091689722173
5.929999999999896,1.5216219799950021,0.9560112847348928
5.934999999999896,1.5216195856136914,0.9560135248890081
5.939999999999896,1.521617063264346,0.9560158815513127
5.9449999999998955,1.521614421681137,0.9560183465978267
5.949999999999895,1.521611669836791,0.9560209116899431
5.954999999999895,1.5216088169140776,0.9560235683008349
5.959999999999895,1.521605872277031,0.9560263077420912
5.964999999999895,1.52160284544199,0.956029121190501
5.969999999999895,1.5215997460485466,0.9560319997149087
5.974999999999895,1.5215965838304788,0.9560349343030615
5.979999999999895,1.5215933685867606,0.9560379158883728
5.984999999999895,1.5215901101527243,0.9560409353765266
5.9899999999998945,1.5215868183714591,0.9560439836718475
5.994999999999894,1.5215835030655251,0.9560470517033651
5.999999999999894,1.5215801740090573,0.9560501304504997
6.004999999999894,1.5215768409003396,0.9560532109683023
6.009999999999894,1.521573513334917,0.9560562844121809
6.014999999999894,1.5215702007793213,0.9560593420620489
6.019999999999894,1.5215669125454718,0.9560623753458316
6.024999999999894,1.5215636577658265,0.9560653758622738
6.029999999999894,1.5215604453693334,0.9560683354029896
6.034999999999894,1.521557284058255,0.9560712459737
6.0399999999998935,1.5215541822859082,0.9560740998146078
6.044999999999893,1.5215511482353865,0.956076889419862
6.049999999999893,1.5215481897993015,0.9560796075560648
6.054999999999893,1.521545314560599,0.9560822472797819
6.059999999999893,1.5215425297744862,0.9560848019540155
6.064999999999893,1.5215398423515116,0.956087265263606
6.069999999999893,1.5215372588418319,0.9560896312295313
6.074999999999893,1.5215347854206958,0.9560918942220746
6.079999999999893,1.521532427875174,0.956094048972837
6.0849999999998925,1.5215301915921586,0.9560960905855731
6.089999999999892,1.5215280815476464,0.9560980145458348
6.094999999999892,1.5215261022973314,0.9560998167294055
6.099999999999892,1.5215242579685078,0.9561014934095194
6.104999999999892,1.5215225522532974,0.9561030412628562
6.109999999999892,1.5215209884032048,0.9561044573743089
6.114999999999892,1.5215195692249979,0.956105739240527
6.119999999999892,1.52151829707791,0.9561068847722377
6.124999999999892,1.5215171738721598,0.9561078922953533
6.1299999999998915,1.5215162010687735,0.9561087605508765
6.134999999999891,1.5215153796806964,0.9561094886936168
6.139999999999891,1.5215147102751752,0.9561100762897364
6.144999999999891,1.5215141929773885,0.9561105233131466
6.149999999999891,1.521513827475303,0.9561108301407781
6.154999999999891,1.5215136130257223,0.9561109975467516
6.159999999999891,1.521513548461502,0.956111026695479
6.164999999999891,1.5215136321998934,0.9561109191337285
6.169999999999891,1.5215138622519786,0.9561106767816856
6.174999999999891,1.5215142362331604,0.9561103019230509
6.1799999999998905,1.521514751374659,0.9561097971942114
6.18499999999989,1.5215154045359771,0.9561091655725291
6.18999999999989,1.5215161922182798,0.9561084103637916
6.19499999999989,1.5215171105786454,0.9561075351888672
6.19999999999989,1.5215181554451331,0.9561065439696161
6.20499999999989,1.5215193223326158,0.956105440914104
6.20999999999989,1.521520606459322,0.9561042305011703
6.21499999999989,1.521522002764036,0.9561029174644021
6.21999999999989,1.5215235059238905,0.9561015067755668
6.2249999999998895,1.5215251103727039,0.9561000036275575
6.229999999999889,1.5215268103197945,0.9560984134169069
6.234999999999889,1.5215285997692185,0.9560967417259219
6.239999999999889,1.5215304725393668,0.9560949943044984
6.244999999999889,1.5215324222828652,0.9560931770516694
6.249999999999889,1.521534442506711,0.9560912959969432
6.254999999999889,1.5215365265925924,0.956089357281489
6.259999999999889,1.521538667817326,0.9560873671392236
6.264999999999889,1.5215408593733524,0.9560853318778556
6.2699999999998886,1.521543094389233,0.9560832578599426
6.2749999999998884,1.521545365950088,0.9560811514840144
6.279999999999888,1.5215476671179164,0.9560790191658156
6.284999999999888,1.5215499909517438,0.9560768673197214
6.289999999999888,1.5215523305275394,0.9560747023403758
6.294999999999888,1.5215546789578516,0.9560725305846037
6.299999999999888,1.521557029411104,0.9560703583536452
6.304999999999888,1.5215593751305077,0.9560681918757581
6.309999999999888,1.5215617094525316,0.9560660372892363
6.314999999999888,1.5215640258248913,0.9560639006258856
6.3199999999998875,1.521566317824005,0.9560617877950005
6.324999999999887,1.5215685791718763,0.9560597045678806
6.329999999999887,1.5215708037523579,0.956057656562926
6.334999999999887,1.5215729856267637,0.9560556492313466
6.339999999999887,1.5215751190487856,0.9560536878435192
6.344999999999887,1.521577198478683,0.9560517774760243
6.349999999999887,1.5215792185967163,0.9560499229993901
6.354999999999887,1.5215811743157874,0.9560481290665731
6.359999999999887,1.521583060793268,0.9560464001021978
6.3649999999998865,1.521584873441988,0.9560447402925764
6.369999999999886,1.5215866079403586,0.9560431535765304
6.374999999999886,1.5215882602416217,0.9560416436370297
6.379999999999886,1.521589826582197,0.9560402138936624
6.384999999999886,1.521591303489123,0.9560388674959488
6.389999999999886,1.5215926877865775,0.9560376073175071
6.394999999999886,1.5215939766014681,0.9560364359510798
6.399999999999886,1.521595167368092,0.9560353557044218
6.404999999999886,1.5215962578318598,0.9560343685970544
6.409999999999886,1.5215972460520826,0.9560334763578828
6.4149999999998855,1.52159813040383,0.9560326804236737
6.419999999999885,1.5215989095788593,0.9560319819383883
6.424999999999885,1.5215995825856288,0.9560313817533613
6.429999999999885,1.5216001487484017,0.956030880428316
6.434999999999885,1.5216006077054574,0.9560304782332026
6.439999999999885,1.5216009594064246,0.9560301751508449
6.444999999999885,1.521601204108754,0.9560299708803769
6.449999999999885,1.5216013423733503,0.9560298648414527
6.454999999999885,1.5216013750593866,0.9560298561792064
6.4599999999998845,1.5216013033183264,0.9560299437699395
6.464999999999884,1.5216011285871793,0.9560301262275109
6.469999999999884,1.5216008525810163,0.9560304019104033
6.474999999999884,1.521600477284779,0.956030768929438
6.479999999999884,1.5216000049444125,0.9560312251561058
6.484999999999884,1.5215994380573525,0.9560317682314884
6.489999999999884,1.5215987793624082,0.9560323955757305
6.494999999999884,1.52159803182907,0.9560331043980357
6.499999999999884,1.5215971986462846,0.9560338917071468
6.5049999999998835,1.521596283210732,0.9560347543222779
6.509999999999883,1.521595289114647,0.9560356888844587
6.514999999999883,1.5215942201332242,0.9560366918682562
6.519999999999883,1.5215930802116475,0.9560377595938351
6.524999999999883,1.5215918734517837,0.9560388882393172
6.529999999999883,1.521590604098587,0.9560400738534023
6.534999999999883,1.5215892765262518,0.9560413123682111
6.539999999999883,1.52158789522416,0.9560425996123102
6.544999999999883,1.5215864647826627,0.9560439313238803
6.549999999999883,1.5215849898787417,0.956045303163988
6.5549999999998825,1.5215834752615898,0.9560467107299212
6.559999999999882,1.521581925738157,0.9560481495685517
6.564999999999882,1.5215803461586999,0.9560496151896829
6.569999999999882,1.5215787414023763,0.9560511030793475
6.574999999999882,1.5215771163629297,0.9560526087130164
6.579999999999882,1.521575475934499,0.9560541275686816
6.584999999999882,1.5215738249975943,0.9560556551397781
6.589999999999882,1.5215721684052765,0.95605718694791
6.594999999999882,1.5215705109695816,0.956058718555345
6.5999999999998815,1.5215688574482171,0.9560602455772459
6.604999999999881,1.521567212531577,0.9560617636936061
6.609999999999881,1.521565580830097,0.9560632686608593
6.614999999999881,1.521563966861992,0.956064756323133
6.619999999999881,1.5215623750414007,0.9560662226231189
6.624999999999881,1.5215608096669675,0.9560676636125324
6.629999999999881,1.5215592749108908,0.9560690754621372
6.634999999999881,1.5215577748084619,0.9560704544713101
6.639999999999881,1.5215563132481207,0.9560717970771259
6.644999999999881,1.5215548939620478,0.9560730998629395
6.6499999999998805,1.5215535205173154,0.9560743595664496
6.65499999999988,1.5215521963076166,0.9560755730872236
6.65999999999988,1.521550924545588,0.9560767374936711
6.66499999999988,1.5215497082557414,0.9560778500294522
6.66999999999988,1.521548550268018,0.9560789081193074
6.67499999999988,1.5215474532119757,0.9560799093743
6.67999999999988,1.5215464195116204,0.9560808515964639
6.68499999999988,1.5215454513808842,0.9560817327828494
6.68999999999988,1.5215445508197623,0.9560825511289616
6.6949999999998795,1.5215437196111048,0.9560833050315914
6.699999999999879,1.5215429593180716,0.9560839930910356
6.704999999999879,1.521542271282244,0.9560846141127075
6.709999999999879,1.5215416566223954,0.9560851671081418
6.714999999999879,1.521541116233913,0.9560856512953967
6.719999999999879,1.521540650788868,0.9560860660988595
6.724999999999879,1.5215402607367237,0.9560864111484636
6.729999999999879,1.521539946305673,0.9560866862783257
6.734999999999879,1.5215397075045938,0.9560868915248141
6.7399999999998785,1.521539544125611,0.9560870271240604
6.744999999999878,1.5215394557472477,0.9560870935089277
6.749999999999878,1.5215394417381514,0.956087091305452
6.754999999999878,1.5215395012613788,0.9560870213287705
6.759999999999878,1.521539633279217,0.9560868845785577
6.764999999999878,1.5215398365585249,0.9560866822339851
6.769999999999878,1.5215401096765695,0.956086415648227
6.774999999999878,1.5215404510273394,0.9560860863425328
6.779999999999878,1.521540858828305,0.9560856959998859
6.784999999999878,1.5215413311276087,0.9560852464582759
6.7899999999998775,1.5215418658116522,0.9560847397036047
6.794999999999877,1.5215424606130588,0.9560841778622537
6.799999999999877,1.521543113118983,0.9560835631933342
6.804999999999877,1.5215438207797378,0.9560828980806508
6.809999999999877,1.521544580917713,0.9560821850244017
6.814999999999877,1.5215453907365537,0.9560814266326426
6.819999999999877,1.5215462473305716,0.9560806256125433
6.824999999999877,1.521547147694359,0.9560797847614626
6.829999999999877,1.521548088732573,0.956078906957871
6.8349999999998765,1.5215490672698642,0.9560779951521473
6.839999999999876,1.5215500800609156,0.9560770523572775
6.844999999999876,1.521551123800566,0.9560760816394853
6.849999999999876,1.5215521951339814,0.9560750861088195
6.854999999999876,1.521553290666853,0.9560740689097272
6.859999999999876,1.521554406975585,0.9560730332116399
6.864999999999876,1.521555540617448,0.9560719821995987
6.869999999999876,1.5215566881406648,0.9560709190649455
6.874999999999876,1.5215578460944077,0.9560698469961065
6.8799999999998755,1.5215590110386699,0.9560687691694921
6.884999999999875,1.5215601795539926,0.9560676887405395
6.889999999999875,1.521561348251018,0.9560666088349197
6.894999999999875,1.5215625137798432,0.956065532539935
6.899999999999875,1.5215636728391506,0.9560644628961275
6.904999999999875,1.5215648221850906,0.9560634028891202
6.909999999999875,1.5215659586398975,0.9560623554417121
6.914999999999875,1.5215670791002112,0.9560613234062466
6.919999999999875,1.5215681805450896,0.9560603095572714
6.924999999999875,1.52156926004369,0.9560593165845092
6.9299999999998745,1.5215703147626023,0.9560583470861521
6.934999999999874,1.5215713419728147,0.9560574035625002
6.939999999999874,1.5215723390563005,0.9560564884099534
6.944999999999874,1.5215733035122083,0.9560556039153724
6.949999999999874,1.521574232962643,0.9560547522508208
6.954999999999874,1.5215751251580272,0.9560539354686977
6.959999999999874,1.5215759779820317,0.9560531554972697
6.964999999999874,1.521576789456066,0.9560524141366126
6.969999999999874,1.521577557743321,0.9560517130549673
6.9749999999998735,1.5215782811523588,0.9560510537855169
6.979999999999873,1.5215789581402424,0.9560504377235882
6.984999999999873,1.5215795873152047,0.9560498661242811
6.989999999999873,1.5215801674388516,0.9560493401005282
6.994999999999873,1.521580697427901,0.9560488606215845
6.999999999999873,1.5215811763554556,0.9560484285119455
7.004999999999873,1.5215816034518144,0.956048044450694
7.009999999999873,1.5215819781048228,0.9560477089712702
7.014999999999873,1.521582299859769,0.9560474224616617
7.019999999999873,1.5215825684188284,0.9560471851650088
7.0249999999998725,1.521582783640068,0.9560469971806159
7.029999999999872,1.5215829455360124,0.9560468584653651
7.034999999999872,1.5215830542717887,0.9560467688355189
7.039999999999872,1.521583110162852,0.9560467279689054
7.044999999999872,1.5215831136723101,0.956046735407475
7.049999999999872,1.5215830654078553,0.9560467905602137
7.054999999999872,1.5215829661183182,0.9560468927064057
7.059999999999872,1.5215828166898588,0.9560470409992274
7.064999999999872,1.5215826181418093,0.9560472344696597
7.0699999999998715,1.5215823716221821,0.9560474720307054
7.074999999999871,1.5215820784028657,0.9560477524818946
7.079999999999871,1.5215817398745197,0.9560480745140607
7.084999999999871,1.5215813575411905,0.9560484367143729
7.089999999999871,1.5215809330146668,0.956048837571605
7.094999999999871,1.5215804680085914,0.9560492754816248
7.099999999999871,1.5215799643323524,0.9560497487530843
7.104999999999871,1.52157942388477,0.9560502556132928
7.109999999999871,1.5215788486476034,0.9560507942142534
7.1149999999998705,1.521578240678897,0.9560513626388447
7.11999999999987,1.5215776021061835,0.956051958907127
7.12499999999987,1.5215769351195727,0.9560525809827536
7.12999999999987,1.521576241964738,0.9560532267794692
7.13499999999987,1.5215755249358305,0.9560538941676741
7.13999999999987,1.5215747863683333,0.9560545809810345
7.14499999999987,1.5215740286318866,0.9560552850231212
7.14999999999987,1.5215732541230957,0.9560560040740556
7.15499999999987,1.5215724652583484,0.9560567358971442
7.15999999999987,1.5215716644666601,0.9560574782454843
7.1649999999998695,1.5215708541825665,0.9560582288685194
7.169999999999869,1.5215700368390854,0.956058985518529
7.174999999999869,1.5215692148607645,0.9560597459570332
7.179999999999869,1.5215683906568365,0.9560605079610959
7.184999999999869,1.5215675666144983,0.9560612693295083
7.189999999999869,1.5215667450923334,0.9560620278888382
7.194999999999869,1.5215659284138916,0.956062781499328
7.199999999999869,1.5215651188614472,0.9560635280606266
7.204999999999869,1.521564318669948,0.9560642655173411
7.2099999999998685,1.521563530021171,0.9560649918643948
7.214999999999868,1.5215627550381001,0.9560657051521761
7.219999999999868,1.5215619957795372,0.9560664034914708
7.224999999999868,1.521561254234962,0.9560670850581598
7.229999999999868,1.5215605323196506,0.9560677480976787
7.234999999999868,1.5215598318700636,0.9560683909292219
7.239999999999868,1.5215591546395153,0.9560690119496891
7.244999999999868,1.521558502294132,0.95606960963736
7.249999999999868,1.521557876409106,0.9560701825552951
7.2549999999998676,1.5215572784652576,0.9560707293544515
7.2599999999998674,1.5215567098459042,0.9560712487765112
7.264999999999867,1.5215561718340493,0.956071739656416
7.269999999999867,1.5215556656098885,0.9560722009246055
7.274999999999867,1.5215551922486426,0.9560726316089553
7.279999999999867,1.5215547527187139,0.9560730308364119
7.284999999999867,1.5215543478801734,0.9560733978343272
7.289999999999867,1.5215539784835734,0.9560737319314868
7.294999999999867,1.5215536451690899,0.9560740325588374
7.299999999999867,1.5215533484659896,0.956074299249912
7.3049999999998665,1.5215530887924222,0.9560745316409577
7.309999999999866,1.5215528664555333,0.9560747294707653
7.314999999999866,1.5215526816518925,0.9560748925802096
7.319999999999866,1.521552534468236,0.9560750209115009
7.324999999999866,1.5215524248825116,0.9560751145071562
7.329999999999866,1.5215523527652264,0.9560751735086945
7.334999999999866,1.5215523178810841,0.9560751981550643
7.339999999999866,1.521552319890907,0.9560751887808097
7.344999999999866,1.5215523583538322,0.9560751458139857
7.3499999999998655,1.521552432729775,0.9560750697738287
7.354999999999865,1.5215525423821445,0.9560749612681938
7.359999999999865,1.521552686580807,0.9560748209907687
7.364999999999865,1.5215528645052796,0.9560746497180744
7.369999999999865,1.5215530752481465,0.9560744483062642
7.374999999999865,1.521553317818684,0.9560742176877315
7.379999999999865,1.52155359114668,0.9560739588675397
7.384999999999865,1.5215538940864382,0.9560736729196866
7.389999999999865,1.5215542254209502,0.9560733609832142
7.394999999999865,1.5215545838662223,0.9560730242581785
7.3999999999998645,1.5215549680757439,0.956072664001493
7.404999999999864,1.5215553766450816,0.9560722815226567
7.409999999999864,1.5215558081165863,0.9560718781793824
7.414999999999864,1.5215562609841955,0.9560714553731396
7.419999999999864,1.521556733698319,0.9560710145446228
7.424999999999864,1.521557224670791,0.956070557169162
7.429999999999864,1.5215577322798741,0.9560700847520879
7.434999999999864,1.5215582548753022,0.9560695988240655
7.439999999999864,1.521558790783342,0.956069100936411
7.4449999999998635,1.5215593383118666,0.9560685926564033
7.449999999999863,1.5215598957554175,0.956068075562607
7.454999999999863,1.5215604614002487,0.9560675512402161
7.459999999999863,1.5215610335293333,0.956067021276436
7.464999999999863,1.5215616104273195,0.9560664872559119
7.469999999999863,1.5215621903854264,0.9560659507562201
7.474999999999863,1.5215627717062599,0.956065413343432
7.479999999999863,1.5215633527085408,0.9560648765677636
7.484999999999863,1.521563931731732,0.9560643419593219
7.4899999999998625,1.5215645071405486,0.9560638110239585
7.494999999999862,1.5215650773293456,0.9560632852392426
7.499999999999862,1.5215656407263685,0.9560627660505611
7.504999999999862,1.521566195797853,0.9560622548673591
7.509999999999862,1.521566741051974,0.9560617530595251
7.514999999999862,1.5215672750426217,0.9560612619539341
7.519999999999862,1.5215677963730057,0.9560607828311537
7.524999999999862,1.5215683036990744,0.9560603169223224
7.529999999999862,1.5215687957327437,0.9560598654062058
7.534999999999862,1.5215692712449251,0.9560594294064381
7.5399999999998615,1.521569729068352,0.956059009988953
7.544999999999861,1.5215701681001936,0.9560586081596119
7.549999999999861,1.521570587304454,0.9560582248620301
7.554999999999861,1.5215709857141515,0.9560578609756089
7.559999999999861,1.521571362433275,0.9560575173137741
7.564999999999861,1.5215717166385132,0.9560571946224233
7.569999999999861,1.5215720475807555,0.9560568935785867
7.574999999999861,1.5215723545863626,0.9560566147892997
7.579999999999861,1.5215726370582072,0.9560563587906898
7.5849999999998605,1.5215728944764804,0.9560561260472774
7.58999999999986,1.5215731263992698,0.9560559169514893
7.59499999999986,1.5215733324629064,0.9560557318233859
7.59999999999986,1.5215735123820842,0.9560555709105972
7.60499999999986,1.5215736659497519,0.9560554343884685
7.60999999999986,1.5215737930367843,0.95605532236041
7.61499999999986,1.5215738935914331,0.9560552348584498
7.61999999999986,1.5215739676385622,0.9560551718439836
7.62499999999986,1.5215740152786725,0.9560551332087187
7.62999999999986,1.5215740366867234,0.9560551187758058
7.6349999999998595,1.521574032110752,0.956055128301155
7.639999999999859,1.5215740018703021,0.9560551614749269
7.644999999999859,1.5215739463546647,0.9560552179231963
7.649999999999859,1.5215738660209404,0.9560552972097791
7.654999999999859,1.5215737613919311,0.9560553988382162
7.659999999999859,1.521573633053867,0.9560555222539058
7.664999999999859,1.5215734816539792,0.956055666846378
7.669999999999859,1.521573307897927,0.956055831951703
7.674999999999859,1.5215731125470868,0.9560560168550222
7.6799999999998585,1.521572896415715,0.9560562207931973
7.684999999999858,1.5215726603679904,0.9560564429575656
7.689999999999858,1.5215724053149522,0.9560566824967928
7.694999999999858,1.521572132211336,0.9560569385198148
7.699999999999858,1.521571842052324,0.9560572100988591
7.704999999999858,1.521571535870218,0.956057496272535
7.709999999999858,1.521571214731044,0.9560577960489833
7.714999999999858,1.5215708797311012,0.9560581084090778
7.719999999999858,1.5215705319934643,0.9560584323096649
7.7249999999998575,1.5215701726644513,0.9560587666868358
7.729999999999857,1.521569802910065,0.9560591104592182
7.734999999999857,1.5215694239124216,0.95605946253128
7.739999999999857,1.5215690368661736,0.9560598217966343
7.744999999999857,1.5215686429749413,0.956060187141336
7.749999999999857,1.5215682434477575,0.956060557447163
7.754999999999857,1.5215678394955416,0.9560609315948685
7.759999999999857,1.5215674323276085,0.9560613084673998
7.764999999999857,1.5215670231482228,0.9560616869530714
7.769999999999857,1.5215666131532093,0.9560620659486869
7.7749999999998565,1.5215662035266273,0.9560624443625985
7.779999999999856,1.5215657954375166,0.9560628211176978
7.784999999999856,1.5215653900367265,0.9560631951543299
7.789999999999856,1.5215649884538343,0.9560635654331227
7.794999999999856,1.5215645917941587,0.9560639309377248
7.799999999999856,1.5215642011358816,0.956064290677446
7.804999999999856,1.5215638175272783,0.956064643689792
7.809999999999856,1.521563441984068,0.9560649890428892
7.814999999999856,1.5215630754868876,0.9560653258377926
7.8199999999998555,1.5215627189788972,0.9560656532106732
7.824999999999855,1.5215623733635195,0.956065970334878
7.829999999999855,1.5215620395023208,0.9560662764228592
7.834999999999855,1.5215617182130372,0.95606657072797
7.839999999999855,1.5215614102677475,0.9560668525461203
7.844999999999855,1.5215611163912017,0.9560671212172921
7.849999999999855,1.5215608372593024,0.9560673761269103
7.854999999999855,1.5215605734977442,0.9560676167070674
7.859999999999855,1.521560325680814,0.9560678424376005
7.8649999999998546,1.5215600943303522,0.956068052847017
7.8699999999998544,1.5215598799148764,0.9560682475132731
7.874999999999854,1.5215596828488676,0.9560684260643983
7.879999999999854,1.5215595034922202,0.9560685881789716
7.884999999999854,1.5215593421498563,0.9560687335864448
7.889999999999854,1.5215591990714983,0.956068862067319
7.894999999999854,1.5215590744516059,0.9560689734531702
7.899999999999854,1.5215589684294706,0.9560690676265309
7.904999999999854,1.5215588810894674,0.9560691445206243
7.909999999999854,1.5215588124614596,0.9560692041189587
7.9149999999998535,1.5215587625213585,0.9560692464547814
7.919999999999853,1.5215587311918257,0.9560692716103975
7.924999999999853,1.5215587183431254,0.9560692797163546
7.929999999999853,1.521558723794112,0.956069270950501
7.934999999999853,1.5215587473133563,0.9560692455369181
7.939999999999853,1.5215587886204014,0.9560692037447328
7.944999999999853,1.521558847387144,0.956069145886816
7.949999999999853,1.5215589232393358,0.9560690723183701
7.954999999999853,1.5215590157582009,0.9560689834354128
7.9599999999998525,1.5215591244821596,0.9560688796731605
7.964999999999852,1.5215592489086558,0.9560687615043201
7.969999999999852,1.5215593884960799,0.9560686294372922
7.974999999999852,1.5215595426657804,0.9560684840142943
7.979999999999852,1.5215597108041587,0.9560683258094081
7.984999999999852,1.5215598922648397,0.9560681554265601
7.989999999999852,1.5215600863709078,0.9560679734974386
7.994999999999852,1.5215602924172087,0.9560677806793574
7.999999999999852,1.5215605096727005,0.9560675776530706
8.004999999999852,1.521560737382854,0.9560673651205457
8.009999999999852,1.5215609747720906,0.9560671438027029
8.014999999999853,1.5215612210462528,0.9560669144371263
8.019999999999854,1.5215614753950977,0.9560666777757547
8.024999999999855,1.521561736994808,0.9560664345825576
8.029999999999855,1.5215620050105119,0.9560661856312058
8.034999999999856,1.5215622785988046,0.9560659317027399
8.039999999999857,1.5215625569102653,0.9560656735832465
8.044999999999858,1.5215628390919618,0.9560654120615466
8.049999999999859,1.5215631242899337,0.9560651479269041
8.05499999999986,1.5215634116516525,0.956064881966759
8.05999999999986,1.5215637003284455,0.9560646149644939
8.064999999999861,1.5215639894778816,0.9560643476972375
8.069999999999862,1.5215642782661116,0.956064080933712
8.074999999999863,1.5215645658701547,0.9560638154321306
8.079999999999863,1.521564851480128,0.956063551938149
8.084999999999864,1.5215651343014125,0.956063291182878
8.089999999999865,1.5215654135567485,0.9560630338809606
8.094999999999866,1.5215656884882574,0.956062780728719
8.099999999999866,1.521565958359385,0.956062532402376
8.104999999999867,1.5215662224567585,0.956062289556355
8.109999999999868,1.5215664800919582,0.9560620528216628
8.114999999999869,1.5215667306031933,0.9560618228043577
8.11999999999987,1.521566973356885,0.9560616000841085
8.12499999999987,1.5215672077491487,0.9560613852128439
8.129999999999871,1.521567433207172,0.9560611787135002
8.134999999999872,1.5215676491904915,0.9560609810788644
8.139999999999873,1.521567855192157,0.9560607927705183
8.144999999999873,1.5215680507397902,0.9560606142178847
8.149999999999874,1.5215682353965296,0.9560604458173759
8.154999999999875,1.5215684087618626,0.9560602879316485
8.159999999999876,1.5215685704723445,0.9560601408889621
8.164999999999877,1.5215687202022024,0.9560600049826443
8.169999999999877,1.5215688576638238,0.9560598804706638
8.174999999999878,1.5215689826081307,0.956059767575307
8.179999999999879,1.5215690948248386,0.9560596664829627
8.18499999999988,1.5215691941426017,0.9560595773440119
8.18999999999988,1.5215692804290437,0.9560595002728216
8.194999999999881,1.5215693535906776,0.9560594353478418
8.199999999999882,1.5215694135727156,0.9560593826118039
8.204999999999883,1.5215694603587688,0.9560593420720206
8.209999999999884,1.5215694939704423,0.9560593137007821
8.214999999999884,1.5215695144668233,0.9560592974358486
8.219999999999885,1.5215695219438723,0.9560592931810356
8.224999999999886,1.5215695165337115,0.9560593008068905
8.229999999999887,1.5215694984038208,0.9560593201514548
8.234999999999888,1.5215694677561409,0.9560593510211123
8.239999999999888,1.5215694248260876,0.9560593931915163
8.244999999999889,1.5215693698814843,0.9560594464085953
8.24999999999989,1.5215693032214113,0.9560595103896309
8.25499999999989,1.5215692251749808,0.9560595848244057
8.259999999999891,1.5215691361000407,0.9560596693764161
8.264999999999892,1.521569036381809,0.9560597636841464
8.269999999999893,1.52156892643145,0.956059867362399
8.274999999999894,1.5215688066845878,0.9560599800036776
8.279999999999895,1.521568677599772,0.956060101179617
8.284999999999895,1.5215685396568934,0.9560602304424562
8.289999999999896,1.5215683933555568,0.95606036732655
8.294999999999897,1.5215682392134187,0.9560605113499134
8.299999999999898,1.5215680777644902,0.9560606620157956
8.304999999999898,1.521567909557416,0.9560608188142764
8.3099999999999,1.5215677351537287,0.9560609812238821
8.3149999999999,1.5215675551260892,0.956061148713216
8.3199999999999,1.5215673700565149,0.9560613207425973
8.324999999999902,1.5215671805346023,0.9560614967657048
8.329999999999902,1.521566987155748,0.95606167623122
8.334999999999903,1.521566790519376,0.9560618585844652
8.339999999999904,1.5215665912271716,0.9560620432690325
8.344999999999905,1.521566389881333,0.9560622297283973
8.349999999999905,1.5215661870828388,0.9560624174075139
8.354999999999906,1.5215659834297413,0.9560626057543886
8.359999999999907,1.5215657795154875,0.9560627942216247
8.364999999999908,1.5215655759272753,0.9560629822679355
8.369999999999909,1.521565373244442,0.9560631693596239
8.37499999999991,1.5215651720369008,0.9560633549720208
8.37999999999991,1.5215649728636165,0.9560635385908822
8.384999999999911,1.5215647762711357,0.9560637197137387
8.389999999999912,1.5215645827921662,0.9560638978511965
8.394999999999913,1.5215643929442153,0.9560640725281845
8.399999999999913,1.5215642072282853,0.9560642432851468
8.404999999999914,1.5215640261276344,0.9560644096791762
8.409999999999915,1.521563850106601,0.9560645712850858
8.414999999999916,1.5215636796094967,0.9560647276964188
8.419999999999916,1.5215635150595699,0.9560648785263917
8.424999999999917,1.5215633568580416,0.9560650234087698
8.429999999999918,1.5215632053832158,0.9560651619986746
8.434999999999919,1.5215630609896666,0.9560652939733199
8.43999999999992,1.5215629240075017,0.9560654190326752
8.44499999999992,1.5215627947417056,0.9560655369000574
8.449999999999921,1.5215626734715628,0.956065647322648
8.454999999999922,1.5215625604501597,0.9560657500719354
8.459999999999923,1.5215624559039695,0.9560658449440836
8.464999999999923,1.5215623600325174,0.9560659317602247
8.469999999999924,1.5215622730081257,0.9560660103666766
8.474999999999925,1.5215621949757423,0.9560660806350867
8.479999999999926,1.5215621260528478,0.9560661424625005
8.484999999999927,1.521562066329443,0.9560661957713575
8.489999999999927,1.5215620158681145,0.9560662405094132
8.494999999999928,1.5215619747041798,0.9560662766495909
8.499999999999929,1.521561942845907,0.9560663041897617
8.50499999999993,1.5215619202748107,0.9560663231524577
8.50999999999993,1.5215619069460196,0.9560663335845149
8.514999999999931,1.5215619027887168,0.9560663355566538
8.519999999999932,1.5215619077066491,0.9560663291629947
8.524999999999933,1.5215619215787013,0.9560663145205123
8.529999999999934,1.5215619442595376,0.9560662917684302
8.534999999999934,1.5215619755803036,0.9560662610675611
8.539999999999935,1.521562015349386,0.9560662225995905
8.544999999999936,1.5215620633532316,0.9560661765663108
8.549999999999937,1.5215621193572166,0.9560661231888054
8.554999999999938,1.5215621831065675,0.9560660627065886
8.559999999999938,1.521562254327329,0.9560659953767016
8.564999999999939,1.5215623327273744,0.9560659214727699
8.56999999999994,1.5215624179974567,0.9560658412840236
8.57499999999994,1.5215625098122967,0.9560657551142847
8.579999999999941,1.5215626078317037,0.9560656632809255
8.584999999999942,1.5215627117017259,0.9560655661137987
8.589999999999943,1.5215628210558263,0.9560654639541459
8.594999999999944,1.5215629355160818,0.9560653571534857
8.599999999999945,1.521563054694399,0.9560652460724851
8.604999999999945,1.521563178193747,0.9560651310798192
8.609999999999946,1.5215633056093996,0.95606501255102
8.614999999999947,1.5215634365301844,0.9560648908673207
8.619999999999948,1.5215635705397386,0.956064766414495
8.624999999999948,1.5215637072177612,0.9560646395816995
8.62999999999995,1.521563846141265,0.9560645107603191
8.63499999999995,1.521563986885818,0.9560643803428188
8.63999999999995,1.5215641290267778,0.9560642487216077
8.644999999999952,1.5215642721405098,0.9560641162879147
8.649999999999952,1.5215644158055892,0.9560639834306821
8.654999999999953,1.5215645596039817,0.9560638505354786
8.659999999999954,1.5215647031222013,0.9560637179834344
8.664999999999955,1.521564845952441,0.9560635861502017
8.669999999999956,1.5215649876936732,0.9560634554049435
8.674999999999956,1.5215651279527207,0.9560633261093523
8.679999999999957,1.521565266345288,0.9560631986167023
8.684999999999958,1.5215654024969585,0.956063073270937
8.689999999999959,1.5215655360441505,0.9560629504057935
8.69499999999996,1.5215656666350301,0.956062830343967
8.69999999999996,1.5215657939303824,0.9560627133963171
8.704999999999961,1.521565917604432,0.9560625998611163
8.709999999999962,1.5215660373456195,0.9560624900233446
8.714999999999963,1.5215661528573245,0.9560623841540294
8.719999999999963,1.5215662638585419,0.956062282509634
8.724999999999964,1.5215663700844992,0.9560621853314946
8.729999999999965,1.5215664712872268,0.9560620928453079
8.734999999999966,1.5215665672360676,0.956062005260668
8.739999999999966,1.5215666577181353,0.9560619227706569
8.744999999999967,1.5215667425387132,0.9560618455514859
8.749999999999968,1.5215668215215987,0.9560617737621895
8.754999999999969,1.5215668945093899,0.9560617075443725
8.75999999999997,1.5215669613637135,0.9560616470220105
8.76499999999997,1.5215670219653976,0.9560615923013018
8.769999999999971,1.5215670762145874,0.9560615434705736
8.774999999999972,1.5215671240308013,0.9560615006002393
8.779999999999973,1.5215671653529352,0.9560614637428084
8.784999999999973,1.5215672001392073,0.956061432932947
8.789999999999974,1.5215672283670516,0.9560614081875889
8.794999999999975,1.5215672500329538,0.9560613895060965
8.799999999999976,1.5215672651522385,0.9560613768704699
8.804999999999977,1.5215672737588024,0.9560613702456024
8.809999999999977,1.5215672759047985,0.9560613695795844
8.814999999999978,1.5215672716602704,0.9560613748040483
8.819999999999979,1.5215672611127422,0.95606138583456
8.82499999999998,1.5215672443667603,0.9560614025710498
8.82999999999998,1.5215672215433944,0.9560614248982829
8.834999999999981,1.5215671927796945,0.9560614526863692
8.839999999999982,1.5215671582281112,0.9560614857913075
8.844999999999983,1.5215671180558756,0.9560615240555647
8.849999999999984,1.5215670724443484,0.9560615673086869
8.854999999999984,1.5215670215883315,0.9560616153679397
8.859999999999985,1.521566965695353,0.9560616680389762
8.864999999999986,1.5215669049849212,0.9560617251165314
8.869999999999987,1.5215668396877564,0.9560617863851385
8.874999999999988,1.5215667700449962,0.9560618516198662
8.879999999999988,1.5215666963073822,0.9560619205870753
8.88499999999999,1.5215666187344294,0.9560619930451896
8.88999999999999,1.5215665375935783,0.9560620687454827
8.89499999999999,1.5215664531593358,0.9560621474328742
8.899999999999991,1.5215663657124052,0.9560622288467351
8.904999999999992,1.52156627553881,0.9560623127217003
8.909999999999993,1.5215661829290104,0.956062398788484
8.914999999999994,1.52156608817702,0.956062486774698
8.919999999999995,1.5215659915795214,0.9560625764056682
8.924999999999995,1.5215658934349852,0.956062667405248
8.929999999999996,1.521565794042793,0.9560627594966273
8.934999999999997,1.5215656937023698,0.9560628524031329
8.939999999999998,1.5215655927123262,0.9560629458490197
8.944999999999999,1.521565491369611,0.9560630395602491
8.95,1.5215653899686825,0.9560631332652544
8.955,1.5215652888006923,0.9560632266956892
8.96,1.5215651881526915,0.9560633195871584
8.965000000000002,1.5215650883068563,0.9560634116799286
8.970000000000002,1.521564989539737,0.9560635027196176
8.975000000000003,1.5215648921215332,0.9560635924578595
8.980000000000004,1.5215647963153935,0.9560636806529457
8.985000000000005,1.5215647023767451,0.956063767070438
8.990000000000006,1.521564610552654,0.9560638514837555
8.995000000000006,1.5215645210812148,0.9560639336747297
9.000000000000007,1.5215644341909753,0.9560640134341314
9.005000000000008,1.521564350100394,0.956064090562164
9.010000000000009,1.5215642690173332,0.9560641648689248
9.01500000000001,1.5215641911385887,0.956064236174832
9.02000000000001,1.521564116649457,0.956064304311018
9.025000000000011,1.5215640457233388,0.9560643691196862
9.030000000000012,1.521563978521385,0.9560644304544326
9.035000000000013,1.5215639151921765,0.9560644881805309
9.040000000000013,1.5215638558714493,0.9560645421751809
9.045000000000014,1.5215638006818557,0.9560645923277191
9.050000000000015,1.5215637497327683,0.9560646385397932
9.055000000000016,1.5215637031201223,0.9560646807254981
9.060000000000016,1.5215636609263001,0.9560647188114757
9.065000000000017,1.5215636232200545,0.9560647527369766
9.070000000000018,1.5215635900564721,0.9560647824538857
9.075000000000019,1.5215635614769787,0.956064807926711
9.08000000000002,1.5215635375093786,0.9560648291325361
9.08500000000002,1.5215635181679388,0.9560648460609383
9.090000000000021,1.521563503453505,0.9560648587138704
9.095000000000022,1.5215634933536601,0.9560648671055091
9.100000000000023,1.5215634878429136,0.956064871262071
9.105000000000024,1.5215634868829304,0.9560648712215946
9.110000000000024,1.5215634904227924,0.9560648670336926
9.115000000000025,1.5215634983992907,0.9560648587592733
9.120000000000026,1.5215635107372543,0.9560648464702322
9.125000000000027,1.5215635273499044,0.9560648302491169
9.130000000000027,1.521563548139241,0.9560648101887655
9.135000000000028,1.5215635729964556,0.9560647863919187
9.140000000000029,1.5215636018023702,0.9560647589708087
9.14500000000003,1.5215636344279009,0.956064728046726
9.15000000000003,1.5215636707345457,0.9560646937495652
9.155000000000031,1.52156371057489,0.9560646562173513
9.160000000000032,1.5215637537931368,0.9560646155957482
9.165000000000033,1.521563800225649,0.9560645720375519
9.170000000000034,1.5215638497015131,0.9560645257021683
9.175000000000034,1.5215639020431129,0.9560644767550788
9.180000000000035,1.5215639570667179,0.9560644253672941
9.185000000000036,1.5215640145830818,0.9560643717148002
9.190000000000037,1.5215640743980496,0.9560643159779947
9.195000000000038,1.521564136313172,0.9560642583411182
9.200000000000038,1.5215642001263234,0.9560641989916814
9.20500000000004,1.5215642656323258,0.9560641381198891
9.21000000000004,1.5215643326235708,0.9560640759180643
9.21500000000004,1.5215644008906448,0.9560640125800711
9.220000000000041,1.521564470222949,0.9560639483007424
9.225000000000042,1.521564540409316,0.9560638832753094
9.230000000000043,1.521564611238624,0.9560638176988387
9.235000000000044,1.5215646825003977,0.9560637517656743
9.240000000000045,1.521564753985406,0.9560636856688901
9.245000000000045,1.5215648254862457,0.9560636195997518
9.250000000000046,1.5215648967979145,0.9560635537471902
9.255000000000047,1.5215649677183691,0.9560634882972876
9.260000000000048,1.5215650380490702,0.9560634234327782
9.265000000000049,1.521565107595509,0.9560633593325641
9.27000000000005,1.521565176167717,0.9560632961712487
9.27500000000005,1.5215652435807572,0.9560632341186863
9.28000000000005,1.5215653096551935,0.9560631733395522
9.285000000000052,1.521565374217541,0.9560631139929315
9.290000000000052,1.5215654371006921,0.95606305623193
9.295000000000053,1.5215654981443199,0.9560630002033057
9.300000000000054,1.521565557195257,0.9560629460471233
9.305000000000055,1.521565614107852,0.9560628938964322
9.310000000000056,1.521565668744295,0.9560628438769676
9.315000000000056,1.5215657209749225,0.956062796106877
9.320000000000057,1.5215657706784909,0.9560627506964714
9.325000000000058,1.5215658177424258,0.9560627077480011
9.330000000000059,1.5215658620630417,0.9560626673554584
9.33500000000006,1.5215659035457338,0.956062629604406
9.34000000000006,1.5215659421051426,0.9560625945718302
9.345000000000061,1.521565977665289,0.9560625623260226
9.350000000000062,1.5215660101596815,0.9560625329264866
9.355000000000063,1.5215660395313946,0.9560625064238708
9.360000000000063,1.5215660657331187,0.9560624828599279
9.365000000000064,1.5215660887271836,0.9560624622675005
9.370000000000065,1.5215661084855507,0.9560624446705319
9.375000000000066,1.5215661249897818,0.9560624300841025
9.380000000000067,1.5215661382309769,0.9560624185144911
9.385000000000067,1.521566148209688,0.9560624099592607
9.390000000000068,1.5215661549358068,0.9560624044073682
9.395000000000069,1.5215661584284248,0.9560624018392978
9.40000000000007,1.5215661587156708,0.9560624022272164
9.40500000000007,1.521566155834524,0.956062405535152
9.410000000000071,1.5215661498306032,0.9560624117191922
9.415000000000072,1.5215661407579346,0.9560624207277036
9.420000000000073,1.521566128678698,0.9560624325015715
9.425000000000074,1.5215661136629512,0.9560624469744566
9.430000000000074,1.521566095788339,0.9560624640730707
9.435000000000075,1.5215660751397786,0.9560624837174684
9.440000000000076,1.5215660518091325,0.9560625058213547
9.445000000000077,1.5215660258948625,0.956062530292407
9.450000000000077,1.5215659975016695,0.9560625570326108
9.455000000000078,1.5215659667401218,0.9560625859386077
9.460000000000079,1.5215659337262666,0.956062616902054
9.46500000000008,1.5215658985812353,0.95606264980999
9.47000000000008,1.5215658614308352,0.9560626845452186
9.475000000000081,1.5215658224051338,0.9560627209866902
9.480000000000082,1.521565781638038,0.9560627590098951
9.485000000000083,1.5215657392668618,0.9560627984872616
9.490000000000084,1.5215656954318966,0.9560628392885564
9.495000000000084,1.521565650275971,0.95606288128129
9.500000000000085,1.5215656039440137,0.9560629243311225
9.505000000000086,1.5215655565826132,0.9560629683022701
9.510000000000087,1.5215655083395776,0.9560630130579113
9.515000000000088,1.5215654593634977,0.9560630584605909
9.520000000000088,1.5215654098033113,0.9560631043726214
9.52500000000009,1.5215653598078738,0.9560631506564798
9.53000000000009,1.5215653095255306,0.9560631971752
9.53500000000009,1.5215652591037008,0.9560632437927583
9.540000000000092,1.5215652086884637,0.9560632903744521
9.545000000000092,1.5215651584241572,0.9560633367872705
9.550000000000093,1.5215651084529844,0.9560633829002543
9.555000000000094,1.5215650589146321,0.9560634285848478
9.560000000000095,1.5215650099459,0.9560634737152388
9.565000000000095,1.5215649616803417,0.956063518168686
9.570000000000096,1.521564914247923,0.9560635618258351
9.575000000000097,1.5215648677746896,0.9560636045710199
9.580000000000098,1.5215648223824532,0.9560636462925511
9.585000000000099,1.5215647781884922,0.9560636868829887
9.5900000000001,1.52156473530527,0.9560637262393996
9.5950000000001,1.5215646938401683,0.9560637642635997
9.600000000000101,1.5215646538952412,0.9560638008623787
9.605000000000102,1.5215646155669833,0.9560638359477092
9.610000000000102,1.5215645789461216,0.9560638694369367
9.615000000000103,1.5215645441174213,0.9560639012529537
9.620000000000104,1.5215645111595146,0.9560639313243552
9.625000000000105,1.5215644801447474,0.9560639595855757
9.630000000000106,1.5215644511390463,0.9560639859770079
9.635000000000106,1.5215644242018052,0.956064010445104
9.640000000000107,1.5215643993857926,0.9560640329424569
9.645000000000108,1.5215643767370786,0.9560640534278639
9.650000000000109,1.5215643562949808,0.9560640718663713
9.65500000000011,1.5215643380920332,0.9560640882293013
9.66000000000011,1.5215643221539714,0.9560641024942597
9.665000000000111,1.5215643084997401,0.9560641146451258
9.670000000000112,1.5215642971415182,0.9560641246720254
9.675000000000113,1.521564288084764,0.9560641325712849
9.680000000000113,1.5215642813282788,0.9560641383453682
9.685000000000114,1.5215642768642892,0.9560641420027982
9.690000000000115,1.521564274678546,0.9560641435580604
9.695000000000116,1.5215642747504428,0.9560641430314909
9.700000000000117,1.521564277053148,0.9560641404491499
9.705000000000117,1.521564281553757,0.9560641358426789
9.710000000000118,1.5215642882134572,0.9560641292491443
9.715000000000119,1.5215642969877088,0.9560641207108675
9.72000000000012,1.5215643078264405,0.9560641102752415
9.72500000000012,1.521564320674257,0.9560640979945354
9.730000000000121,1.5215643354706618,0.9560640839256873
9.735000000000122,1.5215643521502902,0.9560640681300857
9.740000000000123,1.5215643706431532,0.9560640506733417
9.745000000000124,1.5215643908748935,0.9560640316250508
9.750000000000124,1.52156441276705,0.9560640110585473
9.755000000000125,1.52156443623733,0.956063989050649
9.760000000000126,1.5215644611998909,0.956063965681397
9.765000000000127,1.5215644875656282,0.9560639410337878
9.770000000000127,1.5215645152424684,0.9560639151935014
9.775000000000128,1.5215645441356682,0.9560638882486237
9.780000000000129,1.5215645741481176,0.9560638602893654
9.78500000000013,1.5215646051806453,0.9560638314077797
9.79000000000013,1.521564637132328,0.9560638016974761
9.795000000000131,1.5215646699007992,0.9560637712533337
9.800000000000132,1.5215647033825606,0.9560637401712149
9.805000000000133,1.5215647374732904,0.9560637085476791
9.810000000000134,1.5215647720681533,0.9560636764796979
9.815000000000135,1.5215648070621062,0.9560636440643724
9.820000000000135,1.5215648423502015,0.9560636113986534
9.825000000000136,1.5215648778278865,0.9560635785790655
9.830000000000137,1.521564913391299,0.9560635457014361
9.835000000000138,1.5215649489375553,0.9560635128606284
9.840000000000138,1.521564984365035,0.9560634801502814
9.84500000000014,1.521565019573656,0.9560634476625562
9.85000000000014,1.5215650544651433,0.9560634154878893
9.85500000000014,1.5215650889432897,0.9560633837147539
9.860000000000142,1.521565122914206,0.9560633524294293
9.865000000000142,1.5215651562865642,0.9560633217157803
9.870000000000143,1.521565188971827,0.9560632916550449
9.875000000000144,1.5215652208844699,0.9560632623256327
9.880000000000145,1.5215652519421903,0.9560632338029338
9.885000000000145,1.5215652820661048,0.9560632061591384
9.890000000000146,1.5215653111809355,0.9560631794630674
9.895000000000147,1.5215653392151829,0.9560631537800157
9.900000000000148,1.5215653661012858,0.956063129171606
9.905000000000149,1.5215653917757688,0.956063105695656
9.91000000000015,1.5215654161793757,0.9560630834060577
9.91500000000015,1.5215654392571896,0.9560630623526691
9.920000000000151,1.521565460958739,0.9560630425812192
9.925000000000152,1.5215654812380903,0.9560630241332253
9.930000000000152,1.5215655000539252,0.9560630070459241
9.935000000000153,1.521565517369605,0.9560629913522155
9.940000000000154,1.52156553315322,0.9560629770806194
9.945000000000155,1.5215655473776262,0.9560629642552456
9.950000000000156,1.5215655600204656,0.956062952895777
9.955000000000156,1.5215655710641742,0.9560629430174651
9.960000000000157,1.5215655804959762,0.9560629346311387
9.965000000000158,1.5215655883078638,0.9560629277432252
9.970000000000159,1.5215655944965636,0.9560629223557838
9.97500000000016,1.5215655990634909,0.9560629184665517
9.98000000000016,1.5215656020146895,0.9560629160690004
9.985000000000161,1.5215656033607605,0.956062915152406
9.990000000000162,1.5215656031167777,0.9560629157019289
9.995000000000163,1.521565601302192,0.9560629176987043
10.000000000000163,1.5215655979407243,0.9560629211199446
10.005000000000164,1.5208214089262846,0.9565761756121378
10.010000000000165,1.5193455979611727,0.9576300137696854
10.015000000000166,1.5171433607245017,0.9592522109635304
10.020000000000167,1.5142369390346717,0.9614364823804057
10.025000000000167,1.510625796731792,0.9642118053605168
10.030000000000168,1.5063249000986014,0.9675777484794142
10.035000000000169,1.501353735610934,0.9715254348655409
10.04000000000017,1.4957330425121256,0.9760434180387013
10.04500000000017,1.4894855711086197,0.98111647807399
10.050000000000171,1.4826357903684089,0.9867262930579984
10.055000000000172,1.4752097545643175,0.9928518335286209
10.060000000000173,1.4672350082706238,0.9994696993141862
10.065000000000174,1.4587404810466882,1.0065544732180012
10.070000000000174,1.449756373761654,1.0140790772068753
10.075000000000175,1.4403140385795496,1.022015119284879
10.080000000000176,1.430445854665786,1.0303332214255922
10.085000000000177,1.4201851014649083,1.0390033212606475
10.090000000000177,1.409565831079414,1.047994942481894
10.095000000000178,1.3986227409400513,1.0572774309807764
10.100000000000179,1.3873910476505404,1.0668201555474428
10.10500000000018,1.375906362638765,1.0765926734502755
10.11000000000018,1.3642045700593104,1.086564862409632
10.115000000000181,1.3523217072652798,1.0967070213822128
10.120000000000182,1.3402938480913928,1.1069899432110673
10.125000000000183,1.3281569891537393,1.1173849626032957
10.130000000000184,1.315946939362346,1.127863983107873
10.135000000000185,1.303699212850001,1.1383994868142908
10.140000000000185,1.291448698551529,1.1489610577847986
10.145000000000186,1.2792298497839811,1.1595121901154504
10.150000000000187,1.267078312873655,1.1700383429630608
10.155000000000188,1.2550263777367205,1.1805170040323547
10.160000000000188,1.2431062889025095,1.1909188143831966
10.16500000000019,1.2313501700423766,1.2012212702487508
10.17000000000019,1.2197886615084188,1.211401705013225
10.17500000000019,1.2084514456720843,1.221436236406796
10.180000000000192,1.19736727323785,1.2313026858792608
10.185000000000192,1.186563676465545,1.2409789084388438
10.190000000000193,1.1760666700244418,1.250450826075319
10.195000000000194,1.1659015854161967,1.2596885256324355
10.200000000000195,1.1560930728160839,1.2686641538989711
10.205000000000195,1.1466633118311484,1.2773633782040728
10.210000000000196,1.1376333451398288,1.2857682180142833
10.215000000000197,1.129022918016449,1.2938579667273946
10.220000000000198,1.1208504889815232,1.3016126048647019
10.225000000000199,1.1131331010817582,1.3090136683747802
10.2300000000002,1.1058863272106643,1.3160434559678416
10.2350000000002,1.0991242792007596,1.3226846662268545
10.240000000000201,1.0928596140410733,1.3289205840885205
10.245000000000202,1.0871035271085598,1.334735279955216
10.250000000000203,1.081865745466303,1.3401136475745594
10.255000000000203,1.0771545284862623,1.345041426617303
10.260000000000204,1.0729766725365875,1.3495052720324703
10.265000000000205,1.069337516802757,1.3534928242976558
10.270000000000206,1.0662409505197084,1.3569927505053352
10.275000000000206,1.0636894213470631,1.3599947353837254
10.280000000000207,1.0616839418587167,1.3624893357812988
10.285000000000208,1.0602241177340335,1.364468271907756
10.290000000000209,1.059308189144375,1.3659253030697582
10.29500000000021,1.0589326922119808,1.366884436857351
10.30000000000021,1.059093693469054,1.3672964683676323
10.305000000000211,1.0597851957755755,1.367169775946938
10.310000000000212,1.0610000014704577,1.366509639995408
10.315000000000213,1.0627296488812443,1.3653208966581676
10.320000000000213,1.0649644242249885,1.3636091863012507
10.325000000000214,1.0676933827590773,1.3613815551923822
10.330000000000215,1.0709043750664644,1.358646737487303
10.335000000000216,1.0745840766431751,1.3554152779798583
10.340000000000217,1.0787180200893531,1.351699573572304
10.345000000000217,1.083290629724905,1.3475138708067211
10.350000000000218,1.0882852586906486,1.342874236946259
10.355000000000219,1.0936842287052781,1.3377985125158245
10.36000000000022,1.099468872694363,1.3323062487007626
10.36500000000022,1.1056195805196705,1.3264186309809753
10.370000000000221,1.1121158480282416,1.3201583895727733
10.375000000000222,1.1189363296163948,1.3135496970336056
10.380000000000223,1.1260588944666277,1.3066180534465435
10.385000000000224,1.1334606865666024,1.29939015978952
10.390000000000224,1.1411181885602466,1.2918937803326818
10.395000000000225,1.1490072894128764,1.2841575951565387
10.400000000000226,1.1571033557970285,1.276211044122396
10.405000000000227,1.1653813070255683,1.2680841638418465
10.410000000000228,1.1738156932762709,1.2598074193752813
10.415000000000228,1.1823807767702719,1.2514115325342496
10.420000000000229,1.1910506154885492,1.2429273087646084
10.42500000000023,1.199799148938833,1.2343854646437942
10.43000000000023,1.2086002854228024,1.225816458034686
10.435000000000231,1.2174279902024567,1.2172503229003806
10.440000000000232,1.2262563739271264,1.2087165107001534
10.445000000000233,1.2350597806599835,1.2002437401597543
10.450000000000234,1.243812796252556,1.1918594257045205
10.455000000000235,1.2524901517350138,1.183588152188137
10.460000000000235,1.2610681387139113,1.1754567937038485
10.465000000000236,1.2695229131025487,1.1674918411575208
10.470000000000237,1.277831091718445,1.1597175794886285
10.475000000000238,1.2859699837145753,1.1521559360139018
10.480000000000238,1.2939177009097702,1.1448266467702493
10.48500000000024,1.301653414633789,1.1377481176432256
10.49000000000024,1.3091571835171998,1.1309375035598284
10.49500000000024,1.3164100151321472,1.1244105446043424
10.500000000000242,1.3233936870193759,1.1181818104572967
10.505000000000242,1.3300912780355851,1.1122670991018273
10.510000000000243,1.3364857778066468,1.1066920440583985
10.515000000000244,1.3425642352609641,1.1014434227653886
10.520000000000245,1.3483136763769397,1.0965217901216178
10.525000000000245,1.353721148232452,1.0919406818894308
10.530000000000246,1.3587751454732708,1.0877089441438728
10.535000000000247,1.3634654792004652,1.08383252091334
10.540000000000248,1.367782849571975,1.0803146620023887
10.545000000000249,1.3717201806531385,1.077157945152282
10.55000000000025,1.3752711140806124,1.074364695169206
10.55500000000025,1.3784299015664634,1.07193528019545
10.560000000000251,1.3811925124588622,1.0698685089788953
10.565000000000252,1.383556087907478,1.0681624111422452
10.570000000000253,1.3855189388359275,1.0668141992342879
10.575000000000253,1.3870805350964814,1.0658202802581787
10.580000000000254,1.3882414899145132,1.0651762889133654
10.585000000000255,1.3890035407893593,1.0648771301924582
10.590000000000256,1.389369527515488,1.0649170250530315
10.595000000000256,1.389343367718991,1.0652895559393263
10.600000000000257,1.3889300301600225,1.065987710486985
10.605000000000258,1.3881355059706573,1.0670039225635986
10.610000000000259,1.3869667779494597,1.0683301102495677
10.61500000000026,1.385431788003935,1.069957710628671
10.62000000000026,1.383539402812633,1.0718777114240694
10.625000000000261,1.3812993777663423,1.074080679626569
10.630000000000262,1.3787223192407287,1.0765567873390132
10.635000000000263,1.3758196452499063,1.0792958351144382
10.640000000000263,1.3726035445311329,1.0822872731017612
10.645000000000264,1.3690869341146408,1.0855202203345709
10.650000000000265,1.3652834154390534,1.0889834825082967
10.655000000000266,1.3612072290814918,1.092665568590431
10.660000000000267,1.3568732081818624,1.0965547065990942
10.665000000000267,1.352296730652485,1.1006388588686062
10.670000000000268,1.3474936702766818,1.1049057370982382
10.675000000000269,1.3424803468127486,1.1093428174533826
10.68000000000027,1.3372734752324171,1.1139373559582628
10.68500000000027,1.331890114235059,1.1186764043872512
10.690000000000271,1.3263476141901231,1.1235468268289301
10.695000000000272,1.3206635646702543,1.1285353170642223
10.700000000000273,1.314855741745974,1.1336284168680242
10.705000000000274,1.3089426908748614,1.1388116774163628
10.710000000000274,1.3029423331365368,1.1440715603396727
10.715000000000275,1.2968719888373517,1.1493952503529854
10.720000000000276,1.2907496119409532,1.1547689040095628
10.725000000000277,1.284593177109727,1.160178516625475
10.730000000000278,1.2784205190778568,1.1656100963587035
10.735000000000278,1.2722492870923894,1.171049678029877
10.740000000000279,1.2660968995465616,1.1764833428453452
10.74500000000028,1.2599804996512198,1.1818972410748056
10.75000000000028,1.253916912166611,1.1872776169346866
10.755000000000281,1.2479226013212794,1.1926108351807967
10.760000000000282,1.2420128507296062,1.1978843883218666
10.765000000000283,1.2362042644730884,1.2030833077694485
10.770000000000284,1.230511860126097,1.2081933318377645
10.775000000000285,1.2249503622530329,1.2132014741473527
10.780000000000285,1.2195339165893508,1.2180961933516161
10.785000000000286,1.2142759589962964,1.2228659760756622
10.790000000000287,1.2091893154392304,1.227499068533454
10.795000000000288,1.2042862163652415,1.231983882241063
10.800000000000288,1.1995782529255876,1.2363092797784623
10.80500000000029,1.195076335175083,1.2404646249478661
10.81000000000029,1.1907906664758108,1.2444397474992688
10.81500000000029,1.1867307279115353,1.2482249338473361
10.820000000000292,1.1829052647060543,1.2518109530848198
10.825000000000292,1.1793222727473294,1.2551890916689463
10.830000000000293,1.1759889864185764,1.2583511822209565
10.835000000000294,1.1729118686362558,1.2612896258005697
10.840000000000295,1.170096603136116,1.2639974096664377
10.845000000000296,1.1675480886916194,1.2664681191287257
10.850000000000296,1.165270434842122,1.2686959366427584
10.855000000000297,1.1632669615638689,1.2706756537876545
10.860000000000298,1.1615402127388592,1.2724028563859697
10.865000000000299,1.1600919436100603,1.2738739379630255
10.8700000000003,1.1589231237279245,1.2750860820560475
10.8750000000003,1.1580339438167806,1.276037260293104
10.880000000000301,1.1574238238433998,1.2767262387987584
10.885000000000302,1.1570914225335471,1.277152586703798
10.890000000000303,1.157034648432482,1.2773166837849856
10.895000000000303,1.1572506725406295,1.277219725805776
10.900000000000304,1.1577359425261329,1.2768637268598788
10.905000000000305,1.158486198503109,1.2762515183621683
10.910000000000306,1.1594964903591474,1.2753867444920781
10.915000000000306,1.1607611966135973,1.2742738539725789
10.920000000000307,1.1622740447872997,1.2729180881103836
10.925000000000308,1.1640281332636073,1.27132546505227
10.930000000000309,1.1660159546192161,1.2695027602383289
10.93500000000031,1.1682294204012256,1.2674574830598342
10.94000000000031,1.170659887323767,1.265197849758742
10.945000000000311,1.1732981848534405,1.262732752637858
10.950000000000312,1.1761346441476044,1.2600717256850782
10.955000000000313,1.1791591283033256,1.2572249067511871
10.960000000000313,1.1823610638675384,1.2542029964577324
10.965000000000314,1.185729473550793,1.2510172140486473
10.970000000000315,1.1892530100780054,1.2476792504357221
10.975000000000316,1.1929199911000226,1.2442012187228708
10.980000000000317,1.196718435079776,1.2405956025265867
10.985000000000317,1.2006360980565165,1.2368752024392105
10.990000000000318,1.2046605111813655,1.233053081006942
10.995000000000319,1.2087790189073941,1.2291425066152495
11.00000000000032,1.2129788177079495,1.2251568966899067
11.00500000000032,1.217246995188193,1.221109760631887
11.010000000000321,1.22157056944707,1.2170146429084592
11.015000000000322,1.225936528540409,1.2128850667208702
11.020000000000323,1.230331869890722,1.2087344786609462
11.025000000000324,1.2347436394857372,1.204576194754916
11.030000000000324,1.2391589707058341,1.2004233482729958
11.035000000000325,1.243565122620457,1.1962888396581859
11.040000000000326,1.2479495175952737,1.1921852888978126
11.045000000000327,1.252299778055334,1.1881249906272342
11.050000000000328,1.25660376225465,1.184119872217517
11.055000000000328,1.2608495989094282,1.1801814550585692
11.06000000000033,1.2650257205604347,1.1763208192069956
11.06500000000033,1.26912089553952,1.1725485715246748
11.07000000000033,1.2731242584259714,1.1688748173905803
11.075000000000331,1.277025338889852,1.1653091360255194
11.080000000000332,1.2808140888316284,1.1618605594279883
11.085000000000333,1.2844809077399229,1.1585375548799903
11.090000000000334,1.2880166662019352,1.1553480109450414
11.095000000000335,1.291412727513732,1.1522992268472652
11.100000000000335,1.2946609673500062,1.149397905090874
11.105000000000336,1.297753791464872,1.1466501471538177
11.110000000000337,1.3006841514066274,1.1440614520681505
11.115000000000338,1.3034455582400641,1.1416367176828603
11.120000000000339,1.3060320942797208,1.1393802443925474
11.12500000000034,1.3084384228463992,1.137295741107315
11.13000000000034,1.310659796067251,1.135386333235422
11.13500000000034,1.3126920607467802,1.1336545724503377
11.140000000000342,1.3145316623422048,1.1321024480175856
11.145000000000342,1.3161764594032628,1.1307303011690155
11.150000000000343,1.3176242092712696,1.12953895063881
11.155000000000344,1.3188724099363296,1.1285298518592
11.160000000000345,1.3199198761410582,1.127702908007971
11.165000000000346,1.3207663975402486,1.1270570199444196
11.170000000000346,1.3214119344778328,1.1265912128254523
11.175000000000347,1.3218568993566384,1.1263042147926492
11.180000000000348,1.322102470611052,1.1261940267980004
11.185000000000349,1.3221503965722898,1.126258212840399
11.19000000000035,1.3220028668634756,1.1264940742453837
11.19500000000035,1.3216626098994841,1.1268985050830085
11.200000000000351,1.3211329030866072,1.127467977327491
11.205000000000352,1.320417509695111,1.1281986252521172
11.210000000000353,1.3195206581536363,1.129086265211249
11.215000000000353,1.3184470429653352,1.1301263847133303
11.220000000000354,1.3172018070971865,1.1313141572511214
11.225000000000355,1.3157905168720778,1.1326444657700805
11.230000000000356,1.314219142463382,1.1341119166249791
11.235000000000356,1.312494042489699,1.135710846989601
11.240000000000357,1.3106219529981948,1.137435325887678
11.245000000000358,1.308609986119507,1.1392791422647177
11.250000000000359,1.306465573003016,1.141235868804154
11.25500000000036,1.3041964220942004,1.1432989003941676
11.26000000000036,1.3018104947110234,1.1454614674684156
11.265000000000361,1.299315981730403,1.1477166478988066
11.270000000000362,1.2967212792916645,1.1500573801823948
11.275000000000363,1.294034963724261,1.1524764775333247
11.280000000000364,1.291265765889872,1.154966642637
11.285000000000364,1.2884225451178613,1.1575204828950356
11.290000000000365,1.285514262895719,1.1601305260386643
11.295000000000366,1.2825499564574976,1.16278923602352
11.300000000000367,1.2795387123959656,1.1654890291440756
11.305000000000367,1.2764896404093613,1.1682222903237949
11.310000000000368,1.2734118472814575,1.170981389548851
11.315000000000369,1.2703144111839086,1.1737586984204724
11.32000000000037,1.2672063563820868,1.1765466068046562
11.32500000000037,1.2640966284193653,1.179337539559179
11.330000000000371,1.2609940698496056,1.1821239733172508
11.335000000000372,1.257905219871878,1.184901224570642
11.340000000000373,1.2548414474396132,1.187658184550878
11.345000000000374,1.2518109958003318,1.1903878747796186
11.350000000000374,1.2488219658835864,1.1930833213187606
11.355000000000375,1.2458822665630942,1.1957376379361175
11.360000000000376,1.2429995913022285,1.1983440572324848
11.365000000000377,1.2401813953092609,1.200895956959697
11.370000000000378,1.2374348740156673,1.2033868831159544
11.375000000000378,1.2347669431889732,1.2058105707442461
11.38000000000038,1.2321842207667688,1.2081609629773353
11.38500000000038,1.2296930103782042,1.210432228686388
11.39000000000038,1.2272992864658496,1.2126187789832228
11.395000000000381,1.225008680906508,1.2147152827523438
11.400000000000382,1.22282647103578,1.2167166813315358
11.405000000000383,1.2207575689962313,1.218618202413307
11.410000000000384,1.218806512346152,1.2204153732019776
11.415000000000385,1.2169774558816258,1.2221040328318906
11.420000000000385,1.2152741646374619,1.2236803440300883
11.425000000000386,1.2137000080421092,1.225140803990855
11.430000000000387,1.2122579552082757,1.2264822544186555
11.435000000000388,1.210950571345088,1.2277018906891417
11.440000000000389,1.2097800152798268,1.2287972700741632
11.44500000000039,1.2087480380780835,1.229766318975336
11.45000000000039,1.207855982751022,1.2306073391111119
11.45500000000039,1.2071047850376417,1.2313190126040414
11.460000000000392,1.2064949752487526,1.2319004059177163
11.465000000000392,1.2060266811579698,1.2323509725964978
11.470000000000393,1.2056996319235045,1.2326705547654915
11.475000000000394,1.2055131630229532,1.2328593833531742
11.480000000000395,1.2054662221816825,1.2329180770046249
11.485000000000396,1.2055573762737959,1.2328476396593597
11.490000000000396,1.2057848191730474,1.2326494567743538
11.495000000000397,1.2061463805294286,1.2323252901798716
11.500000000000398,1.2066395354454855,1.2318772715632187
11.505000000000399,1.2072614150247145,1.2313078945834297
11.5100000000004,1.2080088177626236,1.230620005628148
11.5150000000004,1.20887822174923,1.2298167932324937
11.520000000000401,1.2098657976498817,1.2289017761884824
11.525000000000402,1.2109674224293474,1.2278787903824357
11.530000000000403,1.2121786937821155,1.2267519744067734
11.535000000000403,1.213494945229785,1.2255257540014466
11.540000000000404,1.2149112618443447,1.2242048253889757
11.545000000000405,1.2164224965540105,1.2227941375754923
11.550000000000406,1.2180232869861776,1.221298873698215
11.555000000000407,1.219708072799944,1.2197244315073064
11.560000000000407,1.2214711134586058,1.2180764030769726
11.565000000000408,1.2233065063905506,1.2163605538468338
11.570000000000409,1.225208205485104,1.2145828010999424
11.57500000000041,1.227170039868141,1.2127491919882596
11.58000000000041,1.2291857329007199,1.2108658812198445
11.585000000000411,1.2312489213426114,1.2089391085243872
11.590000000000412,1.233353174621469,1.2069751760150162
11.595000000000413,1.2354920141474892,1.204980425564463
11.600000000000414,1.2376589326128127,1.2029612163126884
11.605000000000414,1.239847413214605,1.2009239024209748
11.610000000000415,1.2420509487407696,1.1988748111842706
11.615000000000416,1.2442630604575828,1.1968202216093198
11.620000000000417,1.2464773167392211,1.1947663435608444
11.625000000000417,1.248687351380156,1.1927192975718883
11.630000000000418,1.2508868815327492,1.1906850954074368
11.635000000000419,1.253069725214049,1.1886696214627337
11.64000000000042,1.2552298183277764,1.1866786150694206
11.64500000000042,1.2573612311497757,1.1847176537738613
11.650000000000421,1.2594581842277572,1.1827921376429007
11.655000000000422,1.26151506364896,1.180907274643003
11.660000000000423,1.2635264356323868,1.1790680671293003
11.665000000000424,1.2654870604054718,1.1772792994717567
11.670000000000424,1.267391905328405,1.1755455268364514
11.675000000000425,1.269236157232822,1.1738710651311262
11.680000000000426,1.2710152339451417,1.1722599821156139
11.685000000000427,1.2727247949684715,1.170716089669782
11.690000000000428,1.2743607513006394,1.1692429372041637
11.695000000000428,1.2759192743695724,1.1678438061916503
11.70000000000043,1.2773968040708474,1.1665217057925
11.70500000000043,1.2787900558957963,1.1652793695395192
11.71000000000043,1.2800960271420199,1.164119253045645
11.715000000000432,1.2813119860813225,1.1630435536748969
11.720000000000432,1.2824324002463152,1.1620582182383177
11.725000000000433,1.2834559704622504,1.1611635587216191
11.730000000000434,1.2843842360722455,1.1603564055499118
11.735000000000435,1.2852159091562534,1.1596376515642772
11.740000000000435,1.2859494951016128,1.1590085409475823
11.745000000000436,1.2865838514068428,1.158469934320695
11.750000000000437,1.2871180508827296,1.1580225149238725
11.755000000000438,1.2875513007714476,1.1576668980652998
11.760000000000439,1.2878833049826899,1.1574031497753898
11.76500000000044,1.288114527557741,1.1572304620074416
11.77000000000044,1.2882458016870437,1.1571477002245596
11.775000000000441,1.2882780464454138,1.1571537719451996
11.780000000000442,1.2882123012473232,1.1572475600250027
11.785000000000442,1.2880498014507125,1.1574278112135414
11.790000000000443,1.2877920366945061,1.1576930553904439
11.795000000000444,1.2874408075314858,1.1580415311756362
11.800000000000445,1.2869982391938575,1.1584711710480247
11.805000000000446,1.286466730525123,1.1589796709751288
11.810000000000446,1.285848892141828,1.1595645690365375
11.815000000000447,1.285147518101843,1.160223275683342
11.820000000000448,1.284365584028944,1.160953068540488
11.825000000000449,1.283506251603523,1.161751080026442
11.83000000000045,1.2825728684740034,1.1626142920679496
11.83500000000045,1.2815689603266565,1.1635395414427667
11.840000000000451,1.2804982163890528,1.1645235333816961
11.845000000000452,1.279364471995744,1.1655628582993092
11.850000000000453,1.2781716911679135,1.1666540077829404
11.855000000000453,1.2769239494620082,1.167793389690431
11.860000000000454,1.2756254153171869,1.1689773447806031
11.865000000000455,1.2742803514599,1.1702021369196385
11.870000000000456,1.2728931092873919,1.1714639537126181
11.875000000000457,1.2714681140280735,1.1727589194356611
11.880000000000457,1.2700098502437867,1.1740831071429692
11.885000000000458,1.2685228475826618,1.175432550295107
11.890000000000459,1.2670116667711073,1.1768032540362308
11.89500000000046,1.26548088583448,1.1781912062034916
11.90000000000046,1.2639350865423555,1.1795923881222228
11.905000000000461,1.2623788410822538,1.1810027852195941
11.910000000000462,1.260816698973209,1.1824183974741937
11.915000000000463,1.2592531742368462,1.1838352497078535
11.920000000000464,1.2576927328482737,1.185249401718023
11.925000000000464,1.2561397804921857,1.1866569582433868
11.930000000000465,1.2545986506512876,1.1880540787515943
11.935000000000466,1.2530735930547539,1.1894369870354824
11.940000000000467,1.251568762514183,1.1908019806025751
11.945000000000467,1.2500882081736482,1.1921454398416738
11.950000000000468,1.248635863199122,1.1934638369497468
11.955000000000469,1.2472155349309595,1.1947537446019627
11.96000000000047,1.2458308955213422,1.1960118443474355
11.96500000000047,1.2444854730766859,1.1972349347130509
11.970000000000471,1.2431826433230864,1.1984199389975465
11.975000000000472,1.241925621810919,1.199563912737831
11.980000000000473,1.2407174566727686,1.2006640508293644
11.985000000000474,1.2395610219469586,1.2017176942822643
11.990000000000475,1.2384590114770768,1.2027223365947126
11.995000000000475,1.2374139333960694,1.2036756297251976
12.000000000000476,1.2364281052017045,1.2045753896451792
12.005000000000477,1.2355036494284797,1.2054196014539276
12.010000000000478,1.2346424899193835,1.20620642403758
12.015000000000478,1.2338463486993028,1.2069341942548912
12.02000000000048,1.233116743450303,1.2076014306327454
12.02500000000048,1.2324549855874989,1.2082068365552703
12.03000000000048,1.2318621789327657,1.2087493029313259
12.035000000000482,1.231339218982131,1.2092279103262726
12.040000000000482,1.2308867927613107,1.2096419305452364
12.045000000000483,1.23050537926253,1.2099908276565814
12.050000000000484,1.2301952504544835,1.210274258445983
12.055000000000485,1.2299564728560415,1.2104920722933497
12.060000000000485,1.2297889096630925,1.2106443104668625
12.065000000000486,1.2296922234167447,1.2107312048305747
12.070000000000487,1.2296658791999497,1.2107531759643395
12.075000000000488,1.2297091483485123,1.2107108306972703
12.080000000000489,1.2298211126613432,1.2106049590584873
12.08500000000049,1.2300006690937766,1.2104365306515468
12.09000000000049,1.2302465349167186,1.2102066904616426
12.095000000000491,1.2305572533234113,1.2099167541074136
12.100000000000492,1.2309311994646048,1.2095682025519507
12.105000000000492,1.231366586891999,1.209162676290343
12.110000000000493,1.231861474388888,1.2087019690338159
12.115000000000494,1.2324137731660774,1.2081880209131748
12.120000000000495,1.233021254400286,1.2076229112268129
12.125000000000496,1.233681557091456,1.2070088507610168
12.130000000000496,1.2343921962146238,1.2063481737125938
12.135000000000497,1.235150571141308,1.2056433292460023
12.140000000000498,1.2359539743047083,1.2048968727191272
12.145000000000499,1.236799600082411,1.204111456613593
12.1500000000005,1.237684553869771,1.2032898212070422
12.1550000000005,1.238605861316667,1.202434785026081
12.160000000000501,1.2395604776999405,1.2015492351196397
12.165000000000502,1.2405452974035138,1.2006361171932434
12.170000000000503,1.2415571634779556,1.1996984256451824
12.175000000000503,1.242592877251114,1.198739193545782
12.180000000000504,1.243649207961393,1.1977614826008898
12.185000000000505,1.244722902385286,1.196768373140351
12.190000000000506,1.2458106944309175,1.1957629541716162
12.195000000000507,1.2469093146695878,1.194748313537727
12.200000000000507,1.2480154997776434,1.1937275282177813
12.205000000000508,1.2491260018614432,1.1927036548065937
12.210000000000509,1.2502375976387121,1.1916797202086489
12.21500000000051,1.2513470974502188,1.1906587125796406
12.22000000000051,1.252451354076432,1.1896435725468817
12.225000000000511,1.2535472713346372,1.188637184737721
12.230000000000512,1.2546318124328966,1.1876423696428091
12.235000000000513,1.2557020080582255,1.1866618758386513
12.240000000000514,1.2567549641774354,1.1856983725914065
12.245000000000514,1.2577878695302247,1.184754442861342
12.250000000000515,1.2587980027953074,1.1838325767247848
12.255000000000516,1.2597827394116425,1.1829351652278257
12.260000000000517,1.2607395580381318,1.1820644946834706
12.265000000000517,1.2616660466365275,1.1812227414214111
12.270000000000518,1.262559908163684,1.1804119669971223
12.275000000000519,1.2634189658607176,1.1796341138646222
12.28000000000052,1.264241168128091,1.1788910015149425
12.28500000000052,1.2650245929771042,1.1781843230801916
12.290000000000521,1.2657674520497508,1.1775156424010635
12.295000000000522,1.2664680942003659,1.1768863915537318
12.300000000000523,1.2671250086339763,1.1762978688303247
12.305000000000524,1.2677368275977055,1.1757512371655694
12.310000000000525,1.268302328623046,1.1752475230007482
12.315000000000525,1.268820436318214,1.174787615574821
12.320000000000526,1.2692902237112094,1.1743722666314353
12.325000000000527,1.2697109131455555,1.174002090529563
12.330000000000528,1.2700818767320252,1.1736775647446678
12.335000000000528,1.2704026363609446,1.1733990307466327
12.34000000000053,1.2706728632809148,1.1731666952400999
12.34500000000053,1.2708923772509904,1.1729806317524716
12.35000000000053,1.2710611452745122,1.172840782554488
12.355000000000532,1.2711792799238975,1.1727469608981136
12.360000000000532,1.2712470372667437,1.1726988535563339
12.365000000000533,1.2712648144046144,1.1726960236494621
12.370000000000534,1.2712331466368185,1.1727379137425848
12.375000000000535,1.2711527042624,1.1728238491989016
12.380000000000535,1.271024289034394,1.1729530417738734
12.385000000000536,1.2708488302811967,1.1731245934352958
12.390000000000537,1.2706273807106248,1.1733375003946622
12.395000000000538,1.2703611119129197,1.1735906573354276
12.400000000000539,1.2700513095795718,1.1738828618240726
12.40500000000054,1.2696993684553977,1.174212818890144
12.41000000000054,1.2693067870418133,1.174579145761723
12.415000000000541,1.2688751620696943,1.1749803767430653
12.420000000000542,1.2684061827605972,1.1754149682214075
12.425000000000542,1.2679016248954629,1.1758813037901925
12.430000000000543,1.267363344710182,1.1763776994762036
12.435000000000544,1.266793272637635,1.1769024090582998
12.440000000000545,1.2661934069159724,1.1774536294656441
12.445000000000546,1.2655658070830056,1.1780295062434845
12.450000000000546,1.2649125873766318,1.1786281390746844
12.455000000000547,1.2642359100612008,1.1792475873453319
12.460000000000548,1.2635379786996763,1.1798858757428485
12.465000000000549,1.2628210313913197,1.180540999875103
12.47000000000055,1.2620873339944596,1.1812109318990984
12.47500000000055,1.2613391733536812,1.1818936261478388
12.480000000000551,1.2605788505505011,1.1825870247440253
12.485000000000552,1.2598086741962644,1.1832890631892403
12.490000000000553,1.2590309537856312,1.183997675917301
12.495000000000553,1.2582479931286032,1.1847108018004693
12.500000000000554,1.2574620838785733,1.1854263895972124
12.505000000000555,1.2566754991733828,1.1861424033302206
12.510000000000556,1.2558904874058197,1.186856827583405
12.515000000000557,1.2551092661394123,1.187567672706622
12.520000000000557,1.2543340161847527,1.1882729799169087
12.525000000000558,1.2535668758509313,1.1889708262850742
12.530000000000559,1.2528099353859856,1.189659329596555
12.53500000000056,1.2520652316195504,1.190336653075545
12.54000000000056,1.2513347428201667,1.1910010099615342
12.545000000000561,1.2506203837789442,1.1916506679275292
12.550000000000562,1.2499240011304966,1.1922839533294243
12.555000000000563,1.2492473689212724,1.1928992552761915
12.560000000000564,1.2485921844345929,1.1934950295108187
12.565000000000564,1.2479600642808857,1.194069802092205
12.570000000000565,1.247352540760775,1.1946221728685589
12.575000000000566,1.2467710585078382,1.1951508187332027
12.580000000000567,1.2462169714170073,1.1956544966541114
12.585000000000568,1.2456915398637354,1.1961320464689535
12.590000000000568,1.245195928218204,1.196582393437921
12.595000000000569,1.244731202658,1.1970045505471554
12.60000000000057,1.2442983292818472,1.1973976205561911
12.60500000000057,1.2438981725261349,1.1977607977834457
12.610000000000571,1.2435314938851612,1.1980933696244827
12.615000000000572,1.2431989509351782,1.198394717798475
12.620000000000573,1.24290109666152,1.198664319319068
12.625000000000574,1.2426383790872841,1.1989017471866261
12.630000000000575,1.2424111412012593,1.1991066707996896
12.635000000000575,1.2422196211820105,1.1992788560843273
12.640000000000576,1.2420639529142758,1.1994181653409675
12.645000000000577,1.241944166793091,1.1995245568092114
12.650000000000578,1.2418601908103297,1.1995980839520752
12.655000000000578,1.241811851917649,1.1996388944620637
12.66000000000058,1.2417988776591447,1.1996472289924545
12.66500000000058,1.2418208980663539,1.1996234196181454
12.67000000000058,1.2418774478076164,1.199567888031404
12.675000000000582,1.2419679685831797,1.1994811434788222
12.680000000000582,1.2420918117568513,1.1993637804467574
12.685000000000583,1.2422482412144362,1.1992164761034776
12.690000000000584,1.2424364364386649,1.1990399875071627
12.695000000000585,1.242655495789811,1.1988351485898037
12.700000000000585,1.2429044399807232,1.1986028669279063
12.705000000000586,1.2431822157345485,1.1983441203117235
12.710000000000587,1.2434876996130186,1.1980599531255174
12.715000000000588,1.2438197020027941,1.1977514725520646
12.720000000000589,1.244176971247008,1.1974198446152866
12.72500000000059,1.2445581979088625,1.1970662900754832
12.73000000000059,1.2449620191538489,1.1966920801921748
12.735000000000591,1.2453870232369386,1.1962985323700226
12.740000000000592,1.245831754080901,1.195887005703678
12.745000000000593,1.2462947159317508,1.1954588964377166
12.750000000000593,1.246774378077224,1.195015633358041
12.755000000000594,1.2472691796141062,1.1945586731312776
12.760000000000595,1.2477775342502162,1.194089495608756
12.765000000000596,1.2482978351268632,1.1936095991116362
12.770000000000596,1.2488284596476535,1.19312049571365
12.775000000000597,1.2493677742996248,1.1926237065377296
12.780000000000598,1.2499141394528317,1.1921207570825423
12.785000000000599,1.2504659141246879,1.1916131725946073
12.7900000000006,1.2510214606956,1.1911024735012574
12.7950000000006,1.2515791495626982,1.190590170919225
12.800000000000601,1.2521373637187674,1.190077762253093
12.805000000000602,1.2526945032438408,1.1895667268972365
12.810000000000603,1.2532489896972878,1.1890585220542282
12.815000000000603,1.2537992703986578,1.188554578681964
12.820000000000604,1.2543438225859833,1.1880562975810223
12.825000000000605,1.2548811574407397,1.187565045632971
12.830000000000606,1.2554098239691662,1.1870821521995298
12.835000000000607,1.2559284127302,1.1866089056916393
12.840000000000607,1.2564355594008378,1.1861465503166357
12.845000000000608,1.2569299481703389,1.185696283010856
12.850000000000609,1.2574103149552867,1.1852592505641195
12.85500000000061,1.2578754504281628,1.1848365469416537
12.86000000000061,1.2583242028527355,1.1844292108081598
12.865000000000611,1.2587554807202155,1.184038223257859
12.870000000000612,1.259168255180817,1.1836645057535085
12.875000000000613,1.2595615622660277,1.1833089182765544
12.880000000000614,1.259934504897585,1.182972257689796
12.885000000000614,1.2602862546798421,1.182655256313155
12.890000000000615,1.2606160534728947,1.1823585807124104
12.895000000000616,1.2609232147445277,1.1820828307000515
12.900000000000617,1.2612071246997267,1.1818285385467318
12.905000000000618,1.261467243187174,1.1815961684011715
12.910000000000618,1.261703104382821,1.1813861159157677
12.915000000000619,1.2619143172512817,1.1811987080746102
12.92000000000062,1.2621005657864486,1.1810342032200931
12.92500000000062,1.2622616090333574,1.1808927912738305
12.930000000000621,1.2623972808939428,1.180774594147153
12.935000000000622,1.262507489719935,1.1806796663360626
12.940000000000623,1.2625922176967188,1.1806079956951616
12.945000000000624,1.2626515200225412,1.1805595043847492
12.950000000000625,1.262685523887992,1.1805340499849877
12.955000000000625,1.2626944272611949,1.1805314267707798
12.960000000000626,1.2626784974846417,1.1805513671407808
12.965000000000627,1.2626380696900654,1.1805935431937586
12.970000000000628,1.2625735450381916,1.1806575684453553
12.975000000000628,1.2624853887906204,1.1807429996781504
12.98000000000063,1.2623741282214787,1.1808493389178072
12.98500000000063,1.2622403503768398,1.1809760355279773
12.99000000000063,1.2620846996902437,1.181122488416559
12.995000000000632,1.2619078754629431,1.1812880483458392
13.000000000000632,1.2617106292177842,1.1814720203389908
13.005000000000633,1.261493761935865,1.1816736661753733
13.010000000000634,1.261258121185335,1.1818922069670488
13.015000000000635,1.2610045981518758,1.1821268258089195
13.020000000000636,1.2607341245805639,1.1823766704948866
13.025000000000636,1.2604476696389368,1.1826408562924389
13.030000000000637,1.2601462367111786,1.1829184687680927
13.035000000000638,1.2598308601334076,1.1832085666561252
13.040000000000639,1.2595026018800841,1.1835101847630758
13.04500000000064,1.259162548211565,1.183822336900524
13.05000000000064,1.258811806292808,1.1841440188386918
13.055000000000641,1.2584515007931838,1.1844742112734705
13.060000000000642,1.2580827704772766,1.1848118827995295
13.065000000000643,1.2577067647964473,1.1851559928822155
13.070000000000643,1.2573246404908143,1.185505494821031
13.075000000000644,1.2569375582111406,1.1858593386975476
13.080000000000645,1.2565466791699509,1.1862164743006969
13.085000000000646,1.2561531618309902,1.1865758540224713
13.090000000000646,1.255758158645916,1.1869364357171668
13.095000000000647,1.2553628128468701,1.1872971855174042
13.100000000000648,1.2549682553033117,1.1876570806002946
13.105000000000649,1.2545756014511966,1.1880151118972286
13.11000000000065,1.254185948302301,1.1883702867409207
13.11500000000065,1.2538003715411474,1.188721631443484
13.120000000000651,1.2534199227166662,1.1890681937994776
13.125000000000652,1.2530456265353636,1.1894090455080422
13.130000000000653,1.252678478262407,1.189743284508431
13.135000000000653,1.2523194412366514,1.190070037223443
13.140000000000654,1.2519694445052467,1.1903884607054835
13.145000000000655,1.251629380583058,1.1906977446802114
13.150000000000656,1.251300103341725,1.190997113482969
13.155000000000657,1.2509824260327636,1.1912858278834615
13.160000000000657,1.2506771194486932,1.19156318679442
13.165000000000658,1.2503849102257394,1.1918285288602748
13.170000000000659,1.2501064792912266,1.1920812339221691
13.17500000000066,1.2498424604583396,1.1923207243559635
13.18000000000066,1.2495934391704948,1.1925464662802066
13.185000000000661,1.2493599513971172,1.1927579706314049
13.190000000000662,1.2491424826821833,1.1929547941042673
13.195000000000663,1.2489414673464543,1.1931365399549856
13.200000000000664,1.2487572878438775,1.1933028586659769
13.205000000000664,1.248590274272219,1.1934534484709198
13.210000000000665,1.2484407040375467,1.1935880557393035
13.215000000000666,1.2483088016717725,1.1937064752201203
13.220000000000667,1.2481947388020427,1.1938085501447526
13.225000000000668,1.2480986342703606,1.193894172189505
13.230000000000668,1.2480205544014242,1.1939632812986773
13.23500000000067,1.2479605134162761,1.1940158653694737
13.24000000000067,1.247918473988981,1.1940519598004813
13.24500000000067,1.2478943479431805,1.1940716469058699
13.250000000000671,1.2478879970850179,1.1940750551978703
13.255000000000672,1.247899234168584,1.1940623585405152
13.260000000000673,1.2479278239897065,1.19403377517802
13.265000000000674,1.2479734846035864,1.1939895666415743
13.270000000000675,1.2480358886614922,1.193930036538706
13.275000000000675,1.248114664861431,1.1938555292297377
13.280000000000676,1.2482093995074537,1.1937664283962166
13.285000000000677,1.2483196381719968,1.193663155506533
13.290000000000678,1.248444887455431,1.1935461681842598
13.295000000000678,1.2485846168367756,1.193415958485047
13.30000000000068,1.24873826060933,1.1932730510881684
13.30500000000068,1.2489052198948134,1.1931180014090903
13.31000000000068,1.2490848647294233,1.1929513936396354
13.315000000000682,1.2492765362151093,1.1927738387225342
13.320000000000682,1.249479548729217,1.1925859722673202
13.325000000000683,1.2496931921855776,1.1923884524146753
13.330000000000684,1.2499167343400281,1.1921819576564459
13.335000000000685,1.2501494231332964,1.1919671846186413
13.340000000000686,1.2503904890641502,1.1917448458147846
13.345000000000686,1.2506391475856866,1.191515667377009
13.350000000000687,1.250894601517654,1.1912803867723045
13.355000000000688,1.251156043467715,1.191039750511273
13.360000000000689,1.2514226582546086,1.1907945118567085
13.36500000000069,1.2516936253262434,1.1905454285392147
13.37000000000069,1.251968121165823,1.190293260486974
13.375000000000691,1.2522453216792306,1.1900387675766235
13.380000000000692,1.2525244045570103,1.189782707412042
13.385000000000693,1.2528045516044308,1.1895258331376453
13.390000000000693,1.2530849510332818,1.1892688912925895
13.395000000000694,1.2533647997092263,1.189012619712027
13.400000000000695,1.2536433053487326,1.188757745481319
13.405000000000696,1.2539196886598174,1.1885049829488292
13.410000000000696,1.25419318542106,1.1882550318026288
13.415000000000697,1.2544630484935895,1.1880085752161431
13.420000000000698,1.2547285497609968,1.1877662780674516
13.425000000000699,1.254988981992394,1.1875287852366185
13.4300000000007,1.2552436606241222,1.1872967199851021
13.4350000000007,1.2554919254558894,1.1870706824209383
13.440000000000701,1.255733142257433,1.186851248053046
13.445000000000702,1.2559667042820903,1.186638966437651
13.450000000000703,1.2561920336839907,1.1864343599194611
13.455000000000704,1.2564085828358864,1.1862379224698814
13.460000000000704,1.2566158355449835,1.1860501186241903
13.465000000000705,1.2568133081644417,1.1858713825192584
13.470000000000706,1.2570005505985664,1.1857021170330342
13.475000000000707,1.2571771472000284,1.1855426930266895
13.480000000000707,1.2573427175578016,1.1853934486899735
13.485000000000708,1.2574969171748283,1.1852546889900053
13.490000000000709,1.2576394380347633,1.1851266852234141
13.49500000000071,1.2577700090574773,1.1850096746714294
13.50000000000071,1.257888396443326,1.184903860357226
13.505000000000711,1.2579944039065172,1.1848094109045466
13.510000000000712,1.2580878727982252,1.1847264604963457
13.515000000000713,1.2581686821204134,1.1846551089319406
13.520000000000714,1.2582367484316332,1.1845954217809087
13.525000000000714,1.2582920256463646,1.1845474306317278
13.530000000000715,1.258334504729748,1.18451113343294
13.535000000000716,1.258364213289848,1.1844864949244036
13.540000000000717,1.2583812150698428,1.1844734471560097
13.545000000000718,1.258385609342809,1.184471890091043
13.550000000000718,1.2583775302120093,1.18448169229121
13.55500000000072,1.2583571458198277,1.1845026916801866
13.56000000000072,1.2583246574687235,1.1845346963824004
13.56500000000072,1.2582802986577857,1.1845774856336242
13.570000000000721,1.2582243340386645,1.1846308107598384
13.575000000000722,1.258157058294845,1.1846943962207068
13.580000000000723,1.258078794948394,1.1847679407139131
13.585000000000724,1.2579898950984711,1.1848511183365193
13.590000000000725,1.257890736096034,1.1849435797994272
13.595000000000725,1.257781720159297,1.185044953690955
13.600000000000726,1.2576632729346104,1.1851548477854934
13.605000000000727,1.2575358420075338,1.1852728503931462
13.610000000000728,1.2573998953689478,1.1853985317462314
13.615000000000729,1.2572559198411248,1.1855314454184867
13.62000000000073,1.2571044194687324,1.1856711297728038
13.62500000000073,1.2569459138797692,1.1858171094333052
13.63000000000073,1.2567809366214755,1.1859688967775743
13.635000000000732,1.2566100334762498,1.1861259934448534
13.640000000000732,1.2564337607626108,1.1862878918560433
13.645000000000733,1.2562526836262156,1.1864540767413532
13.650000000000734,1.256067374325917,1.1866240266714827
13.655000000000735,1.2558784105197907,1.1867972155882547
13.660000000000736,1.2556863735560038,1.1869731143306628
13.665000000000736,1.2554918467733258,1.187151192152348
13.670000000000737,1.255295413815988,1.187330918226581
13.675000000000738,1.2550976569675103,1.1875117631348904
13.680000000000739,1.2548991555079951,1.18769320033556
13.68500000000074,1.2547004840992706,1.187874707608288
13.69000000000074,1.2545022112021336,1.1880557684714017
13.695000000000741,1.2543048975297981,1.1882358735681107
13.700000000000742,1.2541090945415074,1.18841452201839
13.705000000000743,1.253915342980101,1.1885912227331905
13.710000000000743,1.253724171457163,1.1887654956877973
13.715000000000744,1.2535360950891985,1.1889368731512762
13.720000000000745,1.2533516141881003,1.1891049008690853
13.725000000000746,1.2531712130089752,1.1892691391960628
13.730000000000746,1.2529953585582048,1.1894291641771497
13.735000000000747,1.2528244994644047,1.1895845685733555
13.740000000000748,1.2526590649147487,1.1897349628306335
13.745000000000749,1.2524994636589004,1.1898799759894967
13.75000000000075,1.2523460830825872,1.1900192565333692
13.75500000000075,1.2521992883526245,1.1901524731738518
13.760000000000751,1.2520594216349847,1.1902793155712474
13.765000000000752,1.2519268013872737,1.1903994949888856
13.770000000000753,1.2518017217267565,1.190512744879971
13.775000000000754,1.2516844518748516,1.1906188214058688
13.780000000000754,1.2515752356787795,1.1907175038849394
13.785000000000755,1.2514742912108368,1.1908085951712322
13.790000000000756,1.2513818104455345,1.1908919219625456
13.795000000000757,1.2512979590146251,1.1909673350375671
13.800000000000757,1.2512228760398172,1.191034709422004
13.805000000000758,1.2511566740427686,1.1910939444838267
13.810000000000759,1.2510994389317265,1.1911449639579437
13.81500000000076,1.2510512300639816,1.1911877159008306
13.82000000000076,1.2510120803830982,1.1912221725758443
13.825000000000761,1.250981996629682,1.1912483302701387
13.830000000000762,1.2509609596242532,1.191266209044311
13.835000000000763,1.2509489246206065,1.1912758524160838
13.840000000000764,1.2509458217278602,1.191277326979535
13.845000000000764,1.25095155639922,1.1912707219615486
13.850000000000765,1.2509660099853184,1.1912561487173638
13.855000000000766,1.2509890403498292,1.1912337401672455
13.860000000000767,1.2510204825449085,1.1912036501764849
13.865000000000768,1.251060149543872,1.1911660528810846
13.870000000000768,1.2511078330283782,1.1911211419616328
13.87500000000077,1.251163304227271,1.191069129868017
13.88000000000077,1.251226314804113,1.1910102469977515
13.88500000000077,1.2512965977903399,1.19094474083082
13.890000000000772,1.2513738685608637,1.190872875024041
13.895000000000772,1.2514578258488738,1.1907949284680661
13.900000000000773,1.2515481527965044,1.1907111943102107
13.905000000000774,1.2516445180379685,1.190621978946393
13.910000000000775,1.2517465768117098,1.1905276009855228
13.915000000000775,1.2518539720980724,1.1904283901897383
13.920000000000776,1.2519663357789546,1.1903246863939276
13.925000000000777,1.2520832898158916,1.1902168384080043
13.930000000000778,1.2522044474429948,1.190105202905424
13.935000000000779,1.2523294143711718,1.1899901433014324
13.94000000000078,1.2524577900000602,1.189872028624533
13.94500000000078,1.2525891686341228,1.1897512323846373
13.95000000000078,1.2527231406993788,1.189628131441341
13.955000000000782,1.252859293957286,1.189503104875717
13.960000000000782,1.2529972147123274,1.1893765328689716
13.965000000000783,1.2531364890099232,1.1892487955912434
13.970000000000784,1.2532767038213428,1.1891202721037504
13.975000000000785,1.2534174482123717,1.188991339277409
13.980000000000786,1.2535583144925724,1.1888623707309545
13.985000000000786,1.253698899342064,1.1887337357914909
13.990000000000787,1.2538388049128475,1.1886057984802854
13.995000000000788,1.2539776399018134,1.1884789165265088
14.000000000000789,1.2541150205926728,1.1883534404114962
14.00500000000079,1.2542505718641859,1.188229712445964
14.01000000000079,1.2543839281621783,1.1881080658824958
14.015000000000791,1.2545147344329743,1.1879888240654513
14.020000000000792,1.2546426470160146,1.187872299620313
14.025000000000793,1.2547673344935626,1.187758793684337
14.030000000000793,1.2548884784955625,1.1876485951802056
14.035000000000794,1.2550057744578544,1.1875419801342408
14.040000000000795,1.2551189323321104,1.1874392110405638
14.045000000000796,1.255227677246015,1.1873405362724283
14.050000000000797,1.2553317501123722,1.1872461895418016
14.055000000000797,1.2554309081859858,1.187156389408093
14.060000000000798,1.2555249255673229,1.1870713388367797
14.065000000000799,1.2556135936521333,1.186991224808513
14.0700000000008,1.25569672152637,1.1869162179791313
14.0750000000008,1.2557741363059118,1.1868464723908514
14.080000000000801,1.2558456834207647,1.186782125234752
14.085000000000802,1.2559112268435713,1.1867232966645131
14.090000000000803,1.2559706492624318,1.1866700896612343
14.095000000000804,1.2560238521981906,1.1866225899489933
14.100000000000804,1.2560707560665048,1.186580865960687
14.105000000000805,1.2561113001851703,1.1865449688535454
14.110000000000806,1.256145442727323,1.1865149325735869
14.115000000000807,1.2561731606212911,1.186490773968148
14.120000000000807,1.256194449398012,1.1864724929455126
14.125000000000808,1.25620932298707,1.1864600726805326
14.130000000000809,1.2562178134625477,1.1864534798650377
14.13500000000081,1.2562199707400057,1.1864526650017162
14.14000000000081,1.2562158622260418,1.1864575627400495
14.145000000000811,1.2562055724219885,1.1864680922528
14.150000000000812,1.2561892024834296,1.1864841576514469
14.155000000000813,1.2561668697373112,1.1865056484389007
14.160000000000814,1.2561387071585381,1.186532439997737
14.165000000000814,1.2561048628080267,1.186564394112127
14.170000000000815,1.2560654992342752,1.1866013595215774
14.175000000000816,1.2560207928405989,1.1866431725045343
14.180000000000817,1.2559709332202376,1.1866896574898491
14.185000000000818,1.2559161224616204,1.186740627694066
14.190000000000818,1.255856574426121,1.1867958857824428
14.19500000000082,1.2557925140006918,1.1868552245515867
14.20000000000082,1.2557241763278066,1.1869184276315552
14.20500000000082,1.2556518060151791,1.1869852702052524
14.210000000000822,1.2555756563277471,1.187055519742927
14.215000000000822,1.2554959883644399,1.1871289367495772
14.220000000000823,1.2554130702222523,1.1872052755230467
14.225000000000824,1.2553271761501619,1.1872842849206102
14.230000000000825,1.2552385856954156,1.1873657091318393
14.235000000000825,1.2551475828447116,1.1874492884555548
14.240000000000826,1.2550544551627818,1.1875347600786874
14.245000000000827,1.254959492930857,1.1876218588548837
14.250000000000828,1.2548629882874716,1.1877103180807236
14.255000000000829,1.254765234374024,1.1877998702674424
14.26000000000083,1.2546665244874697,1.1878902479060884
14.26500000000083,1.2545671512424705,1.1879811842240822
14.270000000000831,1.25446740574528,1.188072413931191
14.275000000000832,1.2543675767815676,1.1881636739529768
14.280000000000832,1.254267950020335,1.1882547041498357
14.285000000000833,1.254168807235995,1.1883452480197907
14.290000000000834,1.254070425550615,1.1884350533832788
14.295000000000835,1.2539730766982398,1.1885238730482204
14.300000000000836,1.25387702631313,1.1886114654537399
14.305000000000836,1.2537825332436567,1.1886975952909749
14.310000000000837,1.2536898488935027,1.1887820340994852
14.315000000000838,1.253599216591724,1.1888645608378572
14.320000000000839,1.2535108709931282,1.1889449624271766
14.32500000000084,1.2534250375103113,1.1890230342661308
14.33000000000084,1.2533419317786096,1.1890985807165901
14.335000000000841,1.2532617591550947,1.1891714155586066
14.340000000000842,1.2531847142526442,1.1892413624138634
14.345000000000843,1.2531109805100018,1.1893082551367007
14.350000000000843,1.2530407297986343,1.189371938171947
14.355000000000844,1.2529741220670716,1.1894322668788728
14.360000000000845,1.2529113050233105,1.1894891078206955
14.365000000000846,1.2528524138557398,1.1895423390191555
14.370000000000847,1.2527975709929398,1.1895918501737932
14.375000000000847,1.2527468859025845,1.1896375428456518
14.380000000000848,1.252700454929571,1.189679330605241
14.385000000000849,1.2526583611733817,1.1897171391446901
14.39000000000085,1.2526206744045765,1.189750906354134
14.39500000000085,1.2525874510202024,1.1897805823624636
14.400000000000851,1.2525587340378006,1.1898061295426814
14.405000000000852,1.2525345531275822,1.189827522482203
14.410000000000853,1.2525149246822451,1.1898447479185381
14.415000000000854,1.252499851923803,1.1898578046408845
14.420000000000854,1.2524893250466924,1.189866703358263
14.425000000000855,1.2524833213963436,1.1898714665349108
14.430000000000856,1.2524818056822937,1.1898721281937426
14.435000000000857,1.2524847302248447,1.1898687336887703
14.440000000000857,1.2524920352341802,1.1898613394474638
14.445000000000858,1.252503649120773,1.1898500126841032
14.450000000000859,1.2525194888358464,1.1898348310852582
14.45500000000086,1.252539460240572,1.1898158824685987
14.46000000000086,1.252563458502628,1.1897932644163036
14.465000000000861,1.2525913685186745,1.1897670838844092
14.470000000000862,1.2526230653612467,1.1897374567894847
14.475000000000863,1.2526584147485145,1.1897045075740826
14.480000000000864,1.2526972735353077,1.1896683687524632
14.485000000000865,1.252739490223765,1.1896291804381267
14.490000000000865,1.2527849054919291,1.1895870898547387
14.495000000000866,1.252833352738572,1.1895422508320523
14.500000000000867,1.252884658642515,1.1894948232884728
14.505000000000868,1.2529386437346794,1.1894449727019247
14.510000000000868,1.2529951229810943,1.1893928695706992
14.51500000000087,1.253053906375068,1.1893386888659767
14.52000000000087,1.2531147995367333,1.1892826094777162
14.52500000000087,1.2531776043181657,1.189224813655617
14.530000000000872,1.2532421194122882,1.1891654864468384
14.535000000000872,1.2533081409637772,1.1891048151321688
14.540000000000873,1.2533754631802032,1.1890429886623086
14.545000000000874,1.253443878941657,1.1889801970959162
14.550000000000875,1.253513180407139,1.188916631041044
14.555000000000875,1.253583159616014,1.1888524811015548
14.560000000000876,1.2536536090828705,1.1887879373300818
14.565000000000877,1.2537243223841588,1.1887231886890501
14.570000000000878,1.2537950947350276,1.1886584225212407
14.575000000000879,1.2538657235548207,1.1885938240313227
14.58000000000088,1.2539360090197476,1.1885295757797412
14.58500000000088,1.2540057546012968,1.1884658571902755
14.590000000000881,1.2540747675890138,1.188402844072545
14.595000000000882,1.2541428595963318,1.1883407081606605
14.600000000000882,1.2542098470482002,1.1882796166691696
14.605000000000883,1.2542755516493314,1.188219731867365
14.610000000000884,1.2543398008319437,1.1881612106729693
14.615000000000885,1.254402428181963,1.1881042042661285
14.620000000000886,1.2544632738427068,1.1880488577245767
14.625000000000886,1.2545221848951642,1.187995309680764
14.630000000000887,1.2545790157140453,1.1879436920016602
14.635000000000888,1.2546336282988721,1.1878941294918706
14.640000000000889,1.2546858925794446,1.1878467396206278
14.64500000000089,1.254735686695113,1.1878016322731375
14.65000000000089,1.254782897247355,1.1877589095266887
14.655000000000891,1.2548274195252507,1.1877186654518528
14.660000000000892,1.2548691577035225,1.1876809859390218
14.665000000000893,1.2549080250128948,1.1876459485504627
14.670000000000893,1.2549439438826049,1.1876136223979799
14.675000000000894,1.2549768460549882,1.1875840680462142
14.680000000000895,1.255006672672128,1.1875573374415214
14.685000000000896,1.2550333743346564,1.1875334738663095
14.690000000000897,1.2550569111328536,1.1875125119186392
14.695000000000897,1.255077252650289,1.187494477516821
14.700000000000898,1.2550943779403094,1.1874793879286805
14.705000000000899,1.2551082754757608,1.1874672518250904
14.7100000000009,1.255118943072397,1.187458069357313
14.7150000000009,1.2551263877865098,1.1874518322576284
14.720000000000901,1.2551306257873647,1.1874485239626713
14.725000000000902,1.25513168220511,1.1874481197588374
14.730000000000903,1.2551295909548754,1.1874505869490741
14.735000000000904,1.2551243945378459,1.1874558850403127
14.740000000000904,1.2551161438201457,1.1874639659507573
14.745000000000905,1.255104897790424,1.1874747742361964
14.750000000000906,1.2550907232970878,1.187488247334465
14.755000000000907,1.2550736947661667,1.1875043158271419
14.760000000000908,1.2550538939008438,1.1875229037175359
14.765000000000908,1.255031409363726,1.187543928723978
14.770000000000909,1.255006336442963,1.1875673025874098
14.77500000000091,1.2549787767033564,1.1875929313922282
14.78000000000091,1.2549488376236293,1.1876207158993275
14.785000000000911,1.254916632221059,1.1876505518902567
14.790000000000912,1.2548822786646843,1.1876823305213946
14.795000000000913,1.254845899878331,1.187715938687028
14.800000000000914,1.2548076231347043,1.1877512593902142
14.805000000000915,1.25476757964181,1.1877881721202919
14.810000000000915,1.254725904122976,1.1878265532359107
14.815000000000916,1.2546827343917435,1.1878662763524364
14.820000000000917,1.254638210922903,1.1879072127326022
14.825000000000918,1.2545924764209422,1.1879492316792715
14.830000000000918,1.2545456753871616,1.1879922009291881
14.83500000000092,1.2544979536867173,1.188035987046604
14.84000000000092,1.254449458116813,1.1880804558156797
14.84500000000092,1.2544003359772695,1.1881254726305772
14.850000000000922,1.254350734644659,1.188170902882176
14.855000000000922,1.2543008011511807,1.1882166123403681
14.860000000000923,1.2542506817694197,1.1882624675309126
14.865000000000924,1.254200521604105,1.1883083361058508
14.870000000000925,1.2541504641919445,1.1883540872065215
14.875000000000925,1.2541006511105863,1.1883995918182326
14.880000000000926,1.254051221597709,1.188444723115692
14.885000000000927,1.254002312181214,1.1884893567983301
14.890000000000928,1.2539540563214342,1.1885333714146775
14.895000000000929,1.2539065840662476,1.1885766486750133
14.90000000000093,1.2538600217199205,1.1886190737515285
14.90500000000093,1.2538144915264662,1.1886605355652962
14.910000000000931,1.253770111368251,1.1887009270593865
14.915000000000932,1.2537269944805294,1.1887401454575028
14.920000000000933,1.2536852491825348,1.1887780925075722
14.925000000000933,1.2536449786256987,1.188814674709758
14.930000000000934,1.2536062805595183,1.1888498035284258
14.935000000000935,1.25356924711553,1.1888833955876312
14.940000000000936,1.2535339646098005,1.1889153728497568
14.945000000000936,1.2535005133642758,1.1889456627769723
14.950000000000937,1.253468967547283,1.1889741984752447
14.955000000000938,1.2534393950334153,1.1890009188206787
14.960000000000939,1.2534118572829749,1.1890257685680183
14.96500000000094,1.2533864092410916,1.1890486984411894
14.97000000000094,1.2533630992565739,1.1890696652058261
14.975000000000941,1.253341969020501,1.1890886317237597
14.980000000000942,1.2533230535244952,1.1891055669895154
14.985000000000943,1.2533063810385732,1.1891204461489033
14.990000000000943,1.253291973108408,1.1891332504998435
14.995000000000944,1.2532798445717888,1.1891439674756163
15.000000000000945,1.2532700035940068,1.1891525906107743
15.005000000000946,1.2532624517218531,1.1891591194900009
15.010000000000947,1.2532571839558546,1.1891635596802472
15.015000000000947,1.253254188840336,1.1891659226465245
15.020000000000948,1.2532534485708424,1.1891662256517685
15.025000000000949,1.2532549391184231,1.189164491641241
15.03000000000095,1.2532586303702171,1.1891607491119638
15.03500000000095,1.2532644862857651,1.1891550319677333
15.040000000000951,1.2532724650684102,1.189147379360279
15.045000000000952,1.2532825193511326,1.1891378355171867
15.050000000000953,1.2532945963961195,1.1891264495572225
15.055000000000954,1.2533086383073426,1.1891132752937288
15.060000000000954,1.2533245822553902,1.1890983710267942
15.065000000000955,1.253342360713769,1.1890817993249196
15.070000000000956,1.2533619017058726,1.1890636267969277
15.075000000000957,1.2533831290617863,1.1890439238548853
15.080000000000958,1.2534059626840879,1.1890227644688225
15.085000000000958,1.2534303188217768,1.189000225914048
15.090000000000959,1.253456110351462,1.1889763885118796
15.09500000000096,1.25348324706492,1.1889513353646057
15.10000000000096,1.2535116359621292,1.1889251520855184
15.105000000000961,1.2535411815488842,1.1888979265248463
15.110000000000962,1.2535717861380857,1.1888697484924329
15.115000000000963,1.2536033501538042,1.1888407094779954
15.120000000000964,1.2536357724372194,1.1888109023698026
15.125000000000965,1.2536689505535383,1.188780421172602
15.130000000000965,1.2537027810990076,1.1887493607256219
15.135000000000966,1.2537371600071388,1.1887178164214602
15.140000000000967,1.253771982853286,1.1886858839266647
15.145000000000968,1.2538071451567223,1.1886536589047905
15.150000000000968,1.253842542679381,1.188621236742705
15.15500000000097,1.2538780717204503,1.1885887122808945
15.16000000000097,1.2539136294060256,1.188556179548503
15.16500000000097,1.2539491139730488,1.1885237315038106
15.170000000000972,1.2539844250467924,1.1884914597808378
15.175000000000972,1.2540194639111673,1.188459454442731
15.180000000000973,1.2540541337711697,1.1884278037425628
15.185000000000974,1.254088340006802,1.188396593892144
15.190000000000975,1.2541219904178473,1.1883659088394194
15.195000000000976,1.2541549954589015,1.1883358300549856
15.200000000000976,1.2541872684641024,1.1883064363282316
15.205000000000977,1.2542187258610369,1.1882778035735795
15.210000000000978,1.2542492873733389,1.1882500046472508
15.215000000000979,1.2542788762115293,1.1882231091749684
15.22000000000098,1.254307419251691,1.1881971833909455
15.22500000000098,1.254334847201608,1.1881722899884954
15.230000000000981,1.2543610947540402,1.1881484879825446
15.235000000000982,1.2543861007268453,1.1881258325842994
15.240000000000983,1.2544098081897,1.1881043750882792
15.245000000000983,1.2544321645772145,1.188084162771887
15.250000000000984,1.2544531217882742,1.1880652388076518
15.255000000000985,1.254472636271485,1.1880476421882415
15.260000000000986,1.254490669096643,1.1880314076643026
15.265000000000986,1.25450718601218,1.188016565695149
15.270000000000987,1.2545221574885899,1.1880031424122837
15.275000000000988,1.2545355587478746,1.1879911595957005
15.280000000000989,1.2545473697790832,1.1879806346628785
15.28500000000099,1.2545575753400666,1.1879715806703457
15.29000000000099,1.2545661649456024,1.1879640063276529
15.295000000000991,1.2545731328420795,1.1879579160235691
15.300000000000992,1.2545784779689757,1.1879533098642747
15.305000000000993,1.2545822039073884,1.1879501837232969
15.310000000000993,1.2545843188159185,1.1879485293029053
15.315000000000994,1.2545848353542364,1.1879483342066515
15.320000000000995,1.2545837705946934,1.1879495820227144
15.325000000000996,1.2545811459223688,1.1879522524176838
15.330000000000997,1.2545769869239733,1.1879563212403885
15.335000000000997,1.254571323266056,1.1879617606353559
15.340000000000998,1.254564188562987,1.187968539165464
15.345000000000999,1.254555620235212,1.1879766219433292
15.350000000001,1.2545456593582958,1.187985970770953
15.355000000001,1.2545343505032953,1.1879965442871319
15.360000000001001,1.2545217415690149,1.1880082981221243
15.365000000001002,1.2545078836067212,1.188021185059046
15.370000000001003,1.2544928306379028,1.1880351552014619
15.375000000001004,1.2544766394656781,1.1880501561466235
15.380000000001004,1.254459369480459,1.188066133163798
15.385000000001005,1.2544410824604995,1.1880830293771232
15.390000000001006,1.2544218423679483,1.1881007859524175
15.395000000001007,1.2544017151410483,1.188119342287376
15.400000000001008,1.2543807684831136,1.1881386362045656
15.405000000001008,1.2543590716489286,1.1881586041466525
15.41000000000101,1.2543366952292039,1.1881791813732752
15.41500000000101,1.2543137109337308,1.1882003021589933
15.42000000000101,1.2542901913738638,1.1882218999917376
15.425000000001011,1.2542662098449613,1.188243907771197
15.430000000001012,1.2542418401094055,1.1882662580065804
15.435000000001013,1.2542171561808109,1.1882888830132015
15.440000000001014,1.254192232110027,1.188311715107349
15.445000000001015,1.254167141773519,1.1883346867989042
15.450000000001015,1.2541419586647062,1.1883577309811943
15.455000000001016,1.2541167556888182,1.1883807811175688
15.460000000001017,1.254091604961808,1.1884037714242164
15.465000000001018,1.2540665776138549,1.188426637048741
15.470000000001018,1.2540417435979587,1.1884493142440453
15.47500000000102,1.254017171504113,1.1884717405370788
15.48000000000102,1.253992928379523,1.1884938548920334
15.48500000000102,1.2539690795553087,1.1885155978675865
15.490000000001022,1.2539456884801132,1.1885369117678113
15.495000000001022,1.253922816561009,1.1885577407864008
15.500000000001023,1.2539005230120712,1.1885780311438716
15.505000000001024,1.2538788647109607,1.1885977312174347
15.510000000001025,1.2538578960638316,1.1886167916632493
15.515000000001026,1.2538376688788533,1.1886351655307992
15.520000000001026,1.2538182322486053,1.1886528083691517
15.525000000001027,1.2537996324415788,1.1886696783248911
15.530000000001028,1.2537819128029877,1.1886857362315417
15.535000000001029,1.253765113665064,1.1887009456903188
15.54000000000103,1.2537492722669832,1.1887152731420765
15.54500000000103,1.2537344226845364,1.188728687930348
15.550000000001031,1.2537205957696356,1.1887411623553945
15.555000000001032,1.2537078190997129,1.1887526717192112
15.560000000001033,1.253696116937041,1.1887631943614647
15.565000000001033,1.2536855101979762,1.188772711686359
15.570000000001034,1.2536760164320997,1.188781208180452
15.575000000001035,1.2536676498111956,1.1887886714214826
15.580000000001036,1.2536604211279923,1.1887950920782693
15.585000000001036,1.2536543378045493,1.1888004639017937
15.590000000001037,1.2536494039101587,1.1888047837075868
15.595000000001038,1.2536456201885995,1.188808051349565
15.600000000001039,1.2536429840945578,1.18881026968549
15.60500000000104,1.2536414898390043,1.188811444534243
15.61000000000104,1.2536411284432964,1.1888115846251286
15.615000000001041,1.2536418878017475,1.1888107015394414
15.620000000001042,1.25364375275239,1.1888088096445528
15.625000000001043,1.2536467051556355,1.188805926020787
15.630000000001044,1.2536507239805124,1.1888020703813809
15.635000000001044,1.2536557853981554,1.1887972649858325
15.640000000001045,1.2536618628821874,1.1887915345469637
15.645000000001046,1.2536689273156354,1.1887849061320308
15.650000000001047,1.2536769471039957,1.1887774090582406
15.655000000001047,1.2536858882940574,1.1887690747830277
15.660000000001048,1.2536957146980758,1.1887599367894741
15.665000000001049,1.2537063880228843,1.1887500304672494
15.67000000000105,1.2537178680035148,1.18873939298947
15.67500000000105,1.2537301125408968,1.1887280631858732
15.680000000001051,1.2537430778431928,1.188716081412714
15.685000000001052,1.2537567185703278,1.1887034894197972
15.690000000001053,1.2537709879812602,1.188690330215056
15.695000000001054,1.2537858380835454,1.1886766479270976
15.700000000001054,1.2538012197847372,1.1886624876661323
15.705000000001055,1.2538170830451745,1.1886478953837036
15.710000000001056,1.2538333770316998,1.188632917731639
15.715000000001057,1.253850050271864,1.1886176019206307
15.720000000001058,1.2538670508081662,1.1886019955788605
15.725000000001058,1.2538843263518955,1.1885861466110739
15.73000000000106,1.2539018244361304,1.1885701030584996
15.73500000000106,1.25391949256748,1.1885539129600118
15.74000000000106,1.2539372783761396,1.188537624214915
15.745000000001061,1.2539551297638574,1.1885212844477278
15.750000000001062,1.2539729950494105,1.1885049408753303
15.755000000001063,1.253990823111209,1.1884886401768298
15.760000000001064,1.2540085635266458,1.1884724283664836
15.765000000001065,1.254026166707843,1.1884563506700092
15.770000000001065,1.2540435840334396,1.1884404514045968
15.775000000001066,1.2540607679760953,1.1884247738629243
15.780000000001067,1.2540776722253955,1.1884093602014587
15.785000000001068,1.2540942518058582,1.188394251333317
15.790000000001069,1.2541104631897646,1.188379486825933
15.79500000000107,1.2541262644045506,1.1883651048037764
15.80000000000107,1.2541416151345146,1.1883511418563308
15.80500000000107,1.25415647681662,1.188337632951543
15.810000000001072,1.254170812730184,1.188324611354918
15.815000000001072,1.2541845880802693,1.18831210855443
15.820000000001073,1.2541977700746156,1.18830015419139
15.825000000001074,1.2542103279939607,1.1882887759974028
15.830000000001075,1.2542222332556343,1.188277999737515
15.835000000001076,1.2542334594703155,1.1882678491596481
15.840000000001076,1.2542439824918727,1.1882583459503822
15.845000000001077,1.2542537804602263,1.1882495096971457
15.850000000001078,1.25426283383719,1.1882413578568367
15.855000000001079,1.2542711254352705,1.188233905730896
15.86000000000108,1.254278640439427,1.1882271664468191
15.86500000000108,1.2542853664218074,1.1882211509460903
15.870000000001081,1.2542912933495036,1.18821586797849
15.875000000001082,1.254296413585382,1.1882113241027221
15.880000000001083,1.254300721882069,1.1882075236932792
15.885000000001083,1.2543042153691895,1.188204468953455
15.890000000001084,1.2543068935339694,1.1882021599343944
15.895000000001085,1.2543087581953378,1.1882005945600511
15.900000000001086,1.2543098134716784,1.1881997686579173
15.905000000001086,1.2543100657423927,1.188199675995365
15.910000000001087,1.2543095236034616,1.188200308321432
15.915000000001088,1.2543081978171968,1.1882016554138657
15.920000000001089,1.2543061012563974,1.1882037051312335
15.92500000000109,1.254303248843133,1.1882064434698891
15.93000000000109,1.2542996574823921,1.1882098546255715
15.935000000001091,1.254295345990844,1.1882139210594165
15.940000000001092,1.2542903350209744,1.188218623568132
15.945000000001093,1.2542846469808673,1.188223941358092
15.950000000001094,1.2542783059499065,1.1882298521230945
15.955000000001094,1.254271337590693,1.1882363321255167
15.960000000001095,1.2542637690574665,1.1882433562805972
15.965000000001096,1.2542556289013365,1.188250898243572
15.970000000001097,1.25424694697263,1.18825893049938
15.975000000001097,1.2542377543206675,1.1882674244546543
15.980000000001098,1.2542280830912824,1.1882763505317133
15.985000000001099,1.254217966422404,1.1882856782642595
15.9900000000011,1.2542074383380224,1.1882953763944928
15.9950000000011,1.2541965336408591,1.1883054129713508
16.0000000000011,1.2541852878040618,1.1883157554495807
16.0050000000011,1.2541737368622448,1.188326370789351
16.0100000000011,1.2541619173021945,1.1883372255561178
16.0150000000011,1.254149865953553,1.188348286020456
16.020000000001097,1.2541376198797947,1.1883595182575732
16.025000000001096,1.2541252162697998,1.188370888246229
16.030000000001095,1.2541126923303316,1.1883823619667824
16.035000000001094,1.25410008517971,1.1883939054981019
16.040000000001093,1.25408743174297,1.1884054851130768
16.045000000001092,1.2540747686487919,1.18841706737247
16.05000000000109,1.2540621321284706,1.1884286192168703
16.05500000000109,1.2540495579171906,1.1884401080565008
16.06000000000109,1.2540370811578643,1.1884515018586566
16.06500000000109,1.2540247363077728,1.1884627692325442
16.070000000001087,1.2540125570482459,1.1884738795113217
16.075000000001086,1.2540005761976052,1.1884848028311257
16.080000000001085,1.2539888256275746,1.188495510206907
16.085000000001084,1.2539773361833644,1.1885059736048866
16.090000000001083,1.253966137607606,1.1885161660114716
16.095000000001082,1.2539552584683156,1.188526061498469
16.10000000000108,1.2539447260910443,1.1885356352844605
16.10500000000108,1.2539345664953545,1.188544863792202
16.11000000000108,1.2539248043357607,1.188553724701934
16.11500000000108,1.2539154628472469,1.1885621970004934
16.120000000001077,1.2539065637954643,1.188570261026141
16.125000000001076,1.2538981274316954,1.1885778985090183
16.130000000001075,1.253890172452661,1.1885850926071737
16.135000000001074,1.2538827159652235,1.1885918279381045
16.140000000001073,1.2538757734560366,1.1885980906057747
16.145000000001072,1.2538693587661642,1.1886038682230837
16.15000000000107,1.2538634840706884,1.1886091499297753
16.15500000000107,1.2538581598633038,1.1886139264057844
16.16000000000107,1.2538533949458857,1.1886181898800394
16.16500000000107,1.2538491964230039,1.1886219341347428
16.170000000001068,1.25384556970134,1.1886251545051727
16.175000000001067,1.2538425184939541,1.1886278478750552
16.180000000001066,1.2538400448293314,1.1886300126675708
16.185000000001065,1.2538381490651294,1.188631648832073
16.190000000001064,1.2538368299065281,1.188632757826601
16.195000000001063,1.2538360844290832,1.188633342596291
16.20000000000106,1.2538359081059607,1.1886334075477873
16.20500000000106,1.2538362948394253,1.1886329585197792
16.21000000000106,1.253837236996445,1.1886320027497863
16.21500000000106,1.2538387254482615,1.1886305488373337
16.220000000001058,1.253840749613768,1.1886286067036604
16.225000000001057,1.2538432975065266,1.188626187548122
16.230000000001056,1.2538463557852486,1.1886233038014409
16.235000000001055,1.2538499098075553,1.1886199690759822
16.240000000001054,1.2538539436868248,1.1886161981132275
16.245000000001053,1.2538584403519315,1.18861200672863
16.25000000000105,1.2538633816096696,1.1886074117540382
16.25500000000105,1.2538687482096553,1.1886024309778815
16.26000000000105,1.2538745199114911,1.1885970830833148
16.26500000000105,1.2538806755539773,1.1885913875845215
16.270000000001048,1.2538871931261464,1.1885853647613804
16.275000000001047,1.2538940498398994,1.188579035592699
16.280000000001046,1.253901222204017,1.1885724216882245
16.285000000001045,1.2539086860993174,1.1885655452196393
16.290000000001044,1.2539164168547374,1.1885584288507498
16.295000000001043,1.2539243893241028,1.1885510956670795
16.30000000000104,1.2539325779633665,1.1885435691050716
16.30500000000104,1.2539409569080857,1.1885358728811144
16.31000000000104,1.2539495000509158,1.1885280309205843
16.31500000000104,1.2539581811188985,1.1885200672871226
16.320000000001038,1.2539669737503258,1.1885120061123329
16.325000000001037,1.2539758515709691,1.188503871526105
16.330000000001036,1.253984788269457,1.1884956875877515
16.335000000001035,1.2539937576716027,1.188487478218148
16.340000000001034,1.2540027338134763,1.1884792671330584
16.345000000001033,1.2540116910130328,1.1884710777778194
16.35000000000103,1.2540206039401025,1.1884629332635617
16.35500000000103,1.25402944768457,1.188454856305126
16.36000000000103,1.2540381978225597,1.1884468691608339
16.36500000000103,1.2540468304804708,1.1884389935742654
16.370000000001028,1.2540553223966988,1.1884312507181853
16.375000000001027,1.254063650980894,1.1884236611407517
16.380000000001026,1.2540717943706188,1.1884162447141362
16.385000000001025,1.2540797314852727,1.188409020585675
16.390000000001024,1.254087442077159,1.1884020071316566
16.395000000001023,1.2540949067795855,1.1883952219138518
16.40000000000102,1.2541021071518903,1.1883886816388767
16.40500000000102,1.254109025721309,1.1883824021204685
16.41000000000102,1.2541156460215892,1.1883763982447542
16.41500000000102,1.2541219526282896,1.1883706839385684
16.420000000001018,1.254127931190696,1.1883652721408815
16.425000000001017,1.2541335684603034,1.1883601747773793
16.430000000001016,1.2541388523158243,1.1883554027382313
16.435000000001015,1.2541437717846897,1.1883509658590725
16.440000000001014,1.254148317061025,1.1883468729052182
16.445000000001013,1.254152479520088,1.1883431315591135
16.450000000001012,1.2541562517291693,1.1883397484110207
16.45500000000101,1.2541596274549676,1.1883367289529305
16.46000000000101,1.2541626016674547,1.1883340775756757
16.46500000000101,1.2541651705402654,1.1883317975692207
16.470000000001008,1.2541673314476478,1.1883298911260862
16.475000000001007,1.254169082958025,1.1883283593478635
16.480000000001006,1.2541704248242231,1.188327202254764
16.485000000001005,1.2541713579704354,1.1883264187981397
16.490000000001004,1.2541718844759953,1.188326006875907
16.495000000001003,1.2541720075560432,1.1883259633507905
16.500000000001002,1.2541717315391765,1.188326284071309
16.505000000001,1.2541710618421835,1.1883269638954044
16.510000000001,1.2541700049419662,1.1883279967166214
16.515000000001,1.2541685683447645,1.1883293754927293
16.520000000000998,1.2541667605528015,1.1883310922766779
16.525000000000997,1.2541645910284753,1.1883331382497713
16.530000000000996,1.254162070156227,1.18833550375694
16.535000000000995,1.254159209202221,1.1883381783439853
16.540000000000994,1.254156020271977,1.188341150796667
16.545000000000993,1.2541525162661045,1.1883444091815034
16.550000000000992,1.254148710834275,1.188347940888145
16.55500000000099,1.2541446183276002,1.1883517326731845
16.56000000000099,1.2541402537495552,1.1883557707052606
16.56500000000099,1.2541356327056157,1.1883600406113148
16.570000000000988,1.2541307713517589,1.1883645275238512
16.575000000000987,1.2541256863419947,1.1883692161290582
16.580000000000986,1.2541203947750834,1.188374090715643
16.585000000000985,1.254114914140604,1.188379135224231
16.590000000000984,1.2541092622645345,1.1883843332971833
16.595000000000983,1.2541034572545018,1.1883896683286868
16.600000000000982,1.254097517444867,1.188395123514971
16.60500000000098,1.2540914613417993,1.1884006819045054
16.61000000000098,1.2540853075684966,1.1884063264480365
16.61500000000098,1.2540790748107105,1.1884120400483231
16.620000000000978,1.2540727817627233,1.1884178056094339
16.625000000000977,1.2540664470739276,1.1884236060854678
16.630000000000976,1.2540600892961542,1.1884294245285696
16.635000000000975,1.2540537268318896,1.1884352441361097
16.640000000000974,1.2540473778835204,1.1884410482969048
16.645000000000973,1.2540410604037364,1.188446820636357
16.650000000000972,1.2540347920472232,1.188452545060398
16.65500000000097,1.2540285901237624,1.188458205798125
16.66000000000097,1.254022471552863,1.1884637874430228
16.66500000000097,1.2540164528200284,1.188469274992671
16.670000000000968,1.254010549934773,1.1884746538868407
16.675000000000967,1.254004778390479,1.18847991004389
16.680000000000966,1.253999153126195,1.188485029895376
16.685000000000965,1.253993688490454,1.188490000418804
16.690000000000964,1.2539883982072004,1.1884948091684404
16.695000000000963,1.25398329534389,1.188499444304129
16.700000000000962,1.2539783922818344,1.1885038946180437
16.70500000000096,1.2539737006888434,1.1885081495593335
16.71000000000096,1.2539692314942235,1.1885121992566088
16.71500000000096,1.2539649948661697,1.1885160345382282
16.720000000000958,1.253961000191592,1.1885196469503596
16.725000000000957,1.2539572560584018,1.1885230287727842
16.730000000000956,1.253953770240286,1.1885261730324244
16.735000000000955,1.2539505496839762,1.1885290735145881
16.740000000000954,1.2539476004990264,1.1885317247719183
16.745000000000953,1.253944927950096,1.188534122131049
16.750000000000952,1.2539425364517331,1.1885362616969823
16.75500000000095,1.2539404295656404,1.1885381403551871
16.76000000000095,1.2539386100004084,1.1885397557714537
16.76500000000095,1.253937079613682,1.1885411063895206
16.770000000000948,1.253935839416731,1.1885421914265097
16.775000000000947,1.2539348895813807,1.188543010866209
16.780000000000946,1.2539342294492557,1.1885435654502432
16.785000000000945,1.2539338575432861,1.1885438566671869
16.790000000000944,1.2539337715814138,1.1885438867396694
16.795000000000943,1.2539339684924364,1.1885436586095348
16.800000000000942,1.2539344444339182,1.1885431759211227
16.80500000000094,1.253935194812094,1.188542443002735
16.81000000000094,1.2539362143036834,1.1885414648463655
16.81500000000094,1.2539374968795345,1.1885402470857718
16.820000000000938,1.2539390358300064,1.188538795972966
16.825000000000937,1.2539408237919973,1.1885371183532156
16.830000000000936,1.253942852777526,1.1885352216386367
16.835000000000935,1.25394511420376,1.1885331137804798
16.840000000000934,1.2539475989243967,1.1885308032401913
16.845000000000933,1.253950297262285,1.1885282989593604
16.850000000000932,1.2539531990431838,1.1885256103286364
16.85500000000093,1.253956293630548,1.1885227471557296
16.86000000000093,1.2539595699612276,1.1885197196325898
16.86500000000093,1.2539630165819724,1.1885165383018677
16.87000000000093,1.2539666216866239,1.1885132140227654
16.875000000000927,1.253970373153885,1.1885097579363777
16.880000000000926,1.253974258585548,1.188506181430631
16.885000000000925,1.2539782653450726,1.1885024961049246
16.890000000000924,1.2539823805963926,1.1884987137345764
16.895000000000923,1.2539865913428456,1.188494846235182
16.900000000000922,1.2539908844661065,1.1884909056269837
16.90500000000092,1.2539952467650193,1.1884869039993564
16.91000000000092,1.2539996649942113,1.1884828534755074
16.91500000000092,1.2540041259023904,1.1884787661774892
16.92000000000092,1.2540086162702115,1.188474654191623
16.925000000000917,1.2540131229476135,1.1884705295344242
16.930000000000916,1.2540176328905273,1.1884664041191253
16.935000000000915,1.2540221331968544,1.1884622897228794
16.940000000000914,1.2540266111416232,1.1884581979547355
16.945000000000913,1.2540310542112334,1.1884541402244653
16.950000000000912,1.2540354501366993,1.1884501277123214
16.95500000000091,1.2540397869258102,1.1884461713398016
16.96000000000091,1.2540440528941288,1.1884422817414908
16.96500000000091,1.2540482366947512,1.188438469238052
16.97000000000091,1.2540523273467599,1.1884347438104246
16.975000000000907,1.2540563142623014,1.188431115075293
16.980000000000906,1.2540601872722306,1.1884275922618817
16.985000000000905,1.2540639366502613,1.1884241841901224
16.990000000000904,1.254067553135574,1.1884208992502485
16.995000000000903,1.2540710279538343,1.1884177453838474
17.000000000000902,1.2540743528365788,1.1884147300664174
17.0050000000009,1.2540775200389336,1.1884118602914557
17.0100000000009,1.254080522355634,1.1884091425561072
17.0150000000009,1.2540833531353175,1.1884065828483972
17.0200000000009,1.2540860062930728,1.1884041866360635
17.025000000000897,1.254088476321227,1.1884019588570045
17.030000000000896,1.2540907582983591,1.1883999039113489
17.035000000000895,1.2540928478965399,1.1883980256551518
17.040000000000894,1.2540947413867911,1.1883963273957174
17.045000000000893,1.2540964356427762,1.1883948118885392
17.050000000000892,1.254097928142727,1.188393481335852
17.05500000000089,1.2540992169696232,1.188392337386777
17.06000000000089,1.2541003008096467,1.1883913811390445
17.06500000000089,1.2541011789489316,1.1883906131422668
17.07000000000089,1.2541018512686402,1.1883900334027389
17.075000000000887,1.2541023182383997,1.1883896413897301
17.080000000000886,1.2541025809081365,1.1883894360432374
17.085000000000885,1.2541026408983496,1.1883894157831532
17.090000000000884,1.254102500388868,1.1883895785198137
17.095000000000883,1.254102162106146,1.1883899216658762
17.100000000000882,1.254101629309143,1.188390442149476
17.10500000000088,1.254100905773852,1.1883911364286144
17.11000000000088,1.2540999957765289,1.188392000506718
17.11500000000088,1.2540989040756925,1.1883930299493133
17.12000000000088,1.2540976358929568,1.1883942199017572
17.125000000000878,1.2540961968927626,1.188395565107959
17.130000000000877,1.2540945931610856,1.188397059930028
17.135000000000876,1.2540928311831838,1.188398698368783
17.140000000000875,1.254090917820469,1.188400474085054
17.145000000000874,1.2540888602865707,1.1884023804217023
17.150000000000873,1.2540866661226744,1.1884044104262965
17.15500000000087,1.2540843431722102,1.1884065568743627
17.16000000000087,1.2540818995549756,1.188408812293143
17.16500000000087,1.2540793436407676,1.1884111689857844
17.17000000000087,1.2540766840226092,1.1884136190558863
17.175000000000868,1.2540739294896492,1.1884161544323335
17.180000000000867,1.254071088999818,1.1884187668943365
17.185000000000866,1.254068171652316,1.1884214480966095
17.190000000000865,1.2540651866600245,1.1884241895946124
17.195000000000864,1.254062143321905,1.1884269828697804
17.200000000000863,1.2540590509954792,1.188429819354674
17.20500000000086,1.2540559190694573,1.188432690457977
17.21000000000086,1.2540527569365982,1.1884355875892703
17.21500000000086,1.2540495739668693,1.18843850218352
17.22000000000086,1.2540463794809866,1.1884414257252056
17.225000000000858,1.254043182724399,1.1884443497720296
17.230000000000857,1.2540399928417905,1.1884472659781433
17.235000000000856,1.2540368188521667,1.188450166116828
17.240000000000855,1.2540336696245866,1.1884530421025743
17.245000000000854,1.254030553854605,1.1884558860125034
17.250000000000853,1.2540274800414821,1.188458690107076
17.25500000000085,1.254024456466219,1.1884614468500387
17.26000000000085,1.2540214911704688,1.1884641489275616
17.26500000000085,1.2540185919363753,1.188466789266517
17.27000000000085,1.254015766267387,1.1884693610518622
17.275000000000848,1.2540130213700869,1.1884718577430857
17.280000000000847,1.2540103641370812,1.1884742730896796
17.285000000000846,1.2540078011309803,1.1884766011456038
17.290000000000845,1.2540053385695094,1.1884788362827192
17.295000000000844,1.2540029823117718,1.1884809732031543
17.300000000000843,1.254000737845699,1.1884830069505898
17.30500000000084,1.2539986102767002,1.1884849329204372
17.31000000000084,1.253996604317539,1.188486746868897
17.31500000000084,1.2539947242794431,1.1884884449208832
17.32000000000084,1.2539929740644662,1.1884900235768039
17.325000000000838,1.2539913571591033,1.188491479718193
17.330000000000837,1.2539898766291653,1.1884928106121904
17.335000000000836,1.2539885351159143,1.1884940139148683
17.340000000000835,1.2539873348334538,1.1884950876734126
17.345000000000834,1.2539862775673665,1.1884960303271601
17.350000000000833,1.2539853646745929,1.1884968407075087
17.35500000000083,1.2539845970845303,1.1884975180367072
17.36000000000083,1.253983975301342,1.1884980619255452
17.36500000000083,1.25398349940745,1.188498472369962
17.37000000000083,1.2539831690681917,1.1884987497465962
17.375000000000828,1.253982983537611,1.188498894807298
17.380000000000827,1.253982941665357,1.1884989086726387
17.385000000000826,1.253983041904654,1.18849879282444
17.390000000000825,1.253983282321312,1.18849854909736
17.395000000000824,1.2539836606037358,1.1884981796695726
17.400000000000823,1.2539841740738962,1.1884976870525699
17.405000000000822,1.2539848196992176,1.188497074080135
17.41000000000082,1.2539855941053408,1.188496343896523
17.41500000000082,1.253986493589711,1.1884954999438915
17.42000000000082,1.2539875141359442,1.1884945459490268
17.425000000000818,1.2539886514289251,1.188493485909414
17.430000000000817,1.2539899008705786,1.1884923240786922
17.435000000000816,1.2539912575962662,1.1884910649515508
17.440000000000815,1.253992716491755,1.188489713248112
17.445000000000814,1.2539942722106985,1.1884882738978493
17.450000000000813,1.2539959191925791,1.1884867520230968
17.455000000000812,1.2539976516810534,1.1884851529222002
17.46000000000081,1.253999463742641,1.1884834820523582
17.46500000000081,1.2540013492857052,1.1884817450122107
17.47000000000081,1.2540033020796617,1.1884799475242271
17.475000000000808,1.2540053157743634,1.1884780954169423
17.480000000000807,1.2540073839195993,1.1884761946070983
17.485000000000806,1.2540094999846547,1.188474251081741
17.490000000000805,1.254011657377872,1.1884722708803228
17.495000000000804,1.2540138494661606,1.188470260076865
17.500000000000803,1.254016069594398,1.188468224762227
17.505000000000802,1.2540183111046679,1.188466171026534
17.5100000000008,1.254020567355284,1.1884641049418119
17.5150000000008,1.2540228317395474,1.1884620325448716
17.5200000000008,1.2540250977041856,1.1884599598204975
17.525000000000798,1.2540273587674253,1.1884578926849754
17.530000000000797,1.2540296085366527,1.1884558369700096
17.535000000000796,1.2540318407256137,1.188453798407067
17.540000000000795,1.2540340491711115,1.1884517826121896
17.545000000000794,1.25403622784916,1.188449795071311
17.550000000000793,1.2540383708905516,1.188447841126118
17.555000000000792,1.254040472595804,1.1884459259604836
17.56000000000079,1.2540425274494496,1.1884440545875132
17.56500000000079,1.2540445301336332,1.1884422318372223
17.57000000000079,1.254046475540989,1.188440462344885
17.575000000000788,1.2540483587867683,1.1884387505400709
17.580000000000787,1.2540501752201902,1.1884371006363958
17.585000000000786,1.2540519204349945,1.1884355166220097
17.590000000000785,1.2540535902791738,1.1884340022508364
17.595000000000784,1.2540551808638691,1.1884325610345843
17.600000000000783,1.2540566885714082,1.18843119623554
17.605000000000782,1.2540581100624815,1.1884299108601597
17.61000000000078,1.254059442282437,1.1884287076534605
17.61500000000078,1.2540606824666929,1.1884275890942266
17.62000000000078,1.2540618281452582,1.1884265573910293
17.625000000000778,1.2540628771463613,1.188425614479063
17.630000000000777,1.254063827599186,1.1884247620177995
17.635000000000776,1.254064677935716,1.1884240013894547
17.640000000000775,1.2540654268916969,1.1884233336982648
17.645000000000774,1.2540660735067182,1.1884227597705628
17.650000000000773,1.2540666171234274,1.1884222801556485
17.655000000000772,1.2540670573858914,1.1884218951274361
17.66000000000077,1.2540673942371146,1.1884216046868707
17.66500000000077,1.2540676279157335,1.188421408565093
17.67000000000077,1.2540677589519076,1.1884213062273383
17.675000000000768,1.2540677881624251,1.1884212968775483
17.680000000000767,1.2540677166450485,1.1884213794636733
17.685000000000766,1.2540675457721238,1.188421552683645
17.690000000000765,1.254067277183481,1.1884218149919907
17.695000000000764,1.2540669127786543,1.1884221646070667
17.700000000000763,1.2540664547084506,1.1884225995188806
17.705000000000762,1.2540659053659002,1.188423117497473
17.71000000000076,1.254065267376621,1.1884237161018316
17.71500000000076,1.254064543588632,1.1884243926892997
17.72000000000076,1.2540637370616474,1.1884251444254552
17.725000000000758,1.2540628510558967,1.1884259682944187
17.730000000000757,1.254061889020497,1.1884268611095596
17.735000000000756,1.2540608545814245,1.188427819524566
17.740000000000755,1.2540597515291199,1.1884288400448413
17.745000000000754,1.2540585838057692,1.1884299190391898
17.750000000000753,1.254057355492299,1.1884310527517588
17.755000000000752,1.2540560707951256,1.1884322373141956
17.76000000000075,1.254054734032703,1.1884334687579845
17.76500000000075,1.2540533496219037,1.188434743026928
17.77000000000075,1.2540519220642794,1.1884360559897305
17.775000000000748,1.2540504559322376,1.1884374034526521
17.780000000000747,1.2540489558551795,1.1884387811721941
17.785000000000746,1.254047426505632,1.1884401848677775
17.790000000000745,1.2540458725854209,1.1884416102343804
17.795000000000744,1.2540442988119196,1.1884430529551016
17.800000000000743,1.2540427099044127,1.1884445087136073
17.805000000000742,1.254041110570613,1.188445973206437
17.81000000000074,1.254039505493368,1.1884474421551263
17.81500000000074,1.25403789931759,1.1884489113181194
17.82000000000074,1.2540362966374485,1.1884503765024386
17.82500000000074,1.2540347019838545,1.1884518335750793
17.830000000000737,1.2540331198122694,1.1884532784741015
17.835000000000736,1.2540315544908722,1.188454707219392
17.840000000000735,1.2540300102891135,1.1884561159230662
17.845000000000734,1.2540284913666804,1.1884575007994875
17.850000000000733,1.254027001762907,1.1884588581748792
17.855000000000732,1.254025545386647,1.1884601844965053
17.86000000000073,1.2540241260066392,1.1884614763414012
17.86500000000073,1.2540227472423824,1.1884627304246305
17.87000000000073,1.254021412555542,1.1884639436070548
17.87500000000073,1.254020125241907,1.1884651129025972
17.880000000000727,1.2540188884239138,1.1884662354849842
17.885000000000726,1.2540177050437502,1.1884673086939554
17.890000000000725,1.2540165778570533,1.1884683300409251
17.895000000000724,1.2540155094272143,1.1884692972140922
17.900000000000723,1.2540145021202964,1.1884702080829832
17.905000000000722,1.254013558100574,1.1884710607024278
17.91000000000072,1.2540126793267006,1.188471853315959
17.91500000000072,1.2540118675485064,1.1884725843586357
17.92000000000072,1.2540111243044296,1.188473252459286
17.92500000000072,1.2540104509195804,1.1884738564421726
17.930000000000717,1.2540098485044344,1.1884743953280803
17.935000000000716,1.254009317954156,1.188474868334832
17.940000000000715,1.254008859948541,1.1884752748772347
17.945000000000714,1.2540084749525764,1.1884756145664657
17.950000000000713,1.2540081632176052,1.1884758872089045
17.955000000000712,1.2540079247830875,1.188476092804424
17.96000000000071,1.254007759478945,1.188476231544146
17.96500000000071,1.2540076669284765,1.1884763038076793
17.97000000000071,1.25400764655183,1.1884763101598521
17.97500000000071,1.2540076975700107,1.188476251346953
17.980000000000707,1.2540078190094142,1.1884761282924987
17.985000000000706,1.2540080097068609,1.1884759420925446
17.990000000000705,1.2540082683151108,1.1884756940105579
17.995000000000704,1.2540085933088434,1.1884753854718726
18.000000000000703,1.2540089829910717,1.1884750180577464
18.005000000000702,1.2540094354999751,1.1884745934990417
18.0100000000007,1.2540099488161212,1.188474113669555
18.0150000000007,1.2540105207700543,1.1884735805790114
18.0200000000007,1.2540111490502228,1.188472996365759
18.0250000000007,1.2540118312112216,1.188472363289174
18.030000000000697,1.2540125646823193,1.188471683721814
18.035000000000696,1.2540133467762442,1.1884709601413366
18.040000000000695,1.2540141746982019,1.1884701951222127
18.045000000000694,1.254015045555093,1.1884693913272595
18.050000000000693,1.2540159563649071,1.1884685514990196
18.055000000000692,1.2540169040662583,1.1884676784510138
18.06000000000069,1.2540178855280395,1.1884667750588895
18.06500000000069,1.2540188975591606,1.188465844251499
18.07000000000069,1.2540199369183485,1.1884648890019263
18.07500000000069,1.2540210003239725,1.1884639123184926
18.080000000000688,1.2540220844638743,1.188462917235766
18.085000000000687,1.2540231860051696,1.1884619068056004
18.090000000000686,1.2540243016039943,1.188460884088229
18.095000000000685,1.2540254279151708,1.188459852143437
18.100000000000684,1.2540265616017647,1.188458814021839
18.105000000000683,1.254027699344508,1.1884577727562815
18.11000000000068,1.2540288378510613,1.1884567313533985
18.11500000000068,1.2540299738650933,1.1884556927853385
18.12000000000068,1.2540311041751508,1.1884546599816859
18.12500000000068,1.2540322256232999,1.188453635821598
18.130000000000678,1.2540333351135118,1.1884526231261767
18.135000000000677,1.254034429619776,1.1884516246510943
18.140000000000676,1.254035506193921,1.1884506430794923
18.145000000000675,1.2540365619731193,1.1884496810151688
18.150000000000674,1.2540375941870638,1.1884487409760711
18.155000000000673,1.2540386001647978,1.18844782538811
18.16000000000067,1.2540395773411808,1.1884469365793067
18.16500000000067,1.2540405232629772,1.1884460767742888
18.17000000000067,1.2540414355945577,1.1884452480891432
18.17500000000067,1.2540423121231954,1.1884444525266402
18.180000000000668,1.2540431507639536,1.1884436919718349
18.185000000000667,1.2540439495641504,1.1884429681880562
18.190000000000666,1.2540447067073934,1.188442282813289
18.195000000000665,1.2540454205171816,1.1884416373569573
18.200000000000664,1.2540460894600636,1.1884410331971091
18.205000000000663,1.2540467121483534,1.1884404715780108
18.21000000000066,1.2540472873423973,1.18843995360815
18.21500000000066,1.2540478139523932,1.1884394802586506
18.22000000000066,1.2540482910397608,1.188439052362094
18.22500000000066,1.2540487178180648,1.1884386706117542
18.230000000000658,1.2540490936534938,1.1884383355612353
18.235000000000657,1.2540494180648976,1.1884380476245147
18.240000000000656,1.2540496907233885,1.1884378070763795
18.245000000000655,1.2540499114515145,1.1884376140532618
18.250000000000654,1.2540500802220071,1.1884374685544514
18.255000000000653,1.2540501971561189,1.188437370443691
18.26000000000065,1.254050262521554,1.1884373194511366
18.26500000000065,1.254050276730006,1.1884373151756782
18.27000000000065,1.2540502403343128,1.1884373570876057
18.27500000000065,1.254050154025244,1.1884374445316126
18.280000000000648,1.2540500186279293,1.1884375767301223
18.285000000000647,1.2540498350979468,1.1884377527869243
18.290000000000646,1.2540496045170844,1.188437971691107
18.295000000000645,1.2540493280887897,1.1884382323212712
18.300000000000644,1.254049007133327,1.1884385334500118
18.305000000000643,1.2540486430826556,1.1884388737486462
18.31000000000064,1.2540482374750495,1.1884392517921814
18.31500000000064,1.2540477919494772,1.188439666064494
18.32000000000064,1.2540473082397587,1.188440114963712
18.32500000000064,1.2540467881685189,1.1884405968077787
18.330000000000638,1.2540462336409592,1.1884411098401804
18.335000000000637,1.2540456466384662,1.1884416522358194
18.340000000000636,1.2540450292120742,1.1884422221070159
18.345000000000635,1.2540443834758093,1.1884428175096173
18.350000000000634,1.254043711599927,1.1884434364491985
18.355000000000633,1.2540430158040705,1.1884440768873339
18.360000000000632,1.2540422983503663,1.188444736747921
18.36500000000063,1.2540415615364786,1.1884454139235388
18.37000000000063,1.2540408076886442,1.1884461062818232
18.37500000000063,1.2540400391547053,1.188446811671836
18.380000000000628,1.2540392582971611,1.188447527930417
18.385000000000627,1.2540384674862604,1.1884482528884943
18.390000000000626,1.2540376690931503,1.1884489843773403
18.395000000000625,1.2540368654831022,1.1884497202347521
18.400000000000624,1.254036059008834,1.188450458311145
18.405000000000623,1.2540352520039433,1.1884511964755353
18.410000000000622,1.2540344467764752,1.1884519326214027
18.41500000000062,1.2540336456026333,1.1884526646724156
18.42000000000062,1.2540328507206573,1.1884533905880033
18.42500000000062,1.2540320643248792,1.18845410836876
18.430000000000618,1.2540312885599734,1.1884548160616726
18.435000000000617,1.2540305255154145,1.1884555117651503
18.440000000000616,1.2540297772201592,1.1884561936338547
18.445000000000615,1.2540290456375591,1.1884568598833092
18.450000000000614,1.254028332660523,1.1884575087942837
18.455000000000613,1.2540276401069337,1.188458138716941
18.460000000000612,1.2540269697153335,1.1884587480747397
18.46500000000061,1.254026323140885,1.1884593353680786
18.47000000000061,1.2540257019516177,1.1884598991776842
18.47500000000061,1.2540251076249656,1.1884604381677253
18.480000000000608,1.2540245415446032,1.1884609510886577
18.485000000000607,1.2540240049975881,1.1884614367797857
18.490000000000606,1.2540234991718087,1.1884618941715444
18.495000000000605,1.2540230251537465,1.1884623222874926
18.500000000000604,1.2540225839265542,1.1884627202460192
18.505000000000603,1.2540221763684483,1.1884630872617563
18.510000000000602,1.254021803251423,1.1884634226467061
18.5150000000006,1.2540214652402784,1.1884637258110722
18.5200000000006,1.254021162891969,1.188463996263804
18.5250000000006,1.2540208966552655,1.188464233612852
18.530000000000598,1.2540206668707288,1.188464437565139
18.535000000000597,1.2540204737709946,1.1884646079262475
18.540000000000596,1.2540203174813611,1.1884647445998309
18.545000000000595,1.2540201980206769,1.18846484758675
18.550000000000594,1.2540201153025219,1.1884649169839454
18.555000000000593,1.2540200691366736,1.1884649529830447
18.560000000000592,1.254020059230856,1.1884649558687188
18.56500000000059,1.2540200851927543,1.1884649260167914
18.57000000000059,1.2540201465322962,1.1884648638921091
18.57500000000059,1.2540202426641829,1.188464770046184
18.580000000000588,1.2540203729106625,1.1884646451146141
18.585000000000587,1.2540205365045367,1.188464489814297
18.590000000000586,1.2540207325923856,1.1884643049404409
18.595000000000585,1.2540209602380026,1.1884640913633877
18.600000000000584,1.2540212184260247,1.1884638500252607
18.605000000000583,1.2540215060657465,1.188463581936443
18.610000000000582,1.2540218219951063,1.1884632881719048
18.61500000000058,1.254022164984827,1.1884629698673876
18.62000000000058,1.2540225337427036,1.1884626282154596
18.62500000000058,1.2540229269180165,1.1884622644614544
18.630000000000578,1.2540233431060663,1.1884618798993078
18.635000000000577,1.2540237808528034,1.1884614758673027
18.640000000000576,1.2540242386595502,1.188461053743736
18.645000000000575,1.254024714987792,1.1884606149425243
18.650000000000574,1.254025208264029,1.1884601609087575
18.655000000000573,1.2540257168846691,1.188459693114214
18.660000000000572,1.254026239220951,1.1884592130528537
18.66500000000057,1.2540267736238828,1.188458722236299
18.67000000000057,1.2540273184291801,1.1884582221893172
18.67500000000057,1.25402787196219,1.18845771444532
18.680000000000568,1.2540284325427882,1.1884572005418876
18.685000000000567,1.2540289984902357,1.1884566820163354
18.690000000000566,1.254029568127979,1.1884561604013317
18.695000000000565,1.2540301397883842,1.1884556372205792
18.700000000000564,1.2540307118173906,1.1884551139845725
18.705000000000563,1.2540312825790711,1.1884545921864431
18.710000000000562,1.2540318504600878,1.1884540732979014
18.71500000000056,1.2540324138740326,1.1884535587652874
18.72000000000056,1.2540329712656395,1.1884530500057382
18.72500000000056,1.2540335211148597,1.1884525484034862
18.730000000000558,1.2540340619407888,1.1884520553062907
18.735000000000557,1.254034592305437,1.1884515720220175
18.740000000000556,1.2540351108173338,1.18845109981537
18.745000000000555,1.2540356161349557,1.1884506399047836
18.750000000000554,1.2540361069699757,1.1884501934594862
18.755000000000553,1.2540365820903194,1.1884497615967338
18.760000000000552,1.2540370403230274,1.1884493453792266
18.76500000000055,1.2540374805569159,1.188448945812711
18.77000000000055,1.254037901745029,1.188448563843771
18.77500000000055,1.2540383029068802,1.1884482003578143
18.78000000000055,1.2540386831304793,1.1884478561772573
18.785000000000547,1.2540390415741371,1.188447532059909
18.790000000000546,1.254039377468053,1.1884472286975598
18.795000000000545,1.2540396901156758,1.1884469467147736
18.800000000000544,1.2540399788948413,1.1884466866678858
18.805000000000543,1.2540402432586837,1.1884464490442088
18.810000000000542,1.2540404827363225,1.1884462342614428
18.81500000000054,1.2540406969333247,1.188446042667291
18.82000000000054,1.2540408855319423,1.1884458745392803
18.82500000000054,1.2540410482911295,1.1884457300847846
18.83000000000054,1.254041185046341,1.1884456094412457
18.835000000000537,1.2540412957091136,1.1884455126765936
18.840000000000536,1.2540413802664359,1.1884454397898587
18.845000000000535,1.2540414387799106,1.1884453907119745
18.850000000000534,1.254041471384714,1.188445365306763
18.855000000000533,1.2540414782883547,1.1884453633721042
18.860000000000532,1.2540414597692457,1.188445384641275
18.86500000000053,1.254041416175086,1.1884454287844612
18.87000000000053,1.2540413479210653,1.1884454954104293
18.87500000000053,1.2540412554878975,1.1884455840683548
18.88000000000053,1.254041139419689,1.1884456942498
18.885000000000527,1.2540410003216522,1.1884458253908323
18.890000000000526,1.2540408388576687,1.1884459768742768
18.895000000000525,1.254040655747717,1.1884461480320925
18.900000000000524,1.2540404517651673,1.1884463381478707
18.905000000000523,1.2540402277339564,1.1884465464594371
18.910000000000522,1.2540399845256505,1.1884467721615577
18.91500000000052,1.2540397230564078,1.1884470144087347
18.92000000000052,1.2540394442838467,1.1884472723180852
18.92500000000052,1.2540391492038347,1.1884475449722938
18.93000000000052,1.2540388388472032,1.1884478314226266
18.935000000000517,1.254038514276402,1.1884481306920036
18.940000000000516,1.2540381765821016,1.1884484417781138
18.945000000000515,1.2540378268797558,1.1884487636565662
18.950000000000514,1.2540374663061318,1.188449095284068
18.955000000000513,1.2540370960158205,1.1884494356016204
18.960000000000512,1.2540367171777365,1.18844978353772
18.96500000000051,1.2540363309716178,1.1884501380115609
18.97000000000051,1.2540359385845357,1.1884504979362254
18.97500000000051,1.2540355412074229,1.1884508622218548
18.98000000000051,1.254035140031632,1.1884512297787926
18.985000000000507,1.2540347362455326,1.1884515995206888
18.990000000000506,1.2540343310311566,1.1884519703675616
18.995000000000505,1.254033925560899,1.188452341248804
19.000000000000504,1.2540335209942866,1.1884527111061272
19.005000000000503,1.254033118474819,1.1884530788964383
19.010000000000502,1.254032719126894,1.1884534435946374
19.0150000000005,1.254032324052821,1.1884538041963342
19.0200000000005,1.2540319343299324,1.1884541597204723
19.0250000000005,1.2540315510078024,1.1884545092118561
19.0300000000005,1.2540311751055728,1.1884548517435767
19.035000000000498,1.2540308076094009,1.188455186419327
19.040000000000497,1.254030449470028,1.1884555123756024
19.045000000000496,1.2540301016004791,1.1884558287837856
19.050000000000495,1.2540297648738954,1.1884561348521037
19.055000000000494,1.2540294401215064,1.1884564298274598
19.060000000000493,1.2540291281307463,1.1884567129971324
19.06500000000049,1.2540288296435138,1.1884569836903407
19.07000000000049,1.2540285453545859,1.188457241279671
19.07500000000049,1.254028275910182,1.1884574851823633
19.08000000000049,1.2540280219066833,1.1884577148614561
19.085000000000488,1.2540277838895109,1.188457929826787
19.090000000000487,1.2540275623521604,1.1884581296358467
19.095000000000486,1.2540273577353964,1.1884583138944906
19.100000000000485,1.2540271704266073,1.1884584822575008
19.105000000000484,1.254027000759319,1.1884586344290038
19.110000000000483,1.2540268490128692,1.188458770162742
19.11500000000048,1.254026715412238,1.188458889262201
19.12000000000048,1.2540266001280371,1.1884589915805936
19.12500000000048,1.254026503276654,1.1884590770207004
19.13000000000048,1.2540264249205484,1.1884591455345739
19.135000000000478,1.2540263650687005,1.188459197123103
19.140000000000477,1.2540263236772042,1.188459231835444
19.145000000000476,1.2540263006500072,1.1884592497683215
19.150000000000475,1.2540262958397892,1.188459251065199
19.155000000000474,1.2540263090489763,1.18845923591533
19.160000000000473,1.2540263400308882,1.1884592045526854
19.16500000000047,1.254026388491011,1.1884591572547683
19.17000000000047,1.254026454088392,1.188459094341317
19.17500000000047,1.2540265364371512,1.1884590161729034
19.18000000000047,1.2540266351081029,1.188458923149431
19.185000000000468,1.2540267496304818,1.1884588157085378
19.190000000000467,1.2540268794937688,1.1884586943239115
19.195000000000466,1.2540270241496079,1.1884585595035182
19.200000000000465,1.2540271830138086,1.1884584117877568
19.205000000000464,1.2540273554684291,1.1884582517475422
19.210000000000463,1.25402754086393,1.1884580799823217
19.21500000000046,1.2540277385213925,1.1884578971180346
19.22000000000046,1.2540279477347969,1.1884577038050195
19.22500000000046,1.2540281677733502,1.1884575007158764
19.23000000000046,1.254028397883858,1.1884572885432894
19.235000000000458,1.2540286372931333,1.1884570679978188
19.240000000000457,1.2540288852104329,1.1884568398056659
19.245000000000456,1.2540291408299171,1.1884566047064204
19.250000000000455,1.2540294033331234,1.188456363450796
19.255000000000454,1.254029671891447,1.1884561167983598
19.260000000000453,1.2540299456686226,1.1884558655152622
19.26500000000045,1.2540302238231984,1.188455610371976
19.27000000000045,1.254030505510996,1.1884553521410477
19.27500000000045,1.25403078988755,1.1884550915948715
19.28000000000045,1.2540310761105213,1.1884548295034856
19.285000000000448,1.2540313633420734,1.1884545666324042
19.290000000000447,1.254031650751211,1.188454303740487
19.295000000000446,1.2540319375160704,1.1884540415778502
19.300000000000445,1.2540322228261593,1.188453780883829
19.305000000000444,1.2540325058845343,1.1884535223849944
19.310000000000443,1.254032785909919,1.1884532667932277
19.315000000000442,1.2540330621387503,1.1884530148038612
19.32000000000044,1.2540333338271508,1.1884527670938856
19.32500000000044,1.2540336002528218,1.1884525243202333
19.33000000000044,1.254033860716854,1.1884522871181353
19.335000000000438,1.2540341145454494,1.1884520560995626
19.340000000000437,1.2540343610915528,1.1884518318517496
19.345000000000436,1.2540345997363853,1.1884516149358064
19.350000000000435,1.2540348298908843,1.1884514058854208
19.355000000000434,1.254035050997036,1.1884512052056544
19.360000000000433,1.2540352625291087,1.188451013371834
19.365000000000432,1.2540354639947784,1.1884508308285406
19.37000000000043,1.2540356549361436,1.1884506579886986
19.37500000000043,1.2540358349306344,1.1884504952327637
19.38000000000043,1.2540360035918066,1.1884503429080162
19.385000000000428,1.2540361605700254,1.1884502013279534
19.390000000000427,1.2540363055530355,1.1884500707717884
19.395000000000426,1.2540364382664189,1.1884499514840512
19.400000000000425,1.2540365584739384,1.1884498436742934
19.405000000000424,1.254036665977768,1.1884497475168965
19.410000000000423,1.2540367606186127,1.1884496631509816
19.415000000000422,1.254036842275715,1.1884495906804229
19.42000000000042,1.2540369108667533,1.1884495301739593
19.42500000000042,1.2540369663476296,1.1884494816654059
19.43000000000042,1.254037008712154,1.1884494451539633
19.435000000000418,1.2540370379916201,1.1884494206046212
19.440000000000417,1.254037054254283,1.1884494079486547
19.445000000000416,1.2540370576047348,1.1884494070842115
19.450000000000415,1.2540370481831855,1.188449417876987
19.455000000000414,1.2540370261646492,1.1884494401609842
19.460000000000413,1.254036991758042,1.1884494737393534
19.465000000000412,1.254036945205192,1.1884495183853132
19.47000000000041,1.2540368867797689,1.188449573843143
19.47500000000041,1.2540368167861322,1.1884496398292501
19.48000000000041,1.2540367355581095,1.1884497160332992
19.485000000000408,1.2540366434577006,1.1884498021194108
19.490000000000407,1.2540365408737189,1.1884498977274125
19.495000000000406,1.2540364282203713,1.188450002474151
19.500000000000405,1.2540363059357824,1.1884501159548493
19.505000000000404,1.2540361744804664,1.1884502377445134
19.510000000000403,1.2540360343357553,1.1884503673993785
19.515000000000402,1.2540358860021832,1.1884505044583928
19.5200000000004,1.2540357299978369,1.1884506484447321
19.5250000000004,1.2540355668566736,1.1884507988673445
19.5300000000004,1.2540353971268146,1.1884509552225144
19.535000000000398,1.2540352213688164,1.1884511169954477
19.540000000000397,1.2540350401539293,1.1884512836618673
19.545000000000396,1.2540348540623423,1.188451454689619
19.550000000000395,1.254034663681425,1.1884516295402814
19.555000000000394,1.2540344696039694,1.188451807670773
19.560000000000393,1.2540342724264357,1.1884519885349567
19.565000000000392,1.2540340727472084,1.1884521715852323
19.57000000000039,1.2540338711648669,1.1884523562741154
19.57500000000039,1.2540336682764768,1.1884525420557974
19.58000000000039,1.2540334646759035,1.1884527283876838
19.585000000000388,1.2540332609521556,1.1884529147319038
19.590000000000387,1.2540330576877612,1.18845310055679
19.595000000000386,1.2540328554571818,1.1884532853383227
19.600000000000385,1.2540326548252665,1.1884534685615367
19.605000000000384,1.2540324563457534,1.1884536497218836
19.610000000000383,1.2540322605598178,1.1884538283265518
19.615000000000382,1.2540320679946755,1.188454003895735
19.62000000000038,1.2540318791622393,1.1884541759638503
19.62500000000038,1.2540316945578387,1.1884543440807014
19.63000000000038,1.2540315146589964,1.1884545078125837
19.635000000000378,1.2540313399242757,1.1884546667433307
19.640000000000377,1.25403117079219,1.1884548204752972
19.645000000000376,1.2540310076801866,1.1884549686302788
19.650000000000375,1.254030850983698,1.1884551108503663
19.655000000000374,1.2540307010752718,1.188455246798729
19.660000000000373,1.2540305583037716,1.1884553761603331
19.665000000000372,1.2540304229936579,1.1884554986425862
19.67000000000037,1.2540302954443445,1.188455613975912
19.67500000000037,1.254030175929636,1.1884557219142526
19.68000000000037,1.2540300646972429,1.1884558222354973
19.685000000000368,1.2540299619683786,1.1884559147418385
19.690000000000367,1.2540298679374353,1.1884559992600539
19.695000000000366,1.2540297827717404,1.188456075641715
19.700000000000365,1.2540297066113937,1.1884561437633248
19.705000000000364,1.254029639569183,1.1884562035263782
19.710000000000363,1.2540295817305795,1.1884562548573552
19.715000000000362,1.254029533153811,1.1884562977076398
19.72000000000036,1.254029493870011,1.1884563320533703
19.72500000000036,1.2540294638834453,1.1884563578952205
19.73000000000036,1.2540294431718106,1.1884563752581125
19.73500000000036,1.254029431686607,1.1884563841908644
19.740000000000357,1.2540294293535792,1.1884563847657748
19.745000000000356,1.2540294360732278,1.1884563770781436
19.750000000000355,1.254029451721386,1.1884563612457326
19.755000000000354,1.254029476149859,1.1884563374081711
19.760000000000353,1.2540295091871265,1.1884563057263025
19.765000000000352,1.254029550639102,1.1884562663814793
19.77000000000035,1.2540296002899478,1.188456219574809
19.77500000000035,1.2540296579029435,1.18845616552635
19.78000000000035,1.2540297232214033,1.1884561044742656
19.78500000000035,1.2540297959696391,1.188456036673934
19.790000000000347,1.2540298758539685,1.18845596239702
19.795000000000346,1.2540299625637603,1.1884558819305104
19.800000000000345,1.2540300557725172,1.1884557955757198
19.805000000000344,1.2540301551389914,1.1884557036472634
19.810000000000343,1.2540302603083289,1.188455606472005
19.815000000000342,1.2540303709132394,1.1884555043879845
19.82000000000034,1.2540304865751883,1.1884553977433212
19.82500000000034,1.2540306069056077,1.188455286895107
19.83000000000034,1.254030731507119,1.188455172208281
19.83500000000034,1.2540308599747707,1.1884550540544996
19.840000000000337,1.2540309918972803,1.188454932810997
19.845000000000336,1.254031126858281,1.1884548088594458
19.850000000000335,1.2540312644375686,1.188454682584815
19.855000000000334,1.2540314042123444,1.1884545543742357
19.860000000000333,1.2540315457584503,1.1884544246158706
19.865000000000332,1.254031688651597,1.1884542936977949
19.87000000000033,1.2540318324685726,1.1884541620068907
19.87500000000033,1.2540319767884398,1.1884540299277568
19.88000000000033,1.2540321211937089,1.1884538978416388
19.88500000000033,1.2540322652714893,1.18845376612538
19.890000000000327,1.2540324086146126,1.1884536351503976
19.895000000000326,1.2540325508227297,1.1884535052816867
19.900000000000325,1.2540326915033717,1.1884533768768528
19.905000000000324,1.2540328302729795,1.1884532502851783
19.910000000000323,1.2540329667578936,1.1884531258467224
19.915000000000322,1.2540331005953047,1.1884530038914574
19.92000000000032,1.2540332314341647,1.1884528847384463
19.92500000000032,1.254033358936049,1.1884527686950574
19.93000000000032,1.2540334827759774,1.1884526560562239
19.93500000000032,1.254033602643184,1.1884525471037473
19.940000000000317,1.2540337182418395,1.188452442105645
19.945000000000316,1.2540338292917217,1.1884523413155468
19.950000000000315,1.2540339355288328,1.1884522449721369
19.955000000000314,1.2540340367059652,1.188452153298648
19.960000000000313,1.254034132593212,1.1884520665024028
19.965000000000312,1.2540342229784218,1.188451984774407
19.97000000000031,1.2540343076675975,1.188451908288995
19.97500000000031,1.2540343864852392,1.1884518372035244
19.98000000000031,1.2540344592746315,1.1884517716581253
19.98500000000031,1.254034525898071,1.1884517117754996
19.990000000000308,1.254034586237039,1.188451657660774
19.995000000000307,1.2540346401923177,1.1884516094014028
