k3,k4,l10,l20,RMSE_theta_1,RMSE_theta_2,MAE_theta_1,MAE_theta_2,MaxAE_theta_1,MaxAE_theta_2,valid_exp_num,theta_1_theo,theta_2_theo,theta_1_sim,theta_2_sim
239.36441430493713,172.4570601684108,0.18630641038129486,0.205981724152991,0.0011997352142767822,0.008490678501210843,0.000999727728758622,0.008276527759011583,0.0032598097562139827,0.014519550152065797,149,"[1.01963972 1.01963972 1.01963972 1.01963972 1.01963972 1.01963972
 1.10231321 1.10231321 1.10231321 1.10231321 1.10231321 1.10231321
 1.10231321 1.10231321 1.10231321 1.10231321 1.10231321 1.1849867
 1.1849867  1.1849867  1.1849867  1.1849867  1.1849867  1.1849867
 1.1849867  1.1849867  1.1849867  1.1849867  1.1849867  1.26766019
 1.26766019 1.26766019 1.26766019 1.26766019 1.26766019 1.26766019
 1.26766019 1.26766019 1.26766019 1.26766019 1.26766019 1.26766019
 1.35033368 1.35033368 1.35033368 1.35033368 1.35033368 1.35033368
 1.35033368 1.35033368 1.35033368 1.35033368 1.35033368 1.35033368
 1.35033368 1.35033368 1.43300718 1.43300718 1.43300718 1.43300718
 1.43300718 1.43300718 1.43300718 1.43300718 1.43300718 1.43300718
 1.43300718 1.43300718 1.43300718 1.43300718 1.43300718 1.51568067
 1.51568067 1.51568067 1.51568067 1.51568067 1.51568067 1.51568067
 1.51568067 1.51568067 1.51568067 1.51568067 1.51568067 1.51568067
 1.51568067 1.51568067 1.51568067 1.59835416 1.59835416 1.59835416
 1.59835416 1.59835416 1.59835416 1.59835416 1.59835416 1.59835416
 1.59835416 1.59835416 1.59835416 1.59835416 1.59835416 1.59835416
 1.59835416 1.68102765 1.68102765 1.68102765 1.68102765 1.68102765
 1.68102765 1.68102765 1.68102765 1.68102765 1.68102765 1.68102765
 1.68102765 1.68102765 1.68102765 1.68102765 1.68102765 1.76370114
 1.76370114 1.76370114 1.76370114 1.76370114 1.76370114 1.76370114
 1.76370114 1.76370114 1.76370114 1.76370114 1.76370114 1.76370114
 1.76370114 1.76370114 1.84637463 1.84637463 1.84637463 1.84637463
 1.84637463 1.84637463 1.84637463 1.84637463 1.84637463 1.84637463
 1.84637463 1.84637463 1.84637463 1.84637463 1.84637463]","[0.82673491 0.9094084  0.99208189 1.07475538 1.15742887 1.24010236
 0.41336745 0.49604095 0.57871444 0.66138793 0.74406142 0.82673491
 0.9094084  0.99208189 1.07475538 1.15742887 1.24010236 0.41336745
 0.49604095 0.57871444 0.66138793 0.74406142 0.82673491 0.9094084
 0.99208189 1.07475538 1.15742887 1.24010236 1.32277585 0.33069396
 0.41336745 0.49604095 0.57871444 0.66138793 0.74406142 0.82673491
 0.9094084  0.99208189 1.07475538 1.15742887 1.24010236 1.32277585
 0.33069396 0.41336745 0.49604095 0.57871444 0.66138793 0.74406142
 0.82673491 0.9094084  0.99208189 1.07475538 1.15742887 1.24010236
 1.32277585 1.40544935 0.33069396 0.41336745 0.49604095 0.57871444
 0.66138793 0.74406142 0.82673491 0.9094084  0.99208189 1.07475538
 1.15742887 1.24010236 1.32277585 1.40544935 1.48812284 0.24802047
 0.33069396 0.41336745 0.49604095 0.57871444 0.66138793 0.74406142
 0.82673491 0.9094084  0.99208189 1.07475538 1.15742887 1.24010236
 1.32277585 1.40544935 1.48812284 0.24802047 0.33069396 0.41336745
 0.49604095 0.57871444 0.66138793 0.74406142 0.82673491 0.9094084
 0.99208189 1.07475538 1.15742887 1.24010236 1.32277585 1.40544935
 1.48812284 0.24802047 0.33069396 0.41336745 0.49604095 0.57871444
 0.66138793 0.74406142 0.82673491 0.9094084  0.99208189 1.07475538
 1.15742887 1.24010236 1.32277585 1.40544935 1.48812284 0.24802047
 0.33069396 0.41336745 0.49604095 0.57871444 0.66138793 0.74406142
 0.82673491 0.9094084  0.99208189 1.07475538 1.15742887 1.24010236
 1.32277585 1.40544935 0.24802047 0.33069396 0.41336745 0.49604095
 0.57871444 0.66138793 0.74406142 0.82673491 0.9094084  0.99208189
 1.07475538 1.15742887 1.24010236 1.32277585 1.40544935]","[1.02040155 1.02027789 1.02015503 1.02004066 1.01994191 1.01986503
 1.10349065 1.1034813  1.10343262 1.1033529  1.10325106 1.10313604
 1.1030166  1.10290109 1.10279726 1.10271212 1.10265154 1.18626615
 1.18624803 1.18619026 1.18610258 1.1859949  1.18587684 1.18575757
 1.18564559 1.18554862 1.18547341 1.18542534 1.18540777 1.26905624
 1.26907123 1.26903639 1.26896245 1.26886054 1.26874148 1.26861547
 1.26849193 1.2683794  1.26828543 1.26821642 1.26817721 1.26817034
 1.3519093  1.35189901 1.35183857 1.3517407  1.35161781 1.35148153
 1.35134248 1.35121018 1.35109306 1.3509984  1.35093217 1.35089862
 1.35089954 1.35093284 1.43478763 1.43474074 1.43464485 1.43451464
 1.43436369 1.43420423 1.43404707 1.43390168 1.43377622 1.43367761
 1.43361131 1.43358097 1.43358765 1.43362839 1.43369369 1.51771398
 1.51768099 1.5175844  1.51744208 1.51727044 1.51708395 1.51689516
 1.51671485 1.51655224 1.51641512 1.51630991 1.51624156 1.5162131
 1.51622493 1.51627332 1.51634787 1.60067131 1.60057004 1.600409
 1.60020883 1.59998721 1.599759   1.59953651 1.59933    1.59914794
 1.59899735 1.59888389 1.59881178 1.59878351 1.59879909 1.59885466
 1.59894013 1.68365065 1.68346339 1.68322479 1.68295718 1.68267864
 1.68240363 1.68214371 1.68190819 1.68170457 1.68153894 1.68141607
 1.68133942 1.68131081 1.68132974 1.68139199 1.68148716 1.76664583
 1.76634896 1.76601557 1.76566835 1.76532452 1.76499715 1.76469623
 1.76442952 1.76420315 1.76402195 1.76388966 1.76380888 1.7637808
 1.76380457 1.76387594 1.84963444 1.84920249 1.84875763 1.84832038
 1.84790516 1.84752218 1.84717889 1.84688083 1.84663224 1.84643644
 1.84629594 1.8462124  1.8461864  1.84621681 1.84629962]","[0.82188453 0.90424347 0.98660691 1.06895482 1.15126716 1.23352316
 0.40997456 0.49203413 0.57421906 0.65649718 0.73884012 0.82122276
 0.90362252 0.98601856 1.06839092 1.15071967 1.23298414 0.40896294
 0.49111154 0.57337831 0.65572995 0.7381375  0.82057566 0.90302198
 0.98545591 1.06785785 1.15020822 1.23248665 1.31467158 0.32582106
 0.40792392 0.4901757  0.57253648 0.65497193 0.73745274 0.81995384
 0.90245333 0.98493128 1.06736874 1.1497467  1.23204534 1.31424356
 0.32463072 0.40686345 0.48923508 0.57170368 0.6542342  0.73679763
 0.8193697  0.90192945 0.98445801 1.06693735 1.14934933 1.23167481
 1.3138933  1.39598341 0.32340537 0.40579129 0.48830155 0.57089284
 0.65353037 0.73618623 0.81883753 0.90146484 0.98405069 1.06657838
 1.14903086 1.23138993 1.31363577 1.3957475  1.47770589 0.23975015
 0.32215655 0.40472206 0.48739136 0.57012124 0.65287833 0.73563668
 0.81837555 0.90107758 0.9837272  1.06630939 1.14880852 1.23120752
 1.3134874  1.39562769 1.47760917 0.23826505 0.32090756 0.40368145
 0.48653086 0.56941448 0.65230192 0.73517057 0.81800297 0.90078477
 0.98350308 1.06614515 1.1486972  1.23114351 1.31346583 1.39564361
 1.47765627 0.23672473 0.31964459 0.40265606 0.48570603 0.56875773
 0.65178578 0.73477237 0.81770438 0.90057124 0.98336329 1.0660705
 1.14868132 1.23118178 1.3135548  1.39578022 1.47783665 0.23512952
 0.31837936 0.40166415 0.48493837 0.56817357 0.6513522  0.7344633
 0.81749952 0.90045513 0.98332444 1.06610069 1.14877502 1.23133551
 1.31376647 1.39604807 0.23350092 0.31713864 0.40073221 0.48425151
 0.56768184 0.65101716 0.73425577 0.81739774 0.90044321 0.98339125
 1.06623892 1.14898046 1.23160645 1.31410291 1.39645066]"
196.4912196213635,348.6007845700352,0.15248877412946985,0.26898638429984284,0.0010946254595014927,0.0050513321859989736,0.0009350282420672399,0.0049479888052292335,0.003138088918851034,0.009316935572031226,113,"[1.01963972 1.10231321 1.10231321 1.10231321 1.10231321 1.10231321
 1.10231321 1.1849867  1.1849867  1.1849867  1.1849867  1.1849867
 1.1849867  1.1849867  1.26766019 1.26766019 1.26766019 1.26766019
 1.26766019 1.26766019 1.26766019 1.26766019 1.26766019 1.35033368
 1.35033368 1.35033368 1.35033368 1.35033368 1.35033368 1.35033368
 1.35033368 1.35033368 1.35033368 1.43300718 1.43300718 1.43300718
 1.43300718 1.43300718 1.43300718 1.43300718 1.43300718 1.43300718
 1.43300718 1.43300718 1.51568067 1.51568067 1.51568067 1.51568067
 1.51568067 1.51568067 1.51568067 1.51568067 1.51568067 1.51568067
 1.51568067 1.51568067 1.51568067 1.59835416 1.59835416 1.59835416
 1.59835416 1.59835416 1.59835416 1.59835416 1.59835416 1.59835416
 1.59835416 1.59835416 1.59835416 1.59835416 1.59835416 1.68102765
 1.68102765 1.68102765 1.68102765 1.68102765 1.68102765 1.68102765
 1.68102765 1.68102765 1.68102765 1.68102765 1.68102765 1.68102765
 1.68102765 1.76370114 1.76370114 1.76370114 1.76370114 1.76370114
 1.76370114 1.76370114 1.76370114 1.76370114 1.76370114 1.76370114
 1.76370114 1.76370114 1.76370114 1.84637463 1.84637463 1.84637463
 1.84637463 1.84637463 1.84637463 1.84637463 1.84637463 1.84637463
 1.84637463 1.84637463 1.84637463 1.84637463 1.84637463]","[1.15742887 0.82673491 0.9094084  0.99208189 1.07475538 1.15742887
 1.24010236 0.74406142 0.82673491 0.9094084  0.99208189 1.07475538
 1.15742887 1.24010236 0.66138793 0.74406142 0.82673491 0.9094084
 0.99208189 1.07475538 1.15742887 1.24010236 1.32277585 0.66138793
 0.74406142 0.82673491 0.9094084  0.99208189 1.07475538 1.15742887
 1.24010236 1.32277585 1.40544935 0.57871444 0.66138793 0.74406142
 0.82673491 0.9094084  0.99208189 1.07475538 1.15742887 1.24010236
 1.32277585 1.40544935 0.49604095 0.57871444 0.66138793 0.74406142
 0.82673491 0.9094084  0.99208189 1.07475538 1.15742887 1.24010236
 1.32277585 1.40544935 1.48812284 0.41336745 0.49604095 0.57871444
 0.66138793 0.74406142 0.82673491 0.9094084  0.99208189 1.07475538
 1.15742887 1.24010236 1.32277585 1.40544935 1.48812284 0.41336745
 0.49604095 0.57871444 0.66138793 0.74406142 0.82673491 0.9094084
 0.99208189 1.07475538 1.15742887 1.24010236 1.32277585 1.40544935
 1.48812284 0.33069396 0.41336745 0.49604095 0.57871444 0.66138793
 0.74406142 0.82673491 0.9094084  0.99208189 1.07475538 1.15742887
 1.24010236 1.32277585 1.40544935 0.24802047 0.33069396 0.41336745
 0.49604095 0.57871444 0.66138793 0.74406142 0.82673491 0.9094084
 0.99208189 1.07475538 1.15742887 1.24010236 1.32277585]","[1.01993262 1.10313485 1.10300695 1.10289097 1.10279673 1.10273358
 1.10271035 1.18601348 1.18588358 1.18575982 1.18565248 1.18557125
 1.18552519 1.18552264 1.26889766 1.26876284 1.26862794 1.26850398
 1.26840109 1.26832867 1.26829534 1.26830877 1.26837526 1.35165133
 1.35150129 1.35135655 1.35122794 1.35112532 1.35105759 1.3510328
 1.3510579  1.35113826 1.35127652 1.43455713 1.4343869  1.43421621
 1.43405692 1.43391949 1.43381326 1.43374653 1.43372666 1.43375982
 1.43385046 1.43400009 1.51748938 1.51729212 1.51708853 1.51689191
 1.51671364 1.51656357 1.51645038 1.51638166 1.51636401 1.51640278
 1.51650151 1.51666071 1.51687544 1.60045567 1.60022246 1.59997745
 1.59973582 1.59951004 1.59931049 1.59914596 1.59902406 1.5989514
 1.59893364 1.59897535 1.59907944 1.59924599 1.59946999 1.68321766
 1.68291987 1.68262268 1.68233999 1.68208287 1.68186034 1.6816799
 1.68154796 1.68147002 1.68145079 1.68149395 1.68160163 1.68177327
 1.68200332 1.76630131 1.76593116 1.76556129 1.76520731 1.7648809
 1.76459103 1.76434483 1.76414816 1.76400602 1.7639227  1.76390187
 1.76394637 1.7640577  1.76423498 1.84951272 1.84903919 1.84857084
 1.84812476 1.84771265 1.84734279 1.84702128 1.84675288 1.84654149
 1.84639051 1.84630294 1.84628136 1.84632781 1.84644325]","[1.15409542 0.82349223 0.90609488 0.98868174 1.07123745 1.15374615
 1.23619041 0.74048197 0.82311666 0.90574316 0.98834592 1.0709098
 1.15341906 1.23585624 0.65741603 0.74008874 0.82276075 0.90541572
 0.98803875 1.07061524 1.15312983 1.23556532 1.31790165 0.65699742
 0.73972352 0.8224384  0.90512682 0.9877749  1.07036889 1.15289411
 1.23533388 1.31766846 1.3998743  0.57382354 0.65661614 0.73940207
 0.82216522 0.90489196 0.9875698  1.0701862  1.15272747 1.23517768
 1.31751764 1.39972418 0.49054132 0.57341859 0.65629189 0.73914358
 0.82195991 0.90472935 0.98744123 1.07008453 1.15264684 1.23511328
 1.31746545 1.39968069 1.48173223 0.4071191  0.49010706 0.57309031
 0.65604913 0.73896958 0.82184122 0.90465539 0.98740385 1.07007761
 1.15266594 1.23515523 1.31752794 1.39976168 1.48182908 0.4066078
 0.48973512 0.57282942 0.65587659 0.73886757 0.82179596 0.90465647
 0.98744367 1.07015092 1.15276946 1.23528733 1.31768835 1.39995107
 1.48204851 0.32284716 0.40617486 0.48944974 0.57265862 0.65579508
 0.73885625 0.82184074 0.90474725 0.9875736  1.07031585 1.15296748
 1.23551848 1.31795422 1.40025438 0.23870354 0.32232401 0.40585063
 0.48927465 0.57259574 0.65581739 0.7389443  0.82198087 0.90493035
 0.98779412 1.07057119 1.15325757 1.23584542 1.31832202]"
451.825676306087,290.15075145858987,0.16232528556332287,0.23012979042531004,0.0007161290713739515,0.005335042065585567,0.0006255882851529208,0.005257125721212271,0.0017189514665216787,0.008140367541724591,120,"[1.10231321 1.10231321 1.10231321 1.10231321 1.10231321 1.10231321
 1.10231321 1.1849867  1.1849867  1.1849867  1.1849867  1.1849867
 1.1849867  1.1849867  1.1849867  1.1849867  1.26766019 1.26766019
 1.26766019 1.26766019 1.26766019 1.26766019 1.26766019 1.26766019
 1.26766019 1.26766019 1.35033368 1.35033368 1.35033368 1.35033368
 1.35033368 1.35033368 1.35033368 1.35033368 1.35033368 1.35033368
 1.35033368 1.35033368 1.43300718 1.43300718 1.43300718 1.43300718
 1.43300718 1.43300718 1.43300718 1.43300718 1.43300718 1.43300718
 1.43300718 1.43300718 1.51568067 1.51568067 1.51568067 1.51568067
 1.51568067 1.51568067 1.51568067 1.51568067 1.51568067 1.51568067
 1.51568067 1.51568067 1.51568067 1.51568067 1.59835416 1.59835416
 1.59835416 1.59835416 1.59835416 1.59835416 1.59835416 1.59835416
 1.59835416 1.59835416 1.59835416 1.59835416 1.59835416 1.59835416
 1.68102765 1.68102765 1.68102765 1.68102765 1.68102765 1.68102765
 1.68102765 1.68102765 1.68102765 1.68102765 1.68102765 1.68102765
 1.68102765 1.68102765 1.68102765 1.76370114 1.76370114 1.76370114
 1.76370114 1.76370114 1.76370114 1.76370114 1.76370114 1.76370114
 1.76370114 1.76370114 1.76370114 1.76370114 1.76370114 1.84637463
 1.84637463 1.84637463 1.84637463 1.84637463 1.84637463 1.84637463
 1.84637463 1.84637463 1.84637463 1.84637463 1.84637463 1.84637463]","[0.66138793 0.74406142 0.82673491 0.9094084  0.99208189 1.07475538
 1.15742887 0.57871444 0.66138793 0.74406142 0.82673491 0.9094084
 0.99208189 1.07475538 1.15742887 1.24010236 0.57871444 0.66138793
 0.74406142 0.82673491 0.9094084  0.99208189 1.07475538 1.15742887
 1.24010236 1.32277585 0.49604095 0.57871444 0.66138793 0.74406142
 0.82673491 0.9094084  0.99208189 1.07475538 1.15742887 1.24010236
 1.32277585 1.40544935 0.49604095 0.57871444 0.66138793 0.74406142
 0.82673491 0.9094084  0.99208189 1.07475538 1.15742887 1.24010236
 1.32277585 1.40544935 0.41336745 0.49604095 0.57871444 0.66138793
 0.74406142 0.82673491 0.9094084  0.99208189 1.07475538 1.15742887
 1.24010236 1.32277585 1.40544935 1.48812284 0.41336745 0.49604095
 0.57871444 0.66138793 0.74406142 0.82673491 0.9094084  0.99208189
 1.07475538 1.15742887 1.24010236 1.32277585 1.40544935 1.48812284
 0.33069396 0.41336745 0.49604095 0.57871444 0.66138793 0.74406142
 0.82673491 0.9094084  0.99208189 1.07475538 1.15742887 1.24010236
 1.32277585 1.40544935 1.48812284 0.33069396 0.41336745 0.49604095
 0.57871444 0.66138793 0.74406142 0.82673491 0.9094084  0.99208189
 1.07475538 1.15742887 1.24010236 1.32277585 1.40544935 0.33069396
 0.41336745 0.49604095 0.57871444 0.66138793 0.74406142 0.82673491
 0.9094084  0.99208189 1.07475538 1.15742887 1.24010236 1.32277585]","[1.10305422 1.10297687 1.10289331 1.10281022 1.10273395 1.10267062
 1.10262604 1.18582932 1.18576157 1.18568307 1.18560092 1.18552181
 1.18545209 1.18539771 1.18536427 1.18535688 1.26855106 1.26847578
 1.26839239 1.26830812 1.26822964 1.26816321 1.26811461 1.26808918
 1.26809169 1.26812605 1.35135099 1.35127699 1.35118996 1.35109785
 1.35100793 1.35092681 1.35086059 1.35081485 1.35079464 1.35080438
 1.35084753 1.35092589 1.43409266 1.4339991  1.43389589 1.43379112
 1.43369202 1.43360509 1.43353621 1.43349073 1.43347338 1.43348822
 1.43353828 1.43362479 1.51692863 1.5168246  1.51670579 1.51658144
 1.51645967 1.51634759 1.51625157 1.51617728 1.51612982 1.51611363
 1.5161324  1.51618868 1.51628314 1.51641307 1.59966601 1.59952616
 1.59937707 1.59922796 1.59908663 1.5989598  1.59885329 1.59877224
 1.59872123 1.59870423 1.5987246  1.5987847  1.5988853  1.59902419
 1.68256645 1.68240027 1.68222051 1.68203795 1.6818614  1.6816982
 1.6815545  1.68143561 1.68134613 1.68129011 1.68127104 1.68129175
 1.68135414 1.68145843 1.68160178 1.76534267 1.76511985 1.76489242
 1.7646705  1.76446212 1.76427377 1.76411083 1.76397786 1.76387878
 1.763817   1.76379547 1.76381655 1.7638817  1.76399092 1.84809358
 1.84780457 1.84752282 1.84725702 1.84701382 1.84679846 1.84661519
 1.84646759 1.84635874 1.84629131 1.84626763 1.84628951 1.84635808]","[0.65825079 0.74074238 0.82325501 0.90577333 0.98828311 1.07077037
 1.15322054 0.57529331 0.65779366 0.74032494 0.82287028 0.90541475
 0.98794452 1.07044591 1.15290451 1.23530423 0.57479261 0.65734581
 0.73992176 0.82250426 0.90507903 0.98763282 1.07015241 1.15262371
 1.23503078 1.31735476 0.49172313 0.57430332 0.6569155  0.73954138
 0.82216573 0.90477519 0.98735727 1.06989941 1.15238798 1.23480732
 1.31713869 1.39935928 0.49117853 0.5738354  0.65651292 0.73919418
 0.82186524 0.9045139  0.98712867 1.06969779 1.15220831 1.23464504
 1.31698948 1.3992189  0.40794674 0.4906612  0.57340299 0.65615268
 0.73889513 0.82161801 0.90431053 0.98696239 1.06956286 1.1520998
 1.23455872 1.31692162 1.39916602 1.4812644  0.40737235 0.49019622
 0.57302986 0.65585652 0.73866359 0.82144099 0.90417993 0.98687186
 1.0695075  1.15207594 1.23456356 1.31695288 1.3992213  1.48134022
 0.32388344 0.40681551 0.48975679 0.57268817 0.65559642 0.73847202
 0.82130752 0.90409641 0.98683206 1.06950691 1.1521115  1.23463354
 1.31705666 1.39935918 1.48151314 0.32319922 0.4062896  0.48936023
 0.57239752 0.65539303 0.7383412  0.82123793 0.90407948 0.98686159
 1.06957872 1.15222322 1.23478436 1.31724717 1.39959105 0.3225536
 0.40581782 0.4890271  0.57217565 0.6552613  0.73828358 0.82124246
 0.9041375  0.98696725 1.06972854 1.15241583 1.23502031 1.31752879]"
218.759335555858,258.043486579678,0.17268933934957795,0.20860766315540982,0.0011335986668969417,0.006306734584463336,0.0009570120197166734,0.00617663352599015,0.0031313911944350625,0.011068388522538164,125,"[1.01963972 1.01963972 1.10231321 1.10231321 1.10231321 1.10231321
 1.10231321 1.10231321 1.10231321 1.10231321 1.1849867  1.1849867
 1.1849867  1.1849867  1.1849867  1.1849867  1.1849867  1.1849867
 1.1849867  1.26766019 1.26766019 1.26766019 1.26766019 1.26766019
 1.26766019 1.26766019 1.26766019 1.26766019 1.26766019 1.35033368
 1.35033368 1.35033368 1.35033368 1.35033368 1.35033368 1.35033368
 1.35033368 1.35033368 1.35033368 1.35033368 1.35033368 1.43300718
 1.43300718 1.43300718 1.43300718 1.43300718 1.43300718 1.43300718
 1.43300718 1.43300718 1.43300718 1.43300718 1.43300718 1.51568067
 1.51568067 1.51568067 1.51568067 1.51568067 1.51568067 1.51568067
 1.51568067 1.51568067 1.51568067 1.51568067 1.51568067 1.51568067
 1.51568067 1.59835416 1.59835416 1.59835416 1.59835416 1.59835416
 1.59835416 1.59835416 1.59835416 1.59835416 1.59835416 1.59835416
 1.59835416 1.59835416 1.59835416 1.68102765 1.68102765 1.68102765
 1.68102765 1.68102765 1.68102765 1.68102765 1.68102765 1.68102765
 1.68102765 1.68102765 1.68102765 1.68102765 1.68102765 1.68102765
 1.76370114 1.76370114 1.76370114 1.76370114 1.76370114 1.76370114
 1.76370114 1.76370114 1.76370114 1.76370114 1.76370114 1.76370114
 1.76370114 1.76370114 1.76370114 1.84637463 1.84637463 1.84637463
 1.84637463 1.84637463 1.84637463 1.84637463 1.84637463 1.84637463
 1.84637463 1.84637463 1.84637463 1.84637463 1.84637463]","[1.07475538 1.15742887 0.66138793 0.74406142 0.82673491 0.9094084
 0.99208189 1.07475538 1.15742887 1.24010236 0.57871444 0.66138793
 0.74406142 0.82673491 0.9094084  0.99208189 1.07475538 1.15742887
 1.24010236 0.57871444 0.66138793 0.74406142 0.82673491 0.9094084
 0.99208189 1.07475538 1.15742887 1.24010236 1.32277585 0.49604095
 0.57871444 0.66138793 0.74406142 0.82673491 0.9094084  0.99208189
 1.07475538 1.15742887 1.24010236 1.32277585 1.40544935 0.49604095
 0.57871444 0.66138793 0.74406142 0.82673491 0.9094084  0.99208189
 1.07475538 1.15742887 1.24010236 1.32277585 1.40544935 0.41336745
 0.49604095 0.57871444 0.66138793 0.74406142 0.82673491 0.9094084
 0.99208189 1.07475538 1.15742887 1.24010236 1.32277585 1.40544935
 1.48812284 0.41336745 0.49604095 0.57871444 0.66138793 0.74406142
 0.82673491 0.9094084  0.99208189 1.07475538 1.15742887 1.24010236
 1.32277585 1.40544935 1.48812284 0.33069396 0.41336745 0.49604095
 0.57871444 0.66138793 0.74406142 0.82673491 0.9094084  0.99208189
 1.07475538 1.15742887 1.24010236 1.32277585 1.40544935 1.48812284
 0.24802047 0.33069396 0.41336745 0.49604095 0.57871444 0.66138793
 0.74406142 0.82673491 0.9094084  0.99208189 1.07475538 1.15742887
 1.24010236 1.32277585 1.40544935 0.24802047 0.33069396 0.41336745
 0.49604095 0.57871444 0.66138793 0.74406142 0.82673491 0.9094084
 0.99208189 1.07475538 1.15742887 1.24010236 1.32277585]","[1.02002236 1.01993379 1.1033596  1.10324757 1.10312514 1.10300216
 1.10288798 1.10279154 1.10272116 1.10268444 1.18620868 1.18610938
 1.18599255 1.18586895 1.1857487  1.18564126 1.18555546 1.18549935
 1.18548002 1.26897897 1.26886579 1.26873888 1.26860937 1.26848751
 1.2683827  1.26830351 1.26825758 1.26825142 1.26828981 1.35186408
 1.35175224 1.35161878 1.35147623 1.35133592 1.35120806 1.35110179
 1.35102531 1.35098575 1.35098896 1.35103886 1.35113627 1.43466102
 1.43451693 1.43435659 1.43419284 1.43403696 1.43389889 1.4337874
 1.43371015 1.43367369 1.43368317 1.4337417  1.43384908 1.51760294
 1.51744266 1.51725806 1.5170641  1.51687359 1.51669751 1.51654535
 1.51642532 1.51634449 1.51630876 1.51632255 1.51638819 1.51650459
 1.51666478 1.60040368 1.60018642 1.599954   1.59972124 1.59950037
 1.59930154 1.59913334 1.59900304 1.59891681 1.59887974 1.59889556
 1.5989661  1.59909    1.59926039 1.68344439 1.68318379 1.68290193
 1.68261639 1.68234109 1.6820871  1.68186343 1.68167749 1.68153548
 1.68144261 1.68140305 1.6814198  1.681494   1.68162377 1.68180183
 1.76660024 1.76627585 1.76592512 1.76556945 1.7652248  1.76490318
 1.76461382 1.76436402 1.76415967 1.76400565 1.76390604 1.76386409
 1.76388201 1.76396047 1.76409738 1.84950602 1.84905522 1.84860282
 1.8481669  1.84775998 1.84739097 1.84706639 1.84679126 1.84656961
 1.84640477 1.84629955 1.84625623 1.84627628 1.84635994]","[1.07065339 1.15309342 0.65767207 0.74017121 0.8226955  0.90522579
 0.98774448 1.07023456 1.15267864 1.23505806 0.57460475 0.65711518
 0.73966358 0.82222838 0.9047907  0.98733324 1.06983928 1.15229169
 1.2346719  0.57399072 0.65656767 0.73917229 0.82178352 0.9043831
 0.98695443 1.06948137 1.15194726 1.23433389 1.31662064 0.49077682
 0.57338931 0.65604185 0.73871009 0.82137404 0.90401653 0.98662197
 1.06917515 1.15166015 1.23405934 1.31635252 1.39851653 0.49010267
 0.57281523 0.65555258 0.73829191 0.82101487 0.90370588 0.98635076
 1.06893556 1.15144538 1.23386341 1.31617007 1.39834258 0.40667208
 0.48946294 0.57228748 0.65511878 0.73793645 0.82072441 0.90346921
 0.98615851 1.06877992 1.15131989 1.23376267 1.31608947 1.39827804
 1.48030361 0.40594809 0.48888612 0.57183273 0.65476471 0.73766524
 0.82052158 0.90332316 0.98606016 1.06872232 1.15129778 1.23377214
 1.31612742 1.39834152 1.48038879 0.32217294 0.40526464 0.48836243
 0.57143918 0.6544771  0.73746421 0.8203919  0.90325309 0.98604092
 1.06874755 1.15136324 1.23387524 1.31626688 1.39851685 1.48059953
 0.23801973 0.3213354  0.40464452 0.48791537 0.57112975 0.65427757
 0.73735325 0.82035341 0.90327522 0.9861153  1.06886871 1.15152808
 1.23408266 1.3165173  1.39881159 0.23695208 0.32057308 0.40411737
 0.48756919 0.57092346 0.65418048 0.73734275 0.82041321 0.90339398
 0.98628562 1.06908645 1.15179179 1.2343932  1.31687741]"
384.10024451631665,257.2749757507388,0.19107165190237962,0.24173984982502902,0.0008099316592959199,0.005942254245468743,0.0006995917340699097,0.005847745612021772,0.0019591110706078663,0.00919907834810546,127,"[1.01963972 1.10231321 1.10231321 1.10231321 1.10231321 1.10231321
 1.10231321 1.10231321 1.10231321 1.10231321 1.1849867  1.1849867
 1.1849867  1.1849867  1.1849867  1.1849867  1.1849867  1.1849867
 1.1849867  1.26766019 1.26766019 1.26766019 1.26766019 1.26766019
 1.26766019 1.26766019 1.26766019 1.26766019 1.26766019 1.26766019
 1.35033368 1.35033368 1.35033368 1.35033368 1.35033368 1.35033368
 1.35033368 1.35033368 1.35033368 1.35033368 1.35033368 1.35033368
 1.43300718 1.43300718 1.43300718 1.43300718 1.43300718 1.43300718
 1.43300718 1.43300718 1.43300718 1.43300718 1.43300718 1.43300718
 1.43300718 1.51568067 1.51568067 1.51568067 1.51568067 1.51568067
 1.51568067 1.51568067 1.51568067 1.51568067 1.51568067 1.51568067
 1.51568067 1.51568067 1.51568067 1.59835416 1.59835416 1.59835416
 1.59835416 1.59835416 1.59835416 1.59835416 1.59835416 1.59835416
 1.59835416 1.59835416 1.59835416 1.59835416 1.59835416 1.59835416
 1.68102765 1.68102765 1.68102765 1.68102765 1.68102765 1.68102765
 1.68102765 1.68102765 1.68102765 1.68102765 1.68102765 1.68102765
 1.68102765 1.68102765 1.68102765 1.76370114 1.76370114 1.76370114
 1.76370114 1.76370114 1.76370114 1.76370114 1.76370114 1.76370114
 1.76370114 1.76370114 1.76370114 1.76370114 1.76370114 1.84637463
 1.84637463 1.84637463 1.84637463 1.84637463 1.84637463 1.84637463
 1.84637463 1.84637463 1.84637463 1.84637463 1.84637463 1.84637463
 1.84637463]","[1.15742887 0.57871444 0.66138793 0.74406142 0.82673491 0.9094084
 0.99208189 1.07475538 1.15742887 1.24010236 0.57871444 0.66138793
 0.74406142 0.82673491 0.9094084  0.99208189 1.07475538 1.15742887
 1.24010236 0.49604095 0.57871444 0.66138793 0.74406142 0.82673491
 0.9094084  0.99208189 1.07475538 1.15742887 1.24010236 1.32277585
 0.49604095 0.57871444 0.66138793 0.74406142 0.82673491 0.9094084
 0.99208189 1.07475538 1.15742887 1.24010236 1.32277585 1.40544935
 0.41336745 0.49604095 0.57871444 0.66138793 0.74406142 0.82673491
 0.9094084  0.99208189 1.07475538 1.15742887 1.24010236 1.32277585
 1.40544935 0.41336745 0.49604095 0.57871444 0.66138793 0.74406142
 0.82673491 0.9094084  0.99208189 1.07475538 1.15742887 1.24010236
 1.32277585 1.40544935 1.48812284 0.33069396 0.41336745 0.49604095
 0.57871444 0.66138793 0.74406142 0.82673491 0.9094084  0.99208189
 1.07475538 1.15742887 1.24010236 1.32277585 1.40544935 1.48812284
 0.33069396 0.41336745 0.49604095 0.57871444 0.66138793 0.74406142
 0.82673491 0.9094084  0.99208189 1.07475538 1.15742887 1.24010236
 1.32277585 1.40544935 1.48812284 0.33069396 0.41336745 0.49604095
 0.57871444 0.66138793 0.74406142 0.82673491 0.9094084  0.99208189
 1.07475538 1.15742887 1.24010236 1.32277585 1.40544935 0.33069396
 0.41336745 0.49604095 0.57871444 0.66138793 0.74406142 0.82673491
 0.9094084  0.99208189 1.07475538 1.15742887 1.24010236 1.32277585
 1.40544935]","[1.01989417 1.10319382 1.10312469 1.10304051 1.10294883 1.10285687
 1.10277159 1.10269958 1.10264706 1.10261973 1.18591443 1.18584085
 1.18575468 1.18566368 1.18557524 1.18549626 1.18543322 1.18539212
 1.18537829 1.26871084 1.26864668 1.26856417 1.26847186 1.26837774
 1.26828918 1.26821304 1.26815561 1.26812258 1.26811892 1.26814841
 1.35146426 1.35138345 1.35128726 1.35118455 1.35108341 1.35099117
 1.35091454 1.35085956 1.35083162 1.35083525 1.35087372 1.35094821
 1.43430065 1.43421929 1.43411612 1.43400127 1.43388379 1.43377176
 1.43367239 1.43359216 1.43353683 1.43351142 1.43352006 1.4335655
 1.43364826 1.5170788  1.51696445 1.51683256 1.51669356 1.51655658
 1.51642958 1.51631959 1.51623283 1.51617476 1.51615005 1.51616239
 1.51621402 1.51630482 1.51643056 1.59996499 1.59983384 1.59967888
 1.59951253 1.59934523 1.5991858  1.59904174 1.59891951 1.59882473
 1.59876227 1.59873628 1.59875006 1.5988056  1.59890282 1.59903793
 1.68276822 1.68258381 1.68238304 1.68217826 1.68197948 1.68179496
 1.68163156 1.6814951  1.68139058 1.68132228 1.68129378 1.68130781
 1.6813659  1.68146743 1.68160804 1.76556507 1.76531591 1.76506076
 1.76481119 1.76457631 1.76436336 1.76417827 1.76402597 1.76391064
 1.76383585 1.76380456 1.76381898 1.76388021 1.76398745 1.84833374
 1.84800901 1.84769216 1.84739304 1.84711906 1.84687593 1.84666824
 1.84649975 1.84637367 1.8462927  1.84625911 1.84627456 1.84633977
 1.84645384]","[1.15311708 0.57547505 0.65789756 0.7403635  0.82285386 0.90535168
 0.98784126 1.07030729 1.15273394 1.23510393 0.57490518 0.65738029
 0.73989096 0.82241847 0.90494628 0.98745908 1.06994187 1.15237901
 1.23475331 0.4918521  0.57433833 0.65687268 0.73943375 0.82200344
 0.90456586 0.98710633 1.06961035 1.15206267 1.23444629 1.31674152
 0.49121966 0.57378301 0.65638371 0.73900121 0.82161841 0.90422037
 0.98679326 1.06932329 1.15179577 1.23419408 1.31649871 1.3986866
 0.4079999  0.49060043 0.57324997 0.65592441 0.73860461 0.82127482
 0.90392138 0.98653155 1.06909249 1.15159025 1.23400879 1.31632896
 1.39852781 0.40729633 0.49000881 0.57275417 0.6555102  0.73825967
 0.82098861 0.90368491 0.9863372  1.06893381 1.15146175 1.23390575
 1.31624726 1.39846362 1.48052825 0.32383766 0.40663404 0.4894703
 0.57231985 0.65516336 0.73798633 0.82077729 0.90352638 0.98622416
 1.06886061 1.1514241  1.23390036 1.31627138 1.39851447 1.48060193
 0.32303411 0.40599111 0.48896133 0.57192243 0.65485898 0.73775998
 0.82061698 0.9034227  0.98616992 1.06885051 1.15145451 1.23396905
 1.31637731 1.39865741 1.48078202 0.32224449 0.40538243 0.48850042
 0.57158234 0.6546182  0.73760161 0.82052794 0.90339311 0.9861926
 1.06892059 1.15156909 1.23412693 1.31657872 1.39890355 0.32149489
 0.40483236 0.48810906 0.57131792 0.65445632 0.73752371 0.82052023
 0.90344563 0.98629856 1.06907587 1.1517719  1.23437756 1.31687926
 1.39925748]"
353.258266237567,387.94655871631,0.16855435941462524,0.24130594789537635,0.000772117053079586,0.004338204338843325,0.0006769564813202413,0.004275217517301434,0.0019167422689370106,0.006908807043473686,109,"[1.10231321 1.10231321 1.10231321 1.10231321 1.10231321 1.1849867
 1.1849867  1.1849867  1.1849867  1.1849867  1.1849867  1.1849867
 1.26766019 1.26766019 1.26766019 1.26766019 1.26766019 1.26766019
 1.26766019 1.26766019 1.26766019 1.35033368 1.35033368 1.35033368
 1.35033368 1.35033368 1.35033368 1.35033368 1.35033368 1.35033368
 1.35033368 1.43300718 1.43300718 1.43300718 1.43300718 1.43300718
 1.43300718 1.43300718 1.43300718 1.43300718 1.43300718 1.43300718
 1.51568067 1.51568067 1.51568067 1.51568067 1.51568067 1.51568067
 1.51568067 1.51568067 1.51568067 1.51568067 1.51568067 1.51568067
 1.51568067 1.59835416 1.59835416 1.59835416 1.59835416 1.59835416
 1.59835416 1.59835416 1.59835416 1.59835416 1.59835416 1.59835416
 1.59835416 1.59835416 1.68102765 1.68102765 1.68102765 1.68102765
 1.68102765 1.68102765 1.68102765 1.68102765 1.68102765 1.68102765
 1.68102765 1.68102765 1.68102765 1.68102765 1.76370114 1.76370114
 1.76370114 1.76370114 1.76370114 1.76370114 1.76370114 1.76370114
 1.76370114 1.76370114 1.76370114 1.76370114 1.76370114 1.76370114
 1.84637463 1.84637463 1.84637463 1.84637463 1.84637463 1.84637463
 1.84637463 1.84637463 1.84637463 1.84637463 1.84637463 1.84637463
 1.84637463]","[0.82673491 0.9094084  0.99208189 1.07475538 1.15742887 0.74406142
 0.82673491 0.9094084  0.99208189 1.07475538 1.15742887 1.24010236
 0.66138793 0.74406142 0.82673491 0.9094084  0.99208189 1.07475538
 1.15742887 1.24010236 1.32277585 0.66138793 0.74406142 0.82673491
 0.9094084  0.99208189 1.07475538 1.15742887 1.24010236 1.32277585
 1.40544935 0.57871444 0.66138793 0.74406142 0.82673491 0.9094084
 0.99208189 1.07475538 1.15742887 1.24010236 1.32277585 1.40544935
 0.49604095 0.57871444 0.66138793 0.74406142 0.82673491 0.9094084
 0.99208189 1.07475538 1.15742887 1.24010236 1.32277585 1.40544935
 1.48812284 0.49604095 0.57871444 0.66138793 0.74406142 0.82673491
 0.9094084  0.99208189 1.07475538 1.15742887 1.24010236 1.32277585
 1.40544935 1.48812284 0.41336745 0.49604095 0.57871444 0.66138793
 0.74406142 0.82673491 0.9094084  0.99208189 1.07475538 1.15742887
 1.24010236 1.32277585 1.40544935 1.48812284 0.33069396 0.41336745
 0.49604095 0.57871444 0.66138793 0.74406142 0.82673491 0.9094084
 0.99208189 1.07475538 1.15742887 1.24010236 1.32277585 1.40544935
 0.33069396 0.41336745 0.49604095 0.57871444 0.66138793 0.74406142
 0.82673491 0.9094084  0.99208189 1.07475538 1.15742887 1.24010236
 1.32277585]","[1.10295151 1.10285595 1.10277002 1.10270111 1.10265637 1.18576517
 1.18566946 1.18557894 1.18550123 1.18544357 1.18541285 1.18541559
 1.26858189 1.26848355 1.26838582 1.26829669 1.26822364 1.26817367
 1.26815337 1.26816885 1.26822547 1.35130398 1.35119597 1.35109237
 1.35100103 1.3509292  1.3508836  1.35087044 1.35089539 1.35096323
 1.35107722 1.43413688 1.4340148  1.43389287 1.43377959 1.43368258
 1.43360879 1.43356458 1.43355575 1.43358748 1.43366399 1.43378781
 1.51698803 1.51684668 1.51670112 1.51656077 1.51643388 1.51632778
 1.51624907 1.51620372 1.51619713 1.51623395 1.51631781 1.51645051
 1.5166305  1.59969169 1.59951648 1.59934371 1.59918231 1.59903992
 1.5989232  1.59883806 1.59878982 1.59878326 1.59882258 1.59891105
 1.59905038 1.59923929 1.68259131 1.68237914 1.68216679 1.6819642
 1.68177954 1.68161969 1.68149057 1.68139736 1.6813447  1.68133675
 1.68137703 1.68146824 1.68161143 1.68180458 1.765561   1.76529786
 1.76503335 1.76477865 1.76454251 1.76433195 1.76415277 1.76400991
 1.7639077  1.76384997 1.76384016 1.76388121 1.76397524 1.76412296
 1.84829137 1.84795632 1.84763407 1.84733373 1.84706219 1.84682481
 1.84662599 1.84646944 1.84635845 1.84629596 1.84628465 1.84632678
 1.84642399]","[0.82390374 0.9064933  0.98907035 1.07162204 1.15413485 0.74097592
 0.82359089 0.90619993 0.98879028 1.0713493  1.15386359 1.23631795
 0.65800439 0.74064924 0.82329446 0.90592688 0.9885343  1.07110452
 1.15362438 1.23607877 1.31844952 0.6576569  0.74034456 0.82302447
 0.9056844  0.98831293 1.07089846 1.1534283  1.23588761 1.31825828
 1.40051774 0.57459876 0.65733804 0.74007358 0.82279267 0.90548427
 0.98813795 1.07074299 1.15328733 1.23575662 1.31813299 1.40039393
 0.49145579 0.57426036 0.65706378 0.73985236 0.8226151  0.90534243
 0.98802521 1.07065374 1.15321684 1.23570084 1.31808841 1.40035732
 1.48247959 0.49109742 0.57398511 0.65685653 0.7397007  0.82250902
 0.90527401 0.98798828 1.07064365 1.15323017 1.2357351  1.31814165
 1.40042764 1.48256424 0.40777905 0.49077562 0.5737507  0.6566932
 0.73959546 0.82245168 0.90525673 0.98800524 1.07069073 1.15330476
 1.23583591 1.31826858 1.40058159 1.4827469  0.32424975 0.4073972
 0.49051011 0.57357789 0.65659463 0.73955689 0.82246235 0.90530871
 0.988093   1.07081077 1.15345535 1.23601693 1.31848133 1.40082857
 0.32378516 0.40708891 0.4903228  0.57348468 0.6565753  0.73959643
 0.82254988 0.90543666 0.98825652 1.07100734 1.15368451 1.23628011
 1.31878174]"
233.40326762464642,297.3776819677673,0.16516228908026406,0.26042748880459116,0.0010481223465642095,0.005616892308514403,0.0008927829278081539,0.005511508774358205,0.002958091238921101,0.0099384440648988,118,"[1.01963972 1.10231321 1.10231321 1.10231321 1.10231321 1.10231321
 1.10231321 1.10231321 1.1849867  1.1849867  1.1849867  1.1849867
 1.1849867  1.1849867  1.1849867  1.1849867  1.26766019 1.26766019
 1.26766019 1.26766019 1.26766019 1.26766019 1.26766019 1.26766019
 1.26766019 1.35033368 1.35033368 1.35033368 1.35033368 1.35033368
 1.35033368 1.35033368 1.35033368 1.35033368 1.35033368 1.35033368
 1.43300718 1.43300718 1.43300718 1.43300718 1.43300718 1.43300718
 1.43300718 1.43300718 1.43300718 1.43300718 1.43300718 1.43300718
 1.51568067 1.51568067 1.51568067 1.51568067 1.51568067 1.51568067
 1.51568067 1.51568067 1.51568067 1.51568067 1.51568067 1.51568067
 1.51568067 1.59835416 1.59835416 1.59835416 1.59835416 1.59835416
 1.59835416 1.59835416 1.59835416 1.59835416 1.59835416 1.59835416
 1.59835416 1.59835416 1.59835416 1.68102765 1.68102765 1.68102765
 1.68102765 1.68102765 1.68102765 1.68102765 1.68102765 1.68102765
 1.68102765 1.68102765 1.68102765 1.68102765 1.68102765 1.68102765
 1.76370114 1.76370114 1.76370114 1.76370114 1.76370114 1.76370114
 1.76370114 1.76370114 1.76370114 1.76370114 1.76370114 1.76370114
 1.76370114 1.76370114 1.84637463 1.84637463 1.84637463 1.84637463
 1.84637463 1.84637463 1.84637463 1.84637463 1.84637463 1.84637463
 1.84637463 1.84637463 1.84637463 1.84637463]","[1.15742887 0.74406142 0.82673491 0.9094084  0.99208189 1.07475538
 1.15742887 1.24010236 0.66138793 0.74406142 0.82673491 0.9094084
 0.99208189 1.07475538 1.15742887 1.24010236 0.66138793 0.74406142
 0.82673491 0.9094084  0.99208189 1.07475538 1.15742887 1.24010236
 1.32277585 0.57871444 0.66138793 0.74406142 0.82673491 0.9094084
 0.99208189 1.07475538 1.15742887 1.24010236 1.32277585 1.40544935
 0.49604095 0.57871444 0.66138793 0.74406142 0.82673491 0.9094084
 0.99208189 1.07475538 1.15742887 1.24010236 1.32277585 1.40544935
 0.49604095 0.57871444 0.66138793 0.74406142 0.82673491 0.9094084
 0.99208189 1.07475538 1.15742887 1.24010236 1.32277585 1.40544935
 1.48812284 0.41336745 0.49604095 0.57871444 0.66138793 0.74406142
 0.82673491 0.9094084  0.99208189 1.07475538 1.15742887 1.24010236
 1.32277585 1.40544935 1.48812284 0.33069396 0.41336745 0.49604095
 0.57871444 0.66138793 0.74406142 0.82673491 0.9094084  0.99208189
 1.07475538 1.15742887 1.24010236 1.32277585 1.40544935 1.48812284
 0.33069396 0.41336745 0.49604095 0.57871444 0.66138793 0.74406142
 0.82673491 0.9094084  0.99208189 1.07475538 1.15742887 1.24010236
 1.32277585 1.40544935 0.24802047 0.33069396 0.41336745 0.49604095
 0.57871444 0.66138793 0.74406142 0.82673491 0.9094084  0.99208189
 1.07475538 1.15742887 1.24010236 1.32277585]","[1.0199253  1.10321331 1.10309377 1.10297479 1.10286566 1.10277524
 1.1027119  1.10268344 1.18606763 1.18595325 1.18583344 1.18571812
 1.18561662 1.18553767 1.18548939 1.18547909 1.26881787 1.26869449
 1.26856986 1.26845398 1.26835607 1.26828461 1.2682473  1.2682509
 1.2683007  1.35169478 1.35156459 1.35142694 1.35129282 1.35117211
 1.3510738  1.35100596 1.3509758  1.35098945 1.35105139 1.35116342
 1.43459265 1.43445158 1.43429627 1.43413907 1.43399087 1.43386128
 1.43375886 1.43369119 1.4336649  1.43368543 1.4337565  1.4338789
 1.51736405 1.51718476 1.51699798 1.51681595 1.51664922 1.51650694
 1.51639713 1.51632681 1.51630197 1.51632734 1.51640585 1.51653743
 1.5167167  1.60030845 1.60009703 1.59987278 1.59964974 1.59943953
 1.59925188 1.59909505 1.59897615 1.59890131 1.59887573 1.59890349
 1.59898699 1.59912588 1.59931487 1.68332813 1.68307446 1.68280238
 1.68252845 1.68226577 1.68202485 1.68181428 1.68164121 1.68151173
 1.68143102 1.68140343 1.68143225 1.68151921 1.68166339 1.68185898
 1.7661401  1.76580183 1.76546067 1.76513153 1.76482569 1.76455189
 1.7643171  1.76412705 1.76398657 1.76389977 1.76387006 1.7639
 1.76399078 1.76414119 1.84933272 1.84889916 1.84846606 1.84805011
 1.84766299 1.84731304 1.8470065  1.84674821 1.84654215 1.84639169
 1.84629975 1.84626877 1.84630056 1.84639584]","[1.15360621 0.74057483 0.82313196 0.9056924  0.98823984 1.07075848
 1.153232   1.23564267 0.65754623 0.74012617 0.82271879 0.90530666
 0.9878738  1.07040464 1.15288307 1.23529139 0.65706255 0.73969268
 0.82232619 0.90494631 0.9875377  1.07008535 1.15257356 1.2349849
 1.31729923 0.57392404 0.65659967 0.7392867  0.82196684 0.90462438
 0.98724496 1.06981442 1.15231773 1.23473796 1.31705529 1.39924637
 0.49068697 0.57341992 0.65617208 0.73892273 0.82165519 0.90435529
 0.98701    1.06960631 1.15213014 1.2345653  1.31689249 1.39908868
 0.49012692 0.57296147 0.65579829 0.73861903 0.82140925 0.90415673
 0.98685017 1.06947803 1.15202745 1.23448321 1.31682678 1.3990356
 1.48108345 0.40668856 0.48963033 0.57257511 0.65550225 0.73839685
 0.8212476  0.90404501 0.98678013 1.06944338 1.15202353 1.2345066
 1.31687482 1.3991058  1.48117255 0.32301362 0.40610018 0.48918612
 0.57224766 0.65526933 0.73824078 0.82115453 0.90400434 0.98678396
 1.06948611 1.15210148 1.23461771 1.31701834 1.39928185 1.48138154
 0.32229352 0.40557617 0.48881732 0.57200165 0.65512089 0.73817059
 0.82114808 0.904051   0.98687634 1.06961947 1.15227332 1.23482744
 1.31726689 1.39957119 0.23808203 0.32165309 0.40514576 0.48854772
 0.57185575 0.65507106 0.73819657 0.82123533 0.90418951 0.98705971
 1.06984428 1.15253869 1.23513469 1.31761924]"
191.2660012526455,392.0189252121272,0.14499057602474502,0.21432337362640563,0.0010765184279734324,0.004623877060462043,0.0009195043526242313,0.004521966487078296,0.003126198743845121,0.00873788856389307,108,"[1.01963972 1.10231321 1.10231321 1.10231321 1.10231321 1.10231321
 1.10231321 1.1849867  1.1849867  1.1849867  1.1849867  1.1849867
 1.1849867  1.26766019 1.26766019 1.26766019 1.26766019 1.26766019
 1.26766019 1.26766019 1.26766019 1.35033368 1.35033368 1.35033368
 1.35033368 1.35033368 1.35033368 1.35033368 1.35033368 1.35033368
 1.35033368 1.43300718 1.43300718 1.43300718 1.43300718 1.43300718
 1.43300718 1.43300718 1.43300718 1.43300718 1.43300718 1.43300718
 1.51568067 1.51568067 1.51568067 1.51568067 1.51568067 1.51568067
 1.51568067 1.51568067 1.51568067 1.51568067 1.51568067 1.51568067
 1.59835416 1.59835416 1.59835416 1.59835416 1.59835416 1.59835416
 1.59835416 1.59835416 1.59835416 1.59835416 1.59835416 1.59835416
 1.59835416 1.68102765 1.68102765 1.68102765 1.68102765 1.68102765
 1.68102765 1.68102765 1.68102765 1.68102765 1.68102765 1.68102765
 1.68102765 1.68102765 1.76370114 1.76370114 1.76370114 1.76370114
 1.76370114 1.76370114 1.76370114 1.76370114 1.76370114 1.76370114
 1.76370114 1.76370114 1.76370114 1.76370114 1.84637463 1.84637463
 1.84637463 1.84637463 1.84637463 1.84637463 1.84637463 1.84637463
 1.84637463 1.84637463 1.84637463 1.84637463 1.84637463 1.84637463]","[1.15742887 0.82673491 0.9094084  0.99208189 1.07475538 1.15742887
 1.24010236 0.82673491 0.9094084  0.99208189 1.07475538 1.15742887
 1.24010236 0.74406142 0.82673491 0.9094084  0.99208189 1.07475538
 1.15742887 1.24010236 1.32277585 0.66138793 0.74406142 0.82673491
 0.9094084  0.99208189 1.07475538 1.15742887 1.24010236 1.32277585
 1.40544935 0.57871444 0.66138793 0.74406142 0.82673491 0.9094084
 0.99208189 1.07475538 1.15742887 1.24010236 1.32277585 1.40544935
 0.57871444 0.66138793 0.74406142 0.82673491 0.9094084  0.99208189
 1.07475538 1.15742887 1.24010236 1.32277585 1.40544935 1.48812284
 0.49604095 0.57871444 0.66138793 0.74406142 0.82673491 0.9094084
 0.99208189 1.07475538 1.15742887 1.24010236 1.32277585 1.40544935
 1.48812284 0.41336745 0.49604095 0.57871444 0.66138793 0.74406142
 0.82673491 0.9094084  0.99208189 1.07475538 1.15742887 1.24010236
 1.32277585 1.40544935 0.33069396 0.41336745 0.49604095 0.57871444
 0.66138793 0.74406142 0.82673491 0.9094084  0.99208189 1.07475538
 1.15742887 1.24010236 1.32277585 1.40544935 0.24802047 0.33069396
 0.41336745 0.49604095 0.57871444 0.66138793 0.74406142 0.82673491
 0.9094084  0.99208189 1.07475538 1.15742887 1.24010236 1.32277585]","[1.01993155 1.10313511 1.10300609 1.10289001 1.10279692 1.10273652
 1.10271802 1.18588499 1.18576061 1.1856538  1.18557451 1.18553212
 1.18553535 1.26876633 1.26863024 1.26850615 1.26840442 1.26833467
 1.26830582 1.26832593 1.2684018  1.35165659 1.35150474 1.35135919
 1.35123098 1.3511301  1.3510657  1.35104609 1.3510786  1.35116907
 1.3513208  1.43456377 1.43439103 1.43421883 1.43405917 1.43392264
 1.43381871 1.43375591 1.43374181 1.43378294 1.43388418 1.4340477
 1.51729632 1.51709048 1.51689276 1.51671461 1.51656598 1.51645565
 1.51639138 1.51637998 1.5164271  1.51653672 1.51670992 1.51694252
 1.60022595 1.59997791 1.59973447 1.59950813 1.59930927 1.59914675
 1.59902826 1.59896052 1.59894939 1.59899972 1.59911478 1.5992952
 1.59953665 1.6832189  1.68291725 1.68261759 1.68233377 1.68207681
 1.68185567 1.68167788 1.68154989 1.68147732 1.68146502 1.68151691
 1.68163547 1.68182062 1.76629795 1.76592316 1.76555035 1.76519492
 1.76486839 1.76457961 1.76433566 1.76414238 1.76400477 1.76392723
 1.76391355 1.76396677 1.76408871 1.7642789  1.84950083 1.84902216
 1.84855079 1.84810341 1.8476914  1.84732281 1.84700362 1.84673849
 1.84653131 1.84638548 1.84630407 1.84628978 1.84634482 1.84647042]","[1.15441962 0.82375245 0.9063776  0.98898574 1.07156209 1.15409132
 1.23655647 0.82340636 0.90605262 0.98867402 1.07125597 1.15378323
 1.23623876 0.74038845 0.82307888 0.90575068 0.98838953 1.07098137
 1.1535113  1.2359625  1.31831516 0.65731085 0.74005414 0.82278412
 0.90548622 0.98814713 1.07075361 1.15329142 1.2357442  1.31809245
 1.40031255 0.57415531 0.6569639  0.7397632  0.82253786 0.9052749
 0.98796239 1.07058828 1.15313928 1.23559977 1.31795077 1.400169
 0.57378933 0.65667409 0.73953492 0.82235883 0.90513493 0.98785308
 1.07050272 1.15307182 1.23554579 1.3179064  1.40013091 1.48219201
 0.49050827 0.57350071 0.65646588 0.73939078 0.82226572 0.90508263
 0.98783376 1.07051056 1.15310263 1.23559663 1.31797521 1.40021592
 1.48229091 0.40705021 0.4901837  0.57328074 0.65632844 0.73931862
 0.82224559 0.90510459 0.98789061 1.0705974  1.15321649 1.23573618
 1.31814045 1.40040789 0.32334616 0.40667545 0.48994791 0.57315195
 0.65628225 0.73933675 0.82231462 0.90521501 0.98803607 1.07077415
 1.153423   1.2359728  1.31840915 1.40071176 0.23928258 0.32289698
 0.4064131  0.48982432 0.5731317  0.6563396  0.7394533  0.8224776
 0.90541599 0.9882701  1.0710391  1.15371919 1.2363027  1.31877712]"
262.30490410241913,360.9364389667816,0.2087632323884353,0.22992496644520358,0.0009421608549610471,0.004777268654256911,0.0008104376234641968,0.004689830346669115,0.0027021145178633965,0.008550854244267547,111,"[1.10231321 1.10231321 1.10231321 1.10231321 1.10231321 1.10231321
 1.1849867  1.1849867  1.1849867  1.1849867  1.1849867  1.1849867
 1.1849867  1.26766019 1.26766019 1.26766019 1.26766019 1.26766019
 1.26766019 1.26766019 1.26766019 1.26766019 1.35033368 1.35033368
 1.35033368 1.35033368 1.35033368 1.35033368 1.35033368 1.35033368
 1.35033368 1.35033368 1.43300718 1.43300718 1.43300718 1.43300718
 1.43300718 1.43300718 1.43300718 1.43300718 1.43300718 1.43300718
 1.43300718 1.51568067 1.51568067 1.51568067 1.51568067 1.51568067
 1.51568067 1.51568067 1.51568067 1.51568067 1.51568067 1.51568067
 1.51568067 1.51568067 1.59835416 1.59835416 1.59835416 1.59835416
 1.59835416 1.59835416 1.59835416 1.59835416 1.59835416 1.59835416
 1.59835416 1.59835416 1.59835416 1.68102765 1.68102765 1.68102765
 1.68102765 1.68102765 1.68102765 1.68102765 1.68102765 1.68102765
 1.68102765 1.68102765 1.68102765 1.68102765 1.68102765 1.76370114
 1.76370114 1.76370114 1.76370114 1.76370114 1.76370114 1.76370114
 1.76370114 1.76370114 1.76370114 1.76370114 1.76370114 1.76370114
 1.76370114 1.84637463 1.84637463 1.84637463 1.84637463 1.84637463
 1.84637463 1.84637463 1.84637463 1.84637463 1.84637463 1.84637463
 1.84637463 1.84637463 1.84637463]","[0.82673491 0.9094084  0.99208189 1.07475538 1.15742887 1.24010236
 0.74406142 0.82673491 0.9094084  0.99208189 1.07475538 1.15742887
 1.24010236 0.66138793 0.74406142 0.82673491 0.9094084  0.99208189
 1.07475538 1.15742887 1.24010236 1.32277585 0.66138793 0.74406142
 0.82673491 0.9094084  0.99208189 1.07475538 1.15742887 1.24010236
 1.32277585 1.40544935 0.57871444 0.66138793 0.74406142 0.82673491
 0.9094084  0.99208189 1.07475538 1.15742887 1.24010236 1.32277585
 1.40544935 0.49604095 0.57871444 0.66138793 0.74406142 0.82673491
 0.9094084  0.99208189 1.07475538 1.15742887 1.24010236 1.32277585
 1.40544935 1.48812284 0.49604095 0.57871444 0.66138793 0.74406142
 0.82673491 0.9094084  0.99208189 1.07475538 1.15742887 1.24010236
 1.32277585 1.40544935 1.48812284 0.41336745 0.49604095 0.57871444
 0.66138793 0.74406142 0.82673491 0.9094084  0.99208189 1.07475538
 1.15742887 1.24010236 1.32277585 1.40544935 1.48812284 0.33069396
 0.41336745 0.49604095 0.57871444 0.66138793 0.74406142 0.82673491
 0.9094084  0.99208189 1.07475538 1.15742887 1.24010236 1.32277585
 1.40544935 0.24802047 0.33069396 0.41336745 0.49604095 0.57871444
 0.66138793 0.74406142 0.82673491 0.9094084  0.99208189 1.07475538
 1.15742887 1.24010236 1.32277585]","[1.1030452  1.10293319 1.10283192 1.10274999 1.10269568 1.10267682
 1.18589101 1.18577806 1.18567073 1.18557798 1.18550825 1.18546955
 1.18546928 1.26874101 1.26862442 1.26850804 1.26840138 1.26831323
 1.2682518  1.26822468 1.26823879 1.26829993 1.35147859 1.35134962
 1.35122544 1.35111539 1.351028   1.3509711  1.35095184 1.35097652
 1.35105022 1.3511759  1.4343478  1.43420182 1.4340556  1.43391931
 1.43380201 1.43371182 1.4336561  1.43364145 1.43367354 1.43375674
 1.43389307 1.5172396  1.51707058 1.5168962  1.51672779 1.51657516
 1.51644693 1.51635074 1.51629341 1.51628095 1.51631838 1.51640932
 1.51655492 1.51675192 1.59995884 1.59974901 1.59954193 1.5993483
 1.59917716 1.59903627 1.5989324  1.59887156 1.59885901 1.59889915
 1.59899509 1.59914774 1.5993539  1.6829073  1.68265269 1.68239805
 1.68215533 1.68193418 1.68174259 1.68158733 1.68147423 1.68140842
 1.68139435 1.68143567 1.68153479 1.68169197 1.6819034  1.76593566
 1.76561946 1.76530237 1.76499782 1.76471608 1.76446524 1.76425182
 1.76408129 1.76395837 1.76388717 1.76387128 1.7639136  1.76401598
 1.76417832 1.84907674 1.84867285 1.84827115 1.84788653 1.84752951
 1.8472078  1.84692723 1.84669246 1.84650738 1.84637539 1.84629951
 1.84628239 1.8463262  1.84643226]","[0.82365701 0.90625018 0.98882925 1.07138001 1.15388762 1.23633571
 0.74068665 0.82330865 0.90592373 0.98851763 1.07107635 1.15358518
 1.23602769 0.6576663  0.74032234 0.82297845 0.90561977 0.98823262
 1.0708035  1.15331803 1.23575993 1.31810994 0.65727847 0.73998302
 0.82267829 0.90535044 0.98798671 1.07057431 1.15309944 1.23554621
 1.31789554 1.40012421 0.57415964 0.65692344 0.73968233 0.82242178
 0.90512935 0.98779348 1.07040242 1.15294317 1.23540045 1.31775559
 1.39998558 0.49094318 0.57378217 0.656619   0.73943786 0.82222628
 0.9049736  0.98766978 1.07030435 1.1528654  1.23533851 1.31770566
 1.39994424 1.48202673 0.49053992 0.57347423 0.65638857 0.73927034
 0.82210988 0.90489901 0.9876298  1.07029353 1.15287976 1.23537516
 1.31776242 1.4000191  1.48211694 0.4071242  0.49018551 0.57322007
 0.6562151  0.73916208 0.82205478 0.90488786 0.9876558  1.07035194
 1.15296755 1.23549082 1.31790571 1.40019075 1.48231825 0.32346974
 0.40670743 0.48990209 0.57304162 0.65611964 0.73913283 0.82207917
 0.90495677 0.98776293 1.07049338 1.1531414  1.23569697 1.31814556
 1.40046685 0.23946962 0.32296388 0.40638117 0.48971277 0.57295715
 0.65611618 0.73919295 0.82219043 0.90511066 0.98795414 1.07071923
 1.15340154 1.23599311 1.31848127]"
344.96992886999453,433.46741486298686,0.19413800964041886,0.22358323953629766,0.0007526104811218518,0.003960564901748952,0.000665395884900073,0.003903313288119712,0.0019135355706936252,0.006437342872773477,106,"[1.10231321 1.10231321 1.10231321 1.10231321 1.10231321 1.1849867
 1.1849867  1.1849867  1.1849867  1.1849867  1.1849867  1.1849867
 1.26766019 1.26766019 1.26766019 1.26766019 1.26766019 1.26766019
 1.26766019 1.26766019 1.35033368 1.35033368 1.35033368 1.35033368
 1.35033368 1.35033368 1.35033368 1.35033368 1.35033368 1.35033368
 1.43300718 1.43300718 1.43300718 1.43300718 1.43300718 1.43300718
 1.43300718 1.43300718 1.43300718 1.43300718 1.43300718 1.51568067
 1.51568067 1.51568067 1.51568067 1.51568067 1.51568067 1.51568067
 1.51568067 1.51568067 1.51568067 1.51568067 1.51568067 1.59835416
 1.59835416 1.59835416 1.59835416 1.59835416 1.59835416 1.59835416
 1.59835416 1.59835416 1.59835416 1.59835416 1.59835416 1.59835416
 1.68102765 1.68102765 1.68102765 1.68102765 1.68102765 1.68102765
 1.68102765 1.68102765 1.68102765 1.68102765 1.68102765 1.68102765
 1.68102765 1.68102765 1.76370114 1.76370114 1.76370114 1.76370114
 1.76370114 1.76370114 1.76370114 1.76370114 1.76370114 1.76370114
 1.76370114 1.76370114 1.76370114 1.84637463 1.84637463 1.84637463
 1.84637463 1.84637463 1.84637463 1.84637463 1.84637463 1.84637463
 1.84637463 1.84637463 1.84637463 1.84637463]","[0.82673491 0.9094084  0.99208189 1.07475538 1.15742887 0.74406142
 0.82673491 0.9094084  0.99208189 1.07475538 1.15742887 1.24010236
 0.74406142 0.82673491 0.9094084  0.99208189 1.07475538 1.15742887
 1.24010236 1.32277585 0.66138793 0.74406142 0.82673491 0.9094084
 0.99208189 1.07475538 1.15742887 1.24010236 1.32277585 1.40544935
 0.57871444 0.66138793 0.74406142 0.82673491 0.9094084  0.99208189
 1.07475538 1.15742887 1.24010236 1.32277585 1.40544935 0.57871444
 0.66138793 0.74406142 0.82673491 0.9094084  0.99208189 1.07475538
 1.15742887 1.24010236 1.32277585 1.40544935 1.48812284 0.49604095
 0.57871444 0.66138793 0.74406142 0.82673491 0.9094084  0.99208189
 1.07475538 1.15742887 1.24010236 1.32277585 1.40544935 1.48812284
 0.41336745 0.49604095 0.57871444 0.66138793 0.74406142 0.82673491
 0.9094084  0.99208189 1.07475538 1.15742887 1.24010236 1.32277585
 1.40544935 1.48812284 0.41336745 0.49604095 0.57871444 0.66138793
 0.74406142 0.82673491 0.9094084  0.99208189 1.07475538 1.15742887
 1.24010236 1.32277585 1.40544935 0.33069396 0.41336745 0.49604095
 0.57871444 0.66138793 0.74406142 0.82673491 0.9094084  0.99208189
 1.07475538 1.15742887 1.24010236 1.32277585]","[1.10295356 1.10285693 1.10277062 1.10270222 1.10265911 1.18576952
 1.18567246 1.18558122 1.18550357 1.18544695 1.18541849 1.18542499
 1.26848841 1.26838958 1.26830006 1.26822749 1.26817904 1.26816155
 1.26818139 1.26824431 1.35131053 1.351201   1.35109653 1.35100511
 1.35093414 1.3508905  1.35088062 1.35091043 1.35098509 1.35110836
 1.43414493 1.43402085 1.43389754 1.43378362 1.43368684 1.43361426
 1.4335724  1.43356725 1.43360424 1.43368795 1.43382139 1.51685346
 1.51670598 1.51656444 1.51643718 1.51633161 1.51625445 1.5162118
 1.51620921 1.5162516  1.51634289 1.51648537 1.51667807 1.59969888
 1.59952114 1.59934661 1.59918427 1.59904181 1.59892595 1.59884269
 1.59879745 1.59879518 1.59884027 1.59893631 1.59908541 1.59928686
 1.68259808 1.68238272 1.68216802 1.68196396 1.6817787  1.68161915
 1.68149124 1.68140025 1.68135089 1.68134743 1.68139363 1.68149241
 1.68164523 1.68185058 1.76529907 1.76503167 1.76477506 1.76453792
 1.76432725 1.76414884 1.76400764 1.763908   1.76385385 1.76384873
 1.76389573 1.76399724 1.76415426 1.84828817 1.84794983 1.84762542
 1.84732392 1.84705212 1.84681531 1.84661786 1.84646348 1.84635547
 1.84629685 1.84629037 1.84633844 1.84644289]","[0.82412567 0.90673465 0.98933024 1.07190014 1.15443133 0.74120453
 0.82383793 0.9064641  0.98907083 1.071646   1.15417668 1.23664814
 0.74090455 0.82356562 0.90621275 0.98883427 1.07141845 1.1539526
 1.23642203 1.31880895 0.65792354 0.74062584 0.82331888 0.90599096
 0.98863115 1.07122834 1.15377026 1.23624247 1.31862719 1.40090208
 0.57488044 0.6576332  0.74038027 0.82310956 0.90581056 0.98847334
 1.07108759 1.15364169 1.23612164 1.3185099  1.40078415 0.57457398
 0.65738723 0.74018394 0.82295372 0.90568753 0.98837666 1.07101182
 1.15358223 1.23607457 1.31847181 1.4007519  1.48288673 0.49143528
 0.57433084 0.65720806 0.74005666 0.82286862 0.90563692 0.98835461
 1.07101389 1.15360514 1.23611598 1.31852991 1.40082494 1.48297214
 0.40814932 0.49115129 0.57412929 0.65707309 0.73997568 0.82283179
 0.90563673 0.9883855  1.07107196 1.15368799 1.23622249 1.31866013
 1.40097997 1.48315395 0.40781325 0.49092516 0.57399013 0.65700304
 0.73996105 0.82286228 0.9057048  0.98848594 1.07120154 1.15384521
 1.23640742 1.31887428 1.40122604 0.32425662 0.40755354 0.49077879
 0.57393121 0.65701218 0.74002395 0.82296863 0.90584752 0.98866057
 1.07140586 1.15407902 1.23667236 1.31917377]"
269.86927050729054,385.74990263513166,0.16383271885321854,0.24803697790686205,0.0009266962087721736,0.004536887974410326,0.0007989385412544885,0.00445257270099261,0.002636708511765784,0.008147934603348117,109,"[1.10231321 1.10231321 1.10231321 1.10231321 1.10231321 1.1849867
 1.1849867  1.1849867  1.1849867  1.1849867  1.1849867  1.1849867
 1.26766019 1.26766019 1.26766019 1.26766019 1.26766019 1.26766019
 1.26766019 1.26766019 1.35033368 1.35033368 1.35033368 1.35033368
 1.35033368 1.35033368 1.35033368 1.35033368 1.35033368 1.35033368
 1.43300718 1.43300718 1.43300718 1.43300718 1.43300718 1.43300718
 1.43300718 1.43300718 1.43300718 1.43300718 1.43300718 1.51568067
 1.51568067 1.51568067 1.51568067 1.51568067 1.51568067 1.51568067
 1.51568067 1.51568067 1.51568067 1.51568067 1.51568067 1.51568067
 1.59835416 1.59835416 1.59835416 1.59835416 1.59835416 1.59835416
 1.59835416 1.59835416 1.59835416 1.59835416 1.59835416 1.59835416
 1.59835416 1.68102765 1.68102765 1.68102765 1.68102765 1.68102765
 1.68102765 1.68102765 1.68102765 1.68102765 1.68102765 1.68102765
 1.68102765 1.68102765 1.68102765 1.76370114 1.76370114 1.76370114
 1.76370114 1.76370114 1.76370114 1.76370114 1.76370114 1.76370114
 1.76370114 1.76370114 1.76370114 1.76370114 1.76370114 1.84637463
 1.84637463 1.84637463 1.84637463 1.84637463 1.84637463 1.84637463
 1.84637463 1.84637463 1.84637463 1.84637463 1.84637463 1.84637463
 1.84637463]","[0.82673491 0.9094084  0.99208189 1.07475538 1.15742887 0.74406142
 0.82673491 0.9094084  0.99208189 1.07475538 1.15742887 1.24010236
 0.74406142 0.82673491 0.9094084  0.99208189 1.07475538 1.15742887
 1.24010236 1.32277585 0.66138793 0.74406142 0.82673491 0.9094084
 0.99208189 1.07475538 1.15742887 1.24010236 1.32277585 1.40544935
 0.57871444 0.66138793 0.74406142 0.82673491 0.9094084  0.99208189
 1.07475538 1.15742887 1.24010236 1.32277585 1.40544935 0.49604095
 0.57871444 0.66138793 0.74406142 0.82673491 0.9094084  0.99208189
 1.07475538 1.15742887 1.24010236 1.32277585 1.40544935 1.48812284
 0.49604095 0.57871444 0.66138793 0.74406142 0.82673491 0.9094084
 0.99208189 1.07475538 1.15742887 1.24010236 1.32277585 1.40544935
 1.48812284 0.41336745 0.49604095 0.57871444 0.66138793 0.74406142
 0.82673491 0.9094084  0.99208189 1.07475538 1.15742887 1.24010236
 1.32277585 1.40544935 1.48812284 0.33069396 0.41336745 0.49604095
 0.57871444 0.66138793 0.74406142 0.82673491 0.9094084  0.99208189
 1.07475538 1.15742887 1.24010236 1.32277585 1.40544935 0.24802047
 0.33069396 0.41336745 0.49604095 0.57871444 0.66138793 0.74406142
 0.82673491 0.9094084  0.99208189 1.07475538 1.15742887 1.24010236
 1.32277585]","[1.10303282 1.10292252 1.10282325 1.10274356 1.10269168 1.18587532
 1.18576404 1.18565872 1.18556822 1.18550093 1.18546484 1.18546741
 1.26860681 1.26849247 1.26838814 1.26830252 1.26824376 1.26821945
 1.26823655 1.26830104 1.35145706 1.35133021 1.3512085  1.35110116
 1.35101662 1.35096266 1.3509464  1.35097424 1.35105143 1.35118128
 1.43432185 1.43417811 1.4340346  1.43390131 1.43378715 1.43370016
 1.43364765 1.43363622 1.43367164 1.43375845 1.43389904 1.51720847
 1.5170419  1.51687054 1.51670552 1.51655646 1.51643184 1.51633923
 1.5162854  1.51627638 1.51631728 1.51641191 1.5165618  1.51676429
 1.59992404 1.59971771 1.59951458 1.59932511 1.59915817 1.5990214
 1.5989215  1.59886445 1.59885552 1.59889922 1.59899887 1.59915573
 1.59936723 1.68286505 1.68261467 1.68236478 1.68212705 1.6819109
 1.68172419 1.68157356 1.6814648  1.68140303 1.68139273 1.68143765
 1.6815404  1.6817016  1.68191797 1.76588373 1.76557288 1.76526172
 1.76496331 1.76468767 1.76444269 1.7642348  1.76406939 1.76395114
 1.76388419 1.76387216 1.76391807 1.76402394 1.76418997 1.84901134
 1.84861467 1.84822075 1.84784397 1.84749458 1.84718008 1.84690622
 1.84667759 1.84649806 1.84637102 1.84629953 1.84628631 1.84633361
 1.84644293]","[0.82381489 0.90641834 0.98900737 1.07156823 1.15408656 0.74085432
 0.8234856  0.90610932 0.98871173 1.07127928 1.1537977  1.23625094
 0.74051032 0.82317371 0.90582188 0.98844166 1.07101997 1.15354285
 1.23599439 1.31835561 0.65748017 0.74019053 0.82289089 0.90556797
 0.98820945 1.07080296 1.15333509 1.23579025 1.31814965 1.40039018
 0.57437848 0.6571464  0.7399084  0.82265058 0.90536097 0.98802846
 1.07064166 1.15318792 1.23565225 1.31801622 1.40025688 0.49118363
 0.5740247  0.6568623  0.73968136 0.82246994 0.90521784 0.98791539
 1.07055247 1.15311743 1.23559612 1.31797075 1.40021874 1.48231232
 0.49080758 0.57373973 0.65665117 0.73952996 0.82236694 0.90515426
 0.98788433 1.07054869 1.15313715 1.2356366  1.31802992 1.40029472
 1.48240248 0.4074243  0.4904795  0.57350719 0.65649535 0.73943599
 0.82232324 0.90515202 0.98791705 1.07061186 1.15322792 1.23575361
 1.31817306 1.40046487 1.4826012  0.32381298 0.40703892 0.49022129
 0.57334886 0.65641581 0.73941914 0.82235706 0.9052278  0.9880288
 1.07075588 1.1534025  1.23595876 1.31841029 1.40073691 0.23987254
 0.32334631 0.40674334 0.49005587 0.57328287 0.65642646 0.73948978
 0.82247581 0.90538659 0.98822261 1.07098226 1.15366124 1.23625167
 1.31874105]"
237.28419785256014,247.16504062433233,0.19670919003357415,0.2897366709653323,0.0011082491155557739,0.00649206774041576,0.0009321115568063643,0.0063647806658734376,0.003030347391112631,0.011223101610157327,128,"[1.01963972 1.01963972 1.10231321 1.10231321 1.10231321 1.10231321
 1.10231321 1.10231321 1.10231321 1.10231321 1.1849867  1.1849867
 1.1849867  1.1849867  1.1849867  1.1849867  1.1849867  1.1849867
 1.1849867  1.26766019 1.26766019 1.26766019 1.26766019 1.26766019
 1.26766019 1.26766019 1.26766019 1.26766019 1.26766019 1.35033368
 1.35033368 1.35033368 1.35033368 1.35033368 1.35033368 1.35033368
 1.35033368 1.35033368 1.35033368 1.35033368 1.35033368 1.43300718
 1.43300718 1.43300718 1.43300718 1.43300718 1.43300718 1.43300718
 1.43300718 1.43300718 1.43300718 1.43300718 1.43300718 1.43300718
 1.51568067 1.51568067 1.51568067 1.51568067 1.51568067 1.51568067
 1.51568067 1.51568067 1.51568067 1.51568067 1.51568067 1.51568067
 1.51568067 1.51568067 1.59835416 1.59835416 1.59835416 1.59835416
 1.59835416 1.59835416 1.59835416 1.59835416 1.59835416 1.59835416
 1.59835416 1.59835416 1.59835416 1.59835416 1.59835416 1.68102765
 1.68102765 1.68102765 1.68102765 1.68102765 1.68102765 1.68102765
 1.68102765 1.68102765 1.68102765 1.68102765 1.68102765 1.68102765
 1.68102765 1.68102765 1.76370114 1.76370114 1.76370114 1.76370114
 1.76370114 1.76370114 1.76370114 1.76370114 1.76370114 1.76370114
 1.76370114 1.76370114 1.76370114 1.76370114 1.76370114 1.84637463
 1.84637463 1.84637463 1.84637463 1.84637463 1.84637463 1.84637463
 1.84637463 1.84637463 1.84637463 1.84637463 1.84637463 1.84637463
 1.84637463 1.84637463]","[1.07475538 1.15742887 0.66138793 0.74406142 0.82673491 0.9094084
 0.99208189 1.07475538 1.15742887 1.24010236 0.57871444 0.66138793
 0.74406142 0.82673491 0.9094084  0.99208189 1.07475538 1.15742887
 1.24010236 0.57871444 0.66138793 0.74406142 0.82673491 0.9094084
 0.99208189 1.07475538 1.15742887 1.24010236 1.32277585 0.49604095
 0.57871444 0.66138793 0.74406142 0.82673491 0.9094084  0.99208189
 1.07475538 1.15742887 1.24010236 1.32277585 1.40544935 0.41336745
 0.49604095 0.57871444 0.66138793 0.74406142 0.82673491 0.9094084
 0.99208189 1.07475538 1.15742887 1.24010236 1.32277585 1.40544935
 0.41336745 0.49604095 0.57871444 0.66138793 0.74406142 0.82673491
 0.9094084  0.99208189 1.07475538 1.15742887 1.24010236 1.32277585
 1.40544935 1.48812284 0.33069396 0.41336745 0.49604095 0.57871444
 0.66138793 0.74406142 0.82673491 0.9094084  0.99208189 1.07475538
 1.15742887 1.24010236 1.32277585 1.40544935 1.48812284 0.33069396
 0.41336745 0.49604095 0.57871444 0.66138793 0.74406142 0.82673491
 0.9094084  0.99208189 1.07475538 1.15742887 1.24010236 1.32277585
 1.40544935 1.48812284 0.24802047 0.33069396 0.41336745 0.49604095
 0.57871444 0.66138793 0.74406142 0.82673491 0.9094084  0.99208189
 1.07475538 1.15742887 1.24010236 1.32277585 1.40544935 0.24802047
 0.33069396 0.41336745 0.49604095 0.57871444 0.66138793 0.74406142
 0.82673491 0.9094084  0.99208189 1.07475538 1.15742887 1.24010236
 1.32277585 1.40544935]","[1.02001626 1.01992947 1.1033285  1.103221   1.10310323 1.10298459
 1.10287404 1.1027801  1.1027107  1.10267303 1.18616834 1.18607346
 1.18596148 1.18584267 1.18572669 1.1856226  1.18553878 1.18548292
 1.18546171 1.26893341 1.26882532 1.26870371 1.26857922 1.26846164
 1.26835995 1.26828232 1.26823603 1.26822723 1.26826036 1.35180846
 1.35170203 1.35157451 1.35143787 1.35130292 1.35117943 1.35107615
 1.35100092 1.35096053 1.35096051 1.35100451 1.35109313 1.43470796
 1.43460051 1.43446318 1.43430981 1.43415267 1.43400257 1.43386904
 1.43376049 1.43368427 1.43364663 1.43365246 1.43370464 1.43380283
 1.51753113 1.51737869 1.51720237 1.5170165  1.51683335 1.51666349
 1.51651605 1.51639894 1.51631899 1.51628183 1.51629169 1.51635072
 1.51645771 1.51660574 1.60050294 1.60032807 1.60012078 1.59989826
 1.59967472 1.59946195 1.59926976 1.59910646 1.59897908 1.59889359
 1.59885489 1.59886655 1.59893027 1.59904464 1.59920288 1.68335602
 1.68310773 1.68283809 1.68256404 1.682299   1.68205374 1.68183701
 1.68165604 1.68151688 1.68142457 1.68138319 1.68139558 1.68146281
 1.68158296 1.68174885 1.76649715 1.76618828 1.76585281 1.76551137
 1.76517947 1.76486883 1.76458852 1.7643457  1.76414619 1.7639948
 1.76389551 1.7638515  1.76386492 1.76393634 1.76406367 1.84940498
 1.84897362 1.84853897 1.84811873 1.84772528 1.84736745 1.84705181
 1.84678336 1.84656616 1.84640354 1.8462983  1.84625266 1.84626806
 1.84634468 1.84648044]","[1.07050516 1.15293107 0.65759429 0.74007529 0.82258263 0.90509712
 0.9876011  1.07007747 1.15250882 1.23487643 0.57453242 0.65702422
 0.73955527 0.82210403 0.90465157 0.98718055 1.0696742  1.15211534
 1.23448537 0.5739047  0.65646366 0.7390517  0.8216478  0.90423367
 0.98679263 1.06930853 1.15176462 1.23414269 1.31642211 0.49069574
 0.57328922 0.65592431 0.73857674 0.82122649 0.90385636 0.98645069
 1.06899419 1.15147086 1.23386305 1.31615054 1.39831026 0.40736805
 0.49000619 0.57269997 0.6554204  0.73814472 0.8208545  0.90353407
 0.98616915 1.06874567 1.15124863 1.23366117 1.31596365 1.39813338
 0.40657909 0.48934921 0.57215523 0.65497027 0.73777389 0.82054987
 0.90328458 0.98596551 1.06858013 1.15111472 1.23355347 1.31587752
 1.39806464 1.48009017 0.32296251 0.40583553 0.4887527  0.57168126
 0.6545979  0.73748562 0.8203314  0.90312443 0.98585467 1.06851163
 1.15108332 1.23355516 1.31590909 1.39812299 1.48017127 0.32206013
 0.4051275  0.48820468 0.57126434 0.65428835 0.73726435 0.82018333
 0.9030379  0.98582085 1.06852413 1.15113775 1.23364882 1.31604055
 1.39829158 1.48037631 0.23790516 0.32119146 0.40447644 0.48772794
 0.57092716 0.65406335 0.73713037 0.82012429 0.90304186 0.98587934
 1.06863148 1.15129069 1.23384602 1.3162822  1.39857873 0.23679737
 0.32038917 0.4039112  0.4873465  0.57068889 0.6539377  0.73709466
 0.82016207 0.90314155 0.98603328 1.06883524 1.15154254 1.23414652
 1.31663377 1.39898503]"
204.8890470985433,246.3466832440701,0.1757517725867648,0.2924064828215057,0.001179672520170402,0.006577630453729784,0.0009884651015870695,0.006439536958169376,0.0032599580378729343,0.011564825394626943,128,"[1.01963972 1.01963972 1.01963972 1.10231321 1.10231321 1.10231321
 1.10231321 1.10231321 1.10231321 1.10231321 1.10231321 1.1849867
 1.1849867  1.1849867  1.1849867  1.1849867  1.1849867  1.1849867
 1.1849867  1.1849867  1.26766019 1.26766019 1.26766019 1.26766019
 1.26766019 1.26766019 1.26766019 1.26766019 1.26766019 1.26766019
 1.35033368 1.35033368 1.35033368 1.35033368 1.35033368 1.35033368
 1.35033368 1.35033368 1.35033368 1.35033368 1.35033368 1.35033368
 1.43300718 1.43300718 1.43300718 1.43300718 1.43300718 1.43300718
 1.43300718 1.43300718 1.43300718 1.43300718 1.43300718 1.43300718
 1.51568067 1.51568067 1.51568067 1.51568067 1.51568067 1.51568067
 1.51568067 1.51568067 1.51568067 1.51568067 1.51568067 1.51568067
 1.51568067 1.51568067 1.59835416 1.59835416 1.59835416 1.59835416
 1.59835416 1.59835416 1.59835416 1.59835416 1.59835416 1.59835416
 1.59835416 1.59835416 1.59835416 1.59835416 1.59835416 1.68102765
 1.68102765 1.68102765 1.68102765 1.68102765 1.68102765 1.68102765
 1.68102765 1.68102765 1.68102765 1.68102765 1.68102765 1.68102765
 1.68102765 1.68102765 1.76370114 1.76370114 1.76370114 1.76370114
 1.76370114 1.76370114 1.76370114 1.76370114 1.76370114 1.76370114
 1.76370114 1.76370114 1.76370114 1.76370114 1.76370114 1.84637463
 1.84637463 1.84637463 1.84637463 1.84637463 1.84637463 1.84637463
 1.84637463 1.84637463 1.84637463 1.84637463 1.84637463 1.84637463
 1.84637463 1.84637463]","[0.99208189 1.07475538 1.15742887 0.66138793 0.74406142 0.82673491
 0.9094084  0.99208189 1.07475538 1.15742887 1.24010236 0.57871444
 0.66138793 0.74406142 0.82673491 0.9094084  0.99208189 1.07475538
 1.15742887 1.24010236 0.57871444 0.66138793 0.74406142 0.82673491
 0.9094084  0.99208189 1.07475538 1.15742887 1.24010236 1.32277585
 0.49604095 0.57871444 0.66138793 0.74406142 0.82673491 0.9094084
 0.99208189 1.07475538 1.15742887 1.24010236 1.32277585 1.40544935
 0.49604095 0.57871444 0.66138793 0.74406142 0.82673491 0.9094084
 0.99208189 1.07475538 1.15742887 1.24010236 1.32277585 1.40544935
 0.41336745 0.49604095 0.57871444 0.66138793 0.74406142 0.82673491
 0.9094084  0.99208189 1.07475538 1.15742887 1.24010236 1.32277585
 1.40544935 1.48812284 0.33069396 0.41336745 0.49604095 0.57871444
 0.66138793 0.74406142 0.82673491 0.9094084  0.99208189 1.07475538
 1.15742887 1.24010236 1.32277585 1.40544935 1.48812284 0.33069396
 0.41336745 0.49604095 0.57871444 0.66138793 0.74406142 0.82673491
 0.9094084  0.99208189 1.07475538 1.15742887 1.24010236 1.32277585
 1.40544935 1.48812284 0.24802047 0.33069396 0.41336745 0.49604095
 0.57871444 0.66138793 0.74406142 0.82673491 0.9094084  0.99208189
 1.07475538 1.15742887 1.24010236 1.32277585 1.40544935 0.24802047
 0.33069396 0.41336745 0.49604095 0.57871444 0.66138793 0.74406142
 0.82673491 0.9094084  0.99208189 1.07475538 1.15742887 1.24010236
 1.32277585 1.40544935]","[1.02014686 1.0200322  1.0199398  1.10339006 1.10327543 1.10314971
 1.10302297 1.10290481 1.10280433 1.10273    1.10268948 1.18624638
 1.18614486 1.18602487 1.18589744 1.18577298 1.18566121 1.18557113
 1.18551095 1.18548779 1.2690225  1.26890632 1.26877549 1.2686415
 1.26851489 1.26840532 1.26832157 1.2682714  1.26826134 1.26829602
 1.35191624 1.3518016  1.35166409 1.35151668 1.35137108 1.35123781
 1.35112629 1.3510449  1.35100088 1.35100005 1.3510462  1.35113971
 1.43472011 1.43457177 1.43440607 1.43423631 1.4340742  1.43392998
 1.43381268 1.43373013 1.43368894 1.43369424 1.43374893 1.43385237
 1.5176732  1.51750836 1.51731773 1.51711686 1.51691906 1.51673572
 1.51657662 1.51645019 1.51636364 1.51632291 1.51633236 1.51639409
 1.51650656 1.51666198 1.60067171 1.6004825  1.60025825 1.6000177
 1.59977628 1.59954671 1.59933952 1.59916355 1.59902626 1.59893392
 1.59889162 1.59890303 1.59896969 1.59908978 1.59925562 1.683539
 1.68326992 1.68297815 1.68268209 1.68239622 1.68213209 1.68189896
 1.68170447 1.68155495 1.68145564 1.68141072 1.68142304 1.68149352
 1.68161981 1.68179387 1.76671516 1.76637997 1.76601675 1.76564797
 1.7652903  1.76495625 1.76465538 1.76439515 1.76418159 1.76401965
 1.7639134  1.76386602 1.76387963 1.76395461 1.76408848 1.84963459
 1.84916718 1.84869781 1.84824542 1.84782305 1.84743989 1.8471026
 1.84681627 1.84658493 1.84641192 1.84629999 1.84625131 1.84626724
 1.84634778 1.84649049]","[0.98801038 1.07047895 1.15290889 0.65752468 0.74001296 0.82252794
 0.90504983 0.98756041 1.07004214 1.15247715 1.23484637 0.57444161
 0.65694134 0.73948117 0.82203877 0.90459452 0.98713054 1.06962959
 1.15207404 1.23444495 0.57379836 0.6563675  0.7389662  0.82157256
 0.90416764 0.9867342  1.06925562 1.1517148  1.23409318 1.31636994
 0.4905623  0.57316779 0.65581588 0.73848121 0.82114292 0.90378316
 0.98638578 1.06893508 1.15141475 1.23380688 1.31609112 1.39824445
 0.48985515 0.57256506 0.65530183 0.73804161 0.82076523 0.90345647
 0.98610062 1.06868332 1.15118934 1.23360163 1.3159005  1.39806339
 0.40639219 0.4891827  0.57200962 0.65484467 0.73766648 0.82045823
 0.90320588 0.98589668 1.0685179  1.1510557  1.23349416 1.31581444
 1.39799451 1.48001035 0.32272996 0.40562941 0.48857376 0.57152844
 0.65446894 0.73737759 0.82024103 0.90304823 0.98578906 1.06845299
 1.151028   1.23349951 1.31584955 1.39805622 1.48009465 0.32180458
 0.4049083  0.48802008 0.57111117 0.65416272 0.7371621  0.82010027
 0.90296989 0.98576389 1.06847431 1.15109128 1.23360195 1.31598967
 1.39823329 1.4803078  0.23758428 0.32092065 0.4042524  0.48754566
 0.57078101 0.65394769 0.73703978 0.82005376 0.90298674 0.9858353
 1.06859449 1.1512569  1.23381174 1.31624387 1.39853296 0.23645565
 0.32011298 0.40369179 0.48717501 0.57055704 0.65383809 0.7370208
 0.82010827 0.90310282 0.98600517 1.06881374 1.15152391 1.23412723
 1.31661044 1.39895441]"
351.41917577753395,376.3690789279068,0.15886860594410793,0.22947195389405692,0.0007754043432571211,0.004435958778803524,0.0006799789566102983,0.004369941357165695,0.001931874634068631,0.007064741620522452,110,"[1.10231321 1.10231321 1.10231321 1.10231321 1.10231321 1.10231321
 1.1849867  1.1849867  1.1849867  1.1849867  1.1849867  1.1849867
 1.1849867  1.26766019 1.26766019 1.26766019 1.26766019 1.26766019
 1.26766019 1.26766019 1.26766019 1.26766019 1.35033368 1.35033368
 1.35033368 1.35033368 1.35033368 1.35033368 1.35033368 1.35033368
 1.35033368 1.35033368 1.43300718 1.43300718 1.43300718 1.43300718
 1.43300718 1.43300718 1.43300718 1.43300718 1.43300718 1.43300718
 1.43300718 1.51568067 1.51568067 1.51568067 1.51568067 1.51568067
 1.51568067 1.51568067 1.51568067 1.51568067 1.51568067 1.51568067
 1.51568067 1.51568067 1.59835416 1.59835416 1.59835416 1.59835416
 1.59835416 1.59835416 1.59835416 1.59835416 1.59835416 1.59835416
 1.59835416 1.59835416 1.59835416 1.68102765 1.68102765 1.68102765
 1.68102765 1.68102765 1.68102765 1.68102765 1.68102765 1.68102765
 1.68102765 1.68102765 1.68102765 1.68102765 1.68102765 1.76370114
 1.76370114 1.76370114 1.76370114 1.76370114 1.76370114 1.76370114
 1.76370114 1.76370114 1.76370114 1.76370114 1.76370114 1.76370114
 1.76370114 1.84637463 1.84637463 1.84637463 1.84637463 1.84637463
 1.84637463 1.84637463 1.84637463 1.84637463 1.84637463 1.84637463
 1.84637463 1.84637463]","[0.74406142 0.82673491 0.9094084  0.99208189 1.07475538 1.15742887
 0.74406142 0.82673491 0.9094084  0.99208189 1.07475538 1.15742887
 1.24010236 0.66138793 0.74406142 0.82673491 0.9094084  0.99208189
 1.07475538 1.15742887 1.24010236 1.32277585 0.66138793 0.74406142
 0.82673491 0.9094084  0.99208189 1.07475538 1.15742887 1.24010236
 1.32277585 1.40544935 0.57871444 0.66138793 0.74406142 0.82673491
 0.9094084  0.99208189 1.07475538 1.15742887 1.24010236 1.32277585
 1.40544935 0.49604095 0.57871444 0.66138793 0.74406142 0.82673491
 0.9094084  0.99208189 1.07475538 1.15742887 1.24010236 1.32277585
 1.40544935 1.48812284 0.49604095 0.57871444 0.66138793 0.74406142
 0.82673491 0.9094084  0.99208189 1.07475538 1.15742887 1.24010236
 1.32277585 1.40544935 1.48812284 0.41336745 0.49604095 0.57871444
 0.66138793 0.74406142 0.82673491 0.9094084  0.99208189 1.07475538
 1.15742887 1.24010236 1.32277585 1.40544935 1.48812284 0.33069396
 0.41336745 0.49604095 0.57871444 0.66138793 0.74406142 0.82673491
 0.9094084  0.99208189 1.07475538 1.15742887 1.24010236 1.32277585
 1.40544935 0.33069396 0.41336745 0.49604095 0.57871444 0.66138793
 0.74406142 0.82673491 0.9094084  0.99208189 1.07475538 1.15742887
 1.24010236 1.32277585]","[1.10305224 1.1029545  1.1028586  1.1027722  1.10270267 1.10265714
 1.18576875 1.18567274 1.18558178 1.1855035  1.18544512 1.18541352
 1.18541519 1.26858612 1.26848753 1.26838939 1.26829972 1.26822599
 1.2681752  1.26815393 1.26816823 1.2682234  1.35130876 1.35120037
 1.35109624 1.35100423 1.35093161 1.35088508 1.35087086 1.35089454
 1.35096085 1.3510729  1.43414261 1.43402017 1.4338977  1.43378374
 1.43368592 1.43361122 1.43356598 1.43355599 1.43358638 1.43366129
 1.43378312 1.51699494 1.51685323 1.51670711 1.51656603 1.51643829
 1.51633123 1.51625148 1.516205   1.51619715 1.51623257 1.51631478
 1.51644547 1.51662284 1.59969975 1.59952392 1.59935034 1.59918799
 1.59904456 1.59892672 1.59884041 1.59879092 1.59878304 1.5988209
 1.5989077  1.59904503 1.59923137 1.68260131 1.68238841 1.68217511
 1.68197141 1.68178556 1.68162446 1.68149404 1.68139951 1.68134552
 1.68133617 1.68137497 1.68146452 1.68160577 1.68179648 1.76557364
 1.76530957 1.76504387 1.76478781 1.76455024 1.7643382  1.76415754
 1.76401321 1.76390955 1.76385039 1.76383914 1.76387869 1.76397112
 1.76411699 1.8483065  1.84796985 1.84764584 1.84734369 1.84707033
 1.84683118 1.84663063 1.84647244 1.84635987 1.84629588 1.84628309
 1.84632374 1.84641941]","[0.74125217 0.82383575 0.9064203  0.98899251 1.07153933 1.15404707
 0.74090457 0.82351491 0.90611962 0.98870574 1.07126047 1.1537702
 1.23621958 0.65792882 0.74056941 0.8232108  0.90583963 0.9884435
 1.07101002 1.15352587 1.2359758  1.31834148 0.65757215 0.74025651
 0.82293348 0.90559062 0.98821631 1.07079881 1.15332525 1.23578065
 1.31814678 1.40040098 0.57450776 0.65724433 0.73997765 0.82269475
 0.90538441 0.98803604 1.07063875 1.15318035 1.23564633 1.31801873
 1.40027496 0.49135683 0.57415938 0.65696138 0.73974888 0.82251067
 0.905237   0.98791856 1.07054552 1.15310657 1.23558792 1.31797213
 1.40023691 1.48235433 0.49098704 0.57387431 0.65674573 0.73959008
 0.82239856 0.90516353 0.98787748 1.0705321  1.15311732 1.23562029
 1.31802413 1.40030659 1.48243887 0.40765642 0.49065388 0.57363033
 0.6565744  0.73947819 0.82233577 0.90514186 0.987891   1.0705766
 1.15319013 1.23572007 1.31815071 1.40046081 1.48262236 0.32411077
 0.40726097 0.49037711 0.57344825 0.65646825 0.73943351 0.82234159
 0.90519012 0.98797604 1.07069484 1.15333977 1.23590093 1.31836404
 1.40070906 0.32362922 0.40693893 0.49017869 0.57334612 0.65644183
 0.73946752 0.82242492 0.90531505 0.98813759 1.0708904  1.15356881
 1.23616483 1.31866597]"
209.1980712174996,367.52437965838976,0.20481946990025995,0.27027720646236586,0.0010458234789784955,0.004816679978564235,0.000895056410928123,0.004717903060737664,0.003024198008596324,0.008900920980962457,111,"[1.01963972 1.10231321 1.10231321 1.10231321 1.10231321 1.10231321
 1.10231321 1.1849867  1.1849867  1.1849867  1.1849867  1.1849867
 1.1849867  1.1849867  1.26766019 1.26766019 1.26766019 1.26766019
 1.26766019 1.26766019 1.26766019 1.26766019 1.35033368 1.35033368
 1.35033368 1.35033368 1.35033368 1.35033368 1.35033368 1.35033368
 1.35033368 1.35033368 1.43300718 1.43300718 1.43300718 1.43300718
 1.43300718 1.43300718 1.43300718 1.43300718 1.43300718 1.43300718
 1.43300718 1.51568067 1.51568067 1.51568067 1.51568067 1.51568067
 1.51568067 1.51568067 1.51568067 1.51568067 1.51568067 1.51568067
 1.51568067 1.51568067 1.59835416 1.59835416 1.59835416 1.59835416
 1.59835416 1.59835416 1.59835416 1.59835416 1.59835416 1.59835416
 1.59835416 1.59835416 1.59835416 1.68102765 1.68102765 1.68102765
 1.68102765 1.68102765 1.68102765 1.68102765 1.68102765 1.68102765
 1.68102765 1.68102765 1.68102765 1.68102765 1.68102765 1.76370114
 1.76370114 1.76370114 1.76370114 1.76370114 1.76370114 1.76370114
 1.76370114 1.76370114 1.76370114 1.76370114 1.76370114 1.76370114
 1.76370114 1.84637463 1.84637463 1.84637463 1.84637463 1.84637463
 1.84637463 1.84637463 1.84637463 1.84637463 1.84637463 1.84637463
 1.84637463 1.84637463 1.84637463]","[1.15742887 0.82673491 0.9094084  0.99208189 1.07475538 1.15742887
 1.24010236 0.74406142 0.82673491 0.9094084  0.99208189 1.07475538
 1.15742887 1.24010236 0.74406142 0.82673491 0.9094084  0.99208189
 1.07475538 1.15742887 1.24010236 1.32277585 0.66138793 0.74406142
 0.82673491 0.9094084  0.99208189 1.07475538 1.15742887 1.24010236
 1.32277585 1.40544935 0.57871444 0.66138793 0.74406142 0.82673491
 0.9094084  0.99208189 1.07475538 1.15742887 1.24010236 1.32277585
 1.40544935 0.49604095 0.57871444 0.66138793 0.74406142 0.82673491
 0.9094084  0.99208189 1.07475538 1.15742887 1.24010236 1.32277585
 1.40544935 1.48812284 0.49604095 0.57871444 0.66138793 0.74406142
 0.82673491 0.9094084  0.99208189 1.07475538 1.15742887 1.24010236
 1.32277585 1.40544935 1.48812284 0.41336745 0.49604095 0.57871444
 0.66138793 0.74406142 0.82673491 0.9094084  0.99208189 1.07475538
 1.15742887 1.24010236 1.32277585 1.40544935 1.48812284 0.33069396
 0.41336745 0.49604095 0.57871444 0.66138793 0.74406142 0.82673491
 0.9094084  0.99208189 1.07475538 1.15742887 1.24010236 1.32277585
 1.40544935 0.24802047 0.33069396 0.41336745 0.49604095 0.57871444
 0.66138793 0.74406142 0.82673491 0.9094084  0.99208189 1.07475538
 1.15742887 1.24010236 1.32277585]","[1.01992731 1.1031126  1.10298823 1.10287588 1.10278515 1.10272525
 1.10270491 1.1859839  1.18585766 1.18573779 1.18563431 1.18555671
 1.18551389 1.18551412 1.26872932 1.26859865 1.268479   1.26838027
 1.26831164 1.26828158 1.26829773 1.26836646 1.35160974 1.35146435
 1.35132451 1.35120074 1.35110264 1.35103892 1.3510175  1.35104533
 1.35112789 1.35126817 1.43450677 1.43434174 1.43417669 1.43402309
 1.4338911  1.43378981 1.43372736 1.43371102 1.43374697 1.43383981
 1.43399145 1.51742911 1.51723778 1.51704076 1.51685088 1.51667915
 1.51653516 1.51642735 1.51636321 1.51634927 1.51639091 1.51649188
 1.51665307 1.51687028 1.60015728 1.59992006 1.59968652 1.59946866
 1.59927656 1.59911876 1.59900271 1.5989349  1.598921   1.59896562
 1.5990719  1.59924034 1.59946666 1.68313995 1.68285168 1.68256433
 1.68229132 1.68204333 1.68182912 1.68165602 1.68153031 1.68145746
 1.68144218 1.68148823 1.68159797 1.68177124 1.68200318 1.76620811
 1.7658499  1.76549228 1.76515022 1.764835   1.76455533 1.76431819
 1.76412934 1.76399372 1.76391562 1.76389876 1.76394607 1.76405927
 1.76423783 1.84939883 1.84894103 1.84848838 1.84805727 1.84765901
 1.84730167 1.84699123 1.84673243 1.84652917 1.84638486 1.84630252
 1.84628483 1.84633393 1.84645096]","[1.15424993 0.82363397 0.90624297 0.98883614 1.07139861 1.153915
 1.23636831 0.74063694 0.82327677 0.90590806 0.98851581 1.0710854
 1.15360152 1.23604715 0.74026331 0.82293844 0.90559648 0.98822308
 1.0708041  1.15332462 1.23576781 1.3181139  0.65718936 0.73991666
 0.82263243 0.90532204 0.98797211 1.07056933 1.1530994  1.23554598
 1.31788955 1.40010663 0.57403654 0.65682803 0.73961228 0.82237389
 0.90509979 0.98777791 1.07039611 1.15294102 1.23539699 1.31774504
 1.39996196 0.49078032 0.57365357 0.65652206 0.73936899 0.8221812
 0.90494765 0.98765801 1.07030158 1.15286621 1.23533725 1.31769644
 1.39992109 1.48198402 0.49037124 0.57334565 0.65629568 0.73920809
 0.82207293 0.90488187 0.98762694 1.07029938 1.15288865 1.2353813
 1.31775992 1.40000207 1.48207995 0.40690881 0.49002181 0.57310208
 0.65613633 0.73911595 0.82203484 0.90488792 0.98766987 1.07037419
 1.15299223 1.23551217 1.31791791 1.400188   1.4822951  0.32319653
 0.40650208 0.48975581 0.57294539 0.65606483 0.73911143 0.82208385
 0.90498082 0.98780012 1.07053785 1.15318753 1.23573923 1.31817841
 1.40048475 0.23911955 0.3227058  0.40620087 0.48959677 0.5728934
 0.65609414 0.73920349 0.82222564 0.90516361 0.98801864 1.07078966
 1.15347263 1.23605974 1.31853837]"
434.4643772168973,445.75378130108976,0.19594769756660088,0.285238584707863,0.0006530842720816564,0.0037703442641784097,0.0005783432005877239,0.0037196673412144996,0.0016455044551675346,0.005986386833929991,105,"[1.10231321 1.10231321 1.10231321 1.10231321 1.10231321 1.1849867
 1.1849867  1.1849867  1.1849867  1.1849867  1.1849867  1.1849867
 1.26766019 1.26766019 1.26766019 1.26766019 1.26766019 1.26766019
 1.26766019 1.26766019 1.35033368 1.35033368 1.35033368 1.35033368
 1.35033368 1.35033368 1.35033368 1.35033368 1.35033368 1.43300718
 1.43300718 1.43300718 1.43300718 1.43300718 1.43300718 1.43300718
 1.43300718 1.43300718 1.43300718 1.43300718 1.51568067 1.51568067
 1.51568067 1.51568067 1.51568067 1.51568067 1.51568067 1.51568067
 1.51568067 1.51568067 1.51568067 1.51568067 1.59835416 1.59835416
 1.59835416 1.59835416 1.59835416 1.59835416 1.59835416 1.59835416
 1.59835416 1.59835416 1.59835416 1.59835416 1.59835416 1.68102765
 1.68102765 1.68102765 1.68102765 1.68102765 1.68102765 1.68102765
 1.68102765 1.68102765 1.68102765 1.68102765 1.68102765 1.68102765
 1.68102765 1.76370114 1.76370114 1.76370114 1.76370114 1.76370114
 1.76370114 1.76370114 1.76370114 1.76370114 1.76370114 1.76370114
 1.76370114 1.76370114 1.84637463 1.84637463 1.84637463 1.84637463
 1.84637463 1.84637463 1.84637463 1.84637463 1.84637463 1.84637463
 1.84637463 1.84637463 1.84637463]","[0.82673491 0.9094084  0.99208189 1.07475538 1.15742887 0.74406142
 0.82673491 0.9094084  0.99208189 1.07475538 1.15742887 1.24010236
 0.74406142 0.82673491 0.9094084  0.99208189 1.07475538 1.15742887
 1.24010236 1.32277585 0.66138793 0.74406142 0.82673491 0.9094084
 0.99208189 1.07475538 1.15742887 1.24010236 1.32277585 0.57871444
 0.66138793 0.74406142 0.82673491 0.9094084  0.99208189 1.07475538
 1.15742887 1.24010236 1.32277585 1.40544935 0.57871444 0.66138793
 0.74406142 0.82673491 0.9094084  0.99208189 1.07475538 1.15742887
 1.24010236 1.32277585 1.40544935 1.48812284 0.49604095 0.57871444
 0.66138793 0.74406142 0.82673491 0.9094084  0.99208189 1.07475538
 1.15742887 1.24010236 1.32277585 1.40544935 1.48812284 0.41336745
 0.49604095 0.57871444 0.66138793 0.74406142 0.82673491 0.9094084
 0.99208189 1.07475538 1.15742887 1.24010236 1.32277585 1.40544935
 1.48812284 0.41336745 0.49604095 0.57871444 0.66138793 0.74406142
 0.82673491 0.9094084  0.99208189 1.07475538 1.15742887 1.24010236
 1.32277585 1.40544935 0.33069396 0.41336745 0.49604095 0.57871444
 0.66138793 0.74406142 0.82673491 0.9094084  0.99208189 1.07475538
 1.15742887 1.24010236 1.32277585]","[1.10288569 1.10280134 1.10272616 1.10266678 1.10262966 1.18567865
 1.1855944  1.18551534 1.18544824 1.18539955 1.18537554 1.18538221
 1.26838747 1.26830217 1.26822505 1.26816272 1.26812146 1.26810724
 1.26812574 1.26818215 1.35118576 1.35109147 1.35100165 1.3509232
 1.35086254 1.35082568 1.35081829 1.35084568 1.35091258 1.43399453
 1.43388787 1.43378196 1.43368419 1.43360128 1.43353938 1.43350422
 1.43350113 1.43353502 1.43361016 1.43372961 1.51669451 1.51656776
 1.5164461  1.51633675 1.51624618 1.5161803  1.51614452 1.51614386
 1.51618281 1.5162651  1.51639318 1.51656695 1.59950942 1.59935664
 1.59920655 1.5990669  1.59894437 1.59884485 1.59877364 1.59873562
 1.59873526 1.59877666 1.59886333 1.5989977  1.59918006 1.68237422
 1.68218949 1.68200505 1.68182947 1.68166986 1.68153231 1.6814221
 1.68134395 1.68130217 1.68130068 1.68134301 1.6814321  1.68156974
 1.68175539 1.76507236 1.76484262 1.76462155 1.76441676 1.76423446
 1.76407986 1.76395748 1.7638713  1.76382498 1.76382184 1.76386484
 1.76395641 1.76409794 1.84802013 1.8477294  1.84744951 1.84718842
 1.84695229 1.84674603 1.84657371 1.84643885 1.8463446  1.84629382
 1.84628918 1.84633304 1.84642733]","[0.82424255 0.90684348 0.98943258 1.07199839 1.15452877 0.74134937
 0.82397261 0.90658986 0.98918982 1.07176126 1.15429209 1.23676846
 0.7410681  0.82371718 0.90635424 0.98896848 1.07154903 1.15408401
 1.23655958 1.31895878 0.65811989 0.74080631 0.82348513 0.90614564
 0.98877775 1.0713711  1.15391418 1.23639333 1.31879155 0.57511504
 0.65784686 0.74057452 0.823287   0.90597465 0.98862826 1.07123816
 1.15379339 1.23628063 1.31868307 1.40097902 0.57482705 0.65761427
 0.74038773 0.82313791 0.90585643 0.98853511 1.07116517 1.15373634
 1.23623591 1.31864745 1.40094949 1.48311412 0.49173738 0.57459813
 0.65744383 0.74026511 0.82305452 0.90580545 0.98851129 1.07116456
 1.15375605 1.23627382 1.31870191 1.40101879 1.48319561 0.40851097
 0.4914661  0.57440171 0.65730845 0.74017977 0.82301057 0.90579624
 0.98853186 1.07121143 1.15382704 1.23636794 1.31881927 1.40116052
 1.48336385 0.40818711 0.49124207 0.57425754 0.65722851 0.74015195
 0.82302569 0.90584752 0.98861455 1.07132253 1.15396513 1.23653302
 1.3190127  1.40138488 0.32470758 0.40792704 0.49108614 0.57418309
 0.65721838 0.74019336 0.82310928 0.90596678 0.98876527 1.07150254
 1.15417409 1.23677232 1.3192854 ]"
168.01745563804846,233.99129921805115,0.1577363459729179,0.239925310102739,0.0012985254133749098,0.006939400924323851,0.0010864101205445872,0.006785103185702387,0.0035988078848565586,0.012406245160666296,130,"[1.01963972 1.01963972 1.01963972 1.01963972 1.10231321 1.10231321
 1.10231321 1.10231321 1.10231321 1.10231321 1.10231321 1.10231321
 1.1849867  1.1849867  1.1849867  1.1849867  1.1849867  1.1849867
 1.1849867  1.1849867  1.1849867  1.1849867  1.26766019 1.26766019
 1.26766019 1.26766019 1.26766019 1.26766019 1.26766019 1.26766019
 1.26766019 1.26766019 1.35033368 1.35033368 1.35033368 1.35033368
 1.35033368 1.35033368 1.35033368 1.35033368 1.35033368 1.35033368
 1.35033368 1.35033368 1.43300718 1.43300718 1.43300718 1.43300718
 1.43300718 1.43300718 1.43300718 1.43300718 1.43300718 1.43300718
 1.43300718 1.43300718 1.43300718 1.51568067 1.51568067 1.51568067
 1.51568067 1.51568067 1.51568067 1.51568067 1.51568067 1.51568067
 1.51568067 1.51568067 1.51568067 1.51568067 1.51568067 1.59835416
 1.59835416 1.59835416 1.59835416 1.59835416 1.59835416 1.59835416
 1.59835416 1.59835416 1.59835416 1.59835416 1.59835416 1.59835416
 1.59835416 1.59835416 1.68102765 1.68102765 1.68102765 1.68102765
 1.68102765 1.68102765 1.68102765 1.68102765 1.68102765 1.68102765
 1.68102765 1.68102765 1.68102765 1.68102765 1.68102765 1.76370114
 1.76370114 1.76370114 1.76370114 1.76370114 1.76370114 1.76370114
 1.76370114 1.76370114 1.76370114 1.76370114 1.76370114 1.76370114
 1.76370114 1.76370114 1.84637463 1.84637463 1.84637463 1.84637463
 1.84637463 1.84637463 1.84637463 1.84637463 1.84637463 1.84637463
 1.84637463 1.84637463 1.84637463 1.84637463]","[0.9094084  0.99208189 1.07475538 1.15742887 0.66138793 0.74406142
 0.82673491 0.9094084  0.99208189 1.07475538 1.15742887 1.24010236
 0.57871444 0.66138793 0.74406142 0.82673491 0.9094084  0.99208189
 1.07475538 1.15742887 1.24010236 1.32277585 0.57871444 0.66138793
 0.74406142 0.82673491 0.9094084  0.99208189 1.07475538 1.15742887
 1.24010236 1.32277585 0.49604095 0.57871444 0.66138793 0.74406142
 0.82673491 0.9094084  0.99208189 1.07475538 1.15742887 1.24010236
 1.32277585 1.40544935 0.41336745 0.49604095 0.57871444 0.66138793
 0.74406142 0.82673491 0.9094084  0.99208189 1.07475538 1.15742887
 1.24010236 1.32277585 1.40544935 0.41336745 0.49604095 0.57871444
 0.66138793 0.74406142 0.82673491 0.9094084  0.99208189 1.07475538
 1.15742887 1.24010236 1.32277585 1.40544935 1.48812284 0.33069396
 0.41336745 0.49604095 0.57871444 0.66138793 0.74406142 0.82673491
 0.9094084  0.99208189 1.07475538 1.15742887 1.24010236 1.32277585
 1.40544935 1.48812284 0.33069396 0.41336745 0.49604095 0.57871444
 0.66138793 0.74406142 0.82673491 0.9094084  0.99208189 1.07475538
 1.15742887 1.24010236 1.32277585 1.40544935 1.48812284 0.24802047
 0.33069396 0.41336745 0.49604095 0.57871444 0.66138793 0.74406142
 0.82673491 0.9094084  0.99208189 1.07475538 1.15742887 1.24010236
 1.32277585 1.40544935 0.24802047 0.33069396 0.41336745 0.49604095
 0.57871444 0.66138793 0.74406142 0.82673491 0.9094084  0.99208189
 1.07475538 1.15742887 1.24010236 1.32277585]","[1.02031952 1.02018094 1.02005639 1.01995503 1.10347504 1.10335174
 1.10321585 1.10307824 1.10294929 1.10283876 1.10275575 1.10270834
 1.18635381 1.18624441 1.18611426 1.18597538 1.1858391  1.18571595
 1.18561567 1.18554704 1.18551759 1.18553293 1.26914646 1.26902022
 1.26887728 1.26873021 1.26859058 1.26846889 1.26837462 1.26831609
 1.26830012 1.26833135 1.35206612 1.3519415  1.35179103 1.35162903
 1.35146838 1.35132062 1.35119602 1.35110361 1.35105111 1.35104455
 1.35108759 1.35117996 1.43501413 1.43488823 1.43472581 1.43454358
 1.4343563  1.43417684 1.43401646 1.43388495 1.43379073 1.43374079
 1.43374037 1.43379212 1.43389464 1.51787311 1.51769265 1.51748301
 1.51726155 1.51704299 1.51683986 1.51666285 1.51652105 1.51642213
 1.5163723  1.51637594 1.5164348  1.51654648 1.51670158 1.6009096
 1.60070255 1.60045595 1.60019081 1.59992433 1.59967057 1.59944107
 1.59924543 1.59909162 1.59898628 1.59893464 1.59894026 1.59900429
 1.59912397 1.59928991 1.68380088 1.68350449 1.68318263 1.6828559
 1.68254038 1.6822487  1.68199095 1.68177526 1.68160832 1.68149557
 1.68144122 1.68144797 1.68151626 1.68164286 1.68181813 1.76702941
 1.76665949 1.76625845 1.76585155 1.76545732 1.76508944 1.76475821
 1.76447154 1.76423573 1.76405587 1.76393605 1.7638794  1.76388781
 1.7639612  1.76409623 1.84997344 1.84945634 1.84893821 1.84844002
 1.84797589 1.84755555 1.84718588 1.84687203 1.846618   1.84642704
 1.8463018  1.84624428 1.84625558 1.84633526]","[0.90531932 0.98780326 1.07026574 1.15268809 0.65730491 0.73978715
 0.82229819 0.90481699 0.98732424 1.06980141 1.15222979 1.23458954
 0.57418606 0.65668051 0.73921821 0.8217753  0.90433083 0.98686577
 1.06936189 1.15180076 1.23416274 1.31642627 0.57349668 0.65606572
 0.73866691 0.82127669 0.90387475 0.98644275 1.06896313 1.151418
 1.23378823 1.31605267 0.4902126  0.57282043 0.65547466 0.73814783
 0.82081741 0.90346424 0.98607111 1.06862149 1.15109841 1.23348345
 1.31575611 1.39789367 0.40679532 0.48945338 0.57217408 0.65492422
 0.73767787 0.82041426 0.90311598 0.98576746 1.06835359 1.15085863
 1.23326518 1.31555349 1.39770145 0.40592371 0.48873118 0.57157864
 0.65443511 0.73727725 0.82008691 0.9028491  0.98555038 1.0681775
 1.15071627 1.23315056 1.31546157 1.39762777 1.4796267  0.32217623
 0.40510128 0.48807596 0.57106205 0.6540326  0.73696838 0.819855
 0.90268082 0.98543529 1.0681076  1.15068553 1.23315444 1.31549647
 1.39769031 1.47971262 0.3211791  0.40432732 0.48748438 0.57061843
 0.65370881 0.73674193 0.81970827 0.90260028 0.98541082 1.06813192
 1.15075369 1.23326333 1.31564433 1.39787606 1.47993482 0.23682841
 0.32023078 0.4036279  0.48698194 0.57027157 0.65348526 0.736617
 0.81966344 0.902622   0.98548957 1.06826145 1.1509304  1.23348578
 1.31591261 1.39819096 0.23561423 0.31936852 0.40303455 0.48659367
 0.57004032 0.65337543 0.7366026  0.81972589 0.90274848 0.98567177
 1.06849469 1.15121299 1.23381843 1.31629791]"
312.14627072428505,259.40415044740064,0.16961911875721083,0.25787353272826136,0.0009365359259487203,0.006059672449276644,0.0007988548833993595,0.005951002975521217,0.0025834801110362626,0.010275605043823688,127,"[1.01963972 1.10231321 1.10231321 1.10231321 1.10231321 1.10231321
 1.10231321 1.10231321 1.10231321 1.10231321 1.1849867  1.1849867
 1.1849867  1.1849867  1.1849867  1.1849867  1.1849867  1.1849867
 1.1849867  1.26766019 1.26766019 1.26766019 1.26766019 1.26766019
 1.26766019 1.26766019 1.26766019 1.26766019 1.26766019 1.35033368
 1.35033368 1.35033368 1.35033368 1.35033368 1.35033368 1.35033368
 1.35033368 1.35033368 1.35033368 1.35033368 1.35033368 1.43300718
 1.43300718 1.43300718 1.43300718 1.43300718 1.43300718 1.43300718
 1.43300718 1.43300718 1.43300718 1.43300718 1.43300718 1.43300718
 1.51568067 1.51568067 1.51568067 1.51568067 1.51568067 1.51568067
 1.51568067 1.51568067 1.51568067 1.51568067 1.51568067 1.51568067
 1.51568067 1.51568067 1.59835416 1.59835416 1.59835416 1.59835416
 1.59835416 1.59835416 1.59835416 1.59835416 1.59835416 1.59835416
 1.59835416 1.59835416 1.59835416 1.59835416 1.59835416 1.68102765
 1.68102765 1.68102765 1.68102765 1.68102765 1.68102765 1.68102765
 1.68102765 1.68102765 1.68102765 1.68102765 1.68102765 1.68102765
 1.68102765 1.68102765 1.76370114 1.76370114 1.76370114 1.76370114
 1.76370114 1.76370114 1.76370114 1.76370114 1.76370114 1.76370114
 1.76370114 1.76370114 1.76370114 1.76370114 1.84637463 1.84637463
 1.84637463 1.84637463 1.84637463 1.84637463 1.84637463 1.84637463
 1.84637463 1.84637463 1.84637463 1.84637463 1.84637463 1.84637463
 1.84637463]","[1.15742887 0.57871444 0.66138793 0.74406142 0.82673491 0.9094084
 0.99208189 1.07475538 1.15742887 1.24010236 0.57871444 0.66138793
 0.74406142 0.82673491 0.9094084  0.99208189 1.07475538 1.15742887
 1.24010236 0.57871444 0.66138793 0.74406142 0.82673491 0.9094084
 0.99208189 1.07475538 1.15742887 1.24010236 1.32277585 0.49604095
 0.57871444 0.66138793 0.74406142 0.82673491 0.9094084  0.99208189
 1.07475538 1.15742887 1.24010236 1.32277585 1.40544935 0.41336745
 0.49604095 0.57871444 0.66138793 0.74406142 0.82673491 0.9094084
 0.99208189 1.07475538 1.15742887 1.24010236 1.32277585 1.40544935
 0.41336745 0.49604095 0.57871444 0.66138793 0.74406142 0.82673491
 0.9094084  0.99208189 1.07475538 1.15742887 1.24010236 1.32277585
 1.40544935 1.48812284 0.33069396 0.41336745 0.49604095 0.57871444
 0.66138793 0.74406142 0.82673491 0.9094084  0.99208189 1.07475538
 1.15742887 1.24010236 1.32277585 1.40544935 1.48812284 0.33069396
 0.41336745 0.49604095 0.57871444 0.66138793 0.74406142 0.82673491
 0.9094084  0.99208189 1.07475538 1.15742887 1.24010236 1.32277585
 1.40544935 1.48812284 0.33069396 0.41336745 0.49604095 0.57871444
 0.66138793 0.74406142 0.82673491 0.9094084  0.99208189 1.07475538
 1.15742887 1.24010236 1.32277585 1.40544935 0.24802047 0.33069396
 0.41336745 0.49604095 0.57871444 0.66138793 0.74406142 0.82673491
 0.9094084  0.99208189 1.07475538 1.15742887 1.24010236 1.32277585
 1.40544935]","[1.01990863 1.10328756 1.10321012 1.10311567 1.10301272 1.10290945
 1.1028137  1.10273292 1.10267411 1.10264369 1.1860206  1.18593759
 1.18584027 1.18573748 1.1856376  1.18554845 1.18547739 1.18543115
 1.18541574 1.26876573 1.26867213 1.26856738 1.2684606  1.26836019
 1.26827393 1.26820894 1.26817163 1.26816756 1.26820093 1.35160699
 1.35151499 1.35140546 1.35128855 1.35117351 1.3510687  1.35098169
 1.35091932 1.35088764 1.35089168 1.35093503 1.35101879 1.43446941
 1.43437654 1.43425877 1.43412775 1.43399387 1.43386634 1.43375337
 1.43366224 1.43359943 1.43357055 1.43358011 1.43363109 1.43372382
 1.51726526 1.51713455 1.51698396 1.5168255  1.51666959 1.51652527
 1.51640046 1.51630211 1.51623629 1.51620814 1.51622167 1.51627922
 1.51638042 1.51652015 1.60018662 1.60003663 1.59985959 1.59966985
 1.59947938 1.59929821 1.59913479 1.59899637 1.59888917 1.59881859
 1.59878915 1.59880435 1.59886621 1.59897426 1.59912371 1.68300911
 1.68279773 1.68256826 1.68233485 1.6821089  1.6818997  1.68171489
 1.6815609  1.6814432  1.68136644 1.68133447 1.68135016 1.68141498
 1.68152792 1.68168369 1.76581894 1.76553383 1.765243   1.76495958
 1.76469373 1.76445345 1.7642452  1.76407431 1.76394526 1.76386184
 1.76382716 1.7638435  1.76391186 1.76403104 1.84895811 1.84859241
 1.84822234 1.84786298 1.8475252  1.84721701 1.84694449 1.84671244
 1.84652477 1.84638479 1.8462953  1.8462586  1.84627633 1.8463491
 1.84647564]","[1.15313549 0.5753973  0.65783324 0.74031352 0.82281825 0.90532976
 0.98783171 1.07030821 1.15274294 1.23511813 0.57481547 0.65730559
 0.73983185 0.82237459 0.90491648 0.98744156 1.06993426 1.15237844
 1.23475645 0.57423581 0.65678738 0.73936574 0.82195181 0.90452894
 0.98708179 1.06959532 1.15205383 1.23443988 1.31673346 0.49108509
 0.57366791 0.6562887  0.73892567 0.82156075 0.9041783  0.98676388
 1.06930325 1.15178129 1.23418103 1.31648271 1.39866318 0.40782724
 0.49045037 0.57312383 0.65582187 0.73852414 0.82121404 0.90387727
 0.98650062 1.06907089 1.15157381 1.23399305 1.31630928 1.39849958
 0.40710367 0.48984538 0.57261992 0.65540353 0.73817793 0.82092846
 0.90364259 0.98630863 1.06891466 1.1514475  1.23389171 1.31622862
 1.39843566 1.48048678 0.32359021 0.40642343 0.48929666 0.57218127
 0.65505664 0.73790754 0.82072208 0.90349016 0.98620225 1.06884821
 1.15141635 1.23389234 1.31625816 1.39849125 1.48056455 0.32276437
 0.40576974 0.48878555 0.57178788 0.65476056 0.73769226 0.8205745
 0.90340006 0.98616186 1.06885188 1.15146021 1.23397403 1.31637653
 1.398646   1.48075561 0.32196177 0.40516038 0.48833247 0.57146127
 0.65453677 0.73755287 0.82050537 0.90339062 0.98620449 1.06894148
 1.15159379 1.23415042 1.31659602 1.39890984 0.23774487 0.32121153
 0.40462178 0.48796016 0.57122028 0.65440051 0.73750136 0.82052392
 0.90346876 0.98633519 1.06912059 1.15181964 1.23442348 1.31691861
 1.39928564]"
284.8600304629271,340.5154146854516,0.1655171134488265,0.2221326269120245,0.0009183571675197537,0.004952058122238626,0.0007903163444293948,0.004864515677380989,0.002603904757112252,0.008709018286659986,114,"[1.10231321 1.10231321 1.10231321 1.10231321 1.10231321 1.10231321
 1.10231321 1.1849867  1.1849867  1.1849867  1.1849867  1.1849867
 1.1849867  1.1849867  1.26766019 1.26766019 1.26766019 1.26766019
 1.26766019 1.26766019 1.26766019 1.26766019 1.26766019 1.35033368
 1.35033368 1.35033368 1.35033368 1.35033368 1.35033368 1.35033368
 1.35033368 1.35033368 1.35033368 1.35033368 1.43300718 1.43300718
 1.43300718 1.43300718 1.43300718 1.43300718 1.43300718 1.43300718
 1.43300718 1.43300718 1.43300718 1.51568067 1.51568067 1.51568067
 1.51568067 1.51568067 1.51568067 1.51568067 1.51568067 1.51568067
 1.51568067 1.51568067 1.51568067 1.51568067 1.59835416 1.59835416
 1.59835416 1.59835416 1.59835416 1.59835416 1.59835416 1.59835416
 1.59835416 1.59835416 1.59835416 1.59835416 1.59835416 1.59835416
 1.68102765 1.68102765 1.68102765 1.68102765 1.68102765 1.68102765
 1.68102765 1.68102765 1.68102765 1.68102765 1.68102765 1.68102765
 1.68102765 1.68102765 1.76370114 1.76370114 1.76370114 1.76370114
 1.76370114 1.76370114 1.76370114 1.76370114 1.76370114 1.76370114
 1.76370114 1.76370114 1.76370114 1.76370114 1.84637463 1.84637463
 1.84637463 1.84637463 1.84637463 1.84637463 1.84637463 1.84637463
 1.84637463 1.84637463 1.84637463 1.84637463 1.84637463 1.84637463]","[0.74406142 0.82673491 0.9094084  0.99208189 1.07475538 1.15742887
 1.24010236 0.74406142 0.82673491 0.9094084  0.99208189 1.07475538
 1.15742887 1.24010236 0.66138793 0.74406142 0.82673491 0.9094084
 0.99208189 1.07475538 1.15742887 1.24010236 1.32277585 0.57871444
 0.66138793 0.74406142 0.82673491 0.9094084  0.99208189 1.07475538
 1.15742887 1.24010236 1.32277585 1.40544935 0.57871444 0.66138793
 0.74406142 0.82673491 0.9094084  0.99208189 1.07475538 1.15742887
 1.24010236 1.32277585 1.40544935 0.49604095 0.57871444 0.66138793
 0.74406142 0.82673491 0.9094084  0.99208189 1.07475538 1.15742887
 1.24010236 1.32277585 1.40544935 1.48812284 0.41336745 0.49604095
 0.57871444 0.66138793 0.74406142 0.82673491 0.9094084  0.99208189
 1.07475538 1.15742887 1.24010236 1.32277585 1.40544935 1.48812284
 0.41336745 0.49604095 0.57871444 0.66138793 0.74406142 0.82673491
 0.9094084  0.99208189 1.07475538 1.15742887 1.24010236 1.32277585
 1.40544935 1.48812284 0.33069396 0.41336745 0.49604095 0.57871444
 0.66138793 0.74406142 0.82673491 0.9094084  0.99208189 1.07475538
 1.15742887 1.24010236 1.32277585 1.40544935 0.24802047 0.33069396
 0.41336745 0.49604095 0.57871444 0.66138793 0.74406142 0.82673491
 0.9094084  0.99208189 1.07475538 1.15742887 1.24010236 1.32277585]","[1.10313246 1.10302342 1.10291581 1.10281814 1.1027386  1.10268501
 1.1026648  1.18586025 1.18575213 1.18564904 1.18555949 1.18549153
 1.18545272 1.18545006 1.26870109 1.26858983 1.26847843 1.26837591
 1.26829067 1.26823048 1.26820257 1.26821343 1.2682685  1.35155262
 1.35143517 1.35131205 1.35119309 1.3510872  1.35100251 1.35094648
 1.35092588 1.35094668 1.3510136  1.35112932 1.43429516 1.43415609
 1.43401635 1.43388563 1.43377259 1.433685   1.43362988 1.4336135
 1.43364126 1.4337172  1.43384314 1.51717702 1.51701623 1.51684977
 1.5166885  1.51654182 1.51641799 1.51632435 1.51626744 1.516253
 1.5162858  1.51636922 1.51650423 1.5166875  1.60008462 1.5998948
 1.59969468 1.59949659 1.59931079 1.59914599 1.59900965 1.59890832
 1.59884777 1.59883304 1.59886833 1.59895657 1.59909856 1.59929111
 1.68283313 1.68259052 1.68234709 1.68211434 1.68190163 1.68171669
 1.68156607 1.68145545 1.68138979 1.68137337 1.68140969 1.68150102
 1.68164753 1.68184542 1.76585035 1.76554908 1.76524588 1.76495376
 1.76468272 1.76444066 1.76423397 1.76406801 1.7639474  1.76387616
 1.76385775 1.76389498 1.76398958 1.76414137 1.84897853 1.84859352
 1.84820909 1.84783977 1.84749592 1.84718518 1.84691335 1.8466851
 1.84650429 1.8463743  1.84629809 1.84627826 1.8463169  1.84641526]","[0.7409663  0.82354217 0.90611968 0.98868418 1.07122134 1.15371627
 1.23615251 0.74057618 0.82318243 0.90578303 0.98836364 1.0709102
 1.15340793 1.23584036 0.65755976 0.74019969 0.82284113 0.90546916
 0.98807005 1.07063023 1.15313525 1.23556881 1.31791164 0.57447764
 0.65715857 0.73984793 0.82252961 0.9051897  0.98781536 1.07039372
 1.15291092 1.235351   1.31769491 1.39991947 0.57404164 0.65678934
 0.73953399 0.82226099 0.90495778 0.98761269 1.07021386 1.15274821
 1.2352004  1.31755174 1.39977926 0.49082625 0.57364777 0.65646933
 0.73927505 0.82205228 0.90479021 0.98747865 1.07010698 1.15266317
 1.23513271 1.31749755 1.3997351  1.48181793 0.40748679 0.49040408
 0.57332161 0.65622173 0.73909164 0.82192145 0.90470275 0.98742738
 1.07008649 1.15266944 1.23516281 1.31754923 1.3998062  1.48190552
 0.40698435 0.49002667 0.57304552 0.65602779 0.7389646  0.82184938
 0.90467648 0.98744012 1.0701334  1.15274743 1.23527025 1.31768573
 1.39997235 1.48210246 0.32332276 0.40653843 0.48971548 0.57284122
 0.65590868 0.73891402 0.82185478 0.90472866 0.98753267 1.07026225
 1.15291052 1.23546728 1.31791789 1.40024196 0.23931145 0.32277946
 0.40617673 0.48949345 0.57272712 0.65587877 0.73895081 0.82194566
 0.90486493 0.98770875 1.07047525 1.15315982 1.23575431 1.31824595]"
275.4791397978052,379.9145809340172,0.19051379310431443,0.27040471921945025,0.0009188065681624379,0.0045730033899160204,0.0007931324643691839,0.004489035170799221,0.002612382758661713,0.008185196342526513,110,"[1.10231321 1.10231321 1.10231321 1.10231321 1.10231321 1.1849867
 1.1849867  1.1849867  1.1849867  1.1849867  1.1849867  1.1849867
 1.26766019 1.26766019 1.26766019 1.26766019 1.26766019 1.26766019
 1.26766019 1.26766019 1.26766019 1.35033368 1.35033368 1.35033368
 1.35033368 1.35033368 1.35033368 1.35033368 1.35033368 1.35033368
 1.35033368 1.43300718 1.43300718 1.43300718 1.43300718 1.43300718
 1.43300718 1.43300718 1.43300718 1.43300718 1.43300718 1.43300718
 1.51568067 1.51568067 1.51568067 1.51568067 1.51568067 1.51568067
 1.51568067 1.51568067 1.51568067 1.51568067 1.51568067 1.51568067
 1.51568067 1.59835416 1.59835416 1.59835416 1.59835416 1.59835416
 1.59835416 1.59835416 1.59835416 1.59835416 1.59835416 1.59835416
 1.59835416 1.59835416 1.68102765 1.68102765 1.68102765 1.68102765
 1.68102765 1.68102765 1.68102765 1.68102765 1.68102765 1.68102765
 1.68102765 1.68102765 1.68102765 1.68102765 1.76370114 1.76370114
 1.76370114 1.76370114 1.76370114 1.76370114 1.76370114 1.76370114
 1.76370114 1.76370114 1.76370114 1.76370114 1.76370114 1.76370114
 1.84637463 1.84637463 1.84637463 1.84637463 1.84637463 1.84637463
 1.84637463 1.84637463 1.84637463 1.84637463 1.84637463 1.84637463
 1.84637463 1.84637463]","[0.82673491 0.9094084  0.99208189 1.07475538 1.15742887 0.74406142
 0.82673491 0.9094084  0.99208189 1.07475538 1.15742887 1.24010236
 0.66138793 0.74406142 0.82673491 0.9094084  0.99208189 1.07475538
 1.15742887 1.24010236 1.32277585 0.66138793 0.74406142 0.82673491
 0.9094084  0.99208189 1.07475538 1.15742887 1.24010236 1.32277585
 1.40544935 0.57871444 0.66138793 0.74406142 0.82673491 0.9094084
 0.99208189 1.07475538 1.15742887 1.24010236 1.32277585 1.40544935
 0.49604095 0.57871444 0.66138793 0.74406142 0.82673491 0.9094084
 0.99208189 1.07475538 1.15742887 1.24010236 1.32277585 1.40544935
 1.48812284 0.49604095 0.57871444 0.66138793 0.74406142 0.82673491
 0.9094084  0.99208189 1.07475538 1.15742887 1.24010236 1.32277585
 1.40544935 1.48812284 0.41336745 0.49604095 0.57871444 0.66138793
 0.74406142 0.82673491 0.9094084  0.99208189 1.07475538 1.15742887
 1.24010236 1.32277585 1.40544935 1.48812284 0.33069396 0.41336745
 0.49604095 0.57871444 0.66138793 0.74406142 0.82673491 0.9094084
 0.99208189 1.07475538 1.15742887 1.24010236 1.32277585 1.40544935
 0.24802047 0.33069396 0.41336745 0.49604095 0.57871444 0.66138793
 0.74406142 0.82673491 0.9094084  0.99208189 1.07475538 1.15742887
 1.24010236 1.32277585]","[1.10302741 1.10291822 1.10281984 1.10274073 1.10268902 1.18586768
 1.1857576  1.18565333 1.18556362 1.18549677 1.18546063 1.18546259
 1.26871185 1.26859821 1.26848511 1.26838181 1.26829691 1.26823844
 1.26821392 1.26823018 1.26829314 1.35144627 1.35132087 1.35120046
 1.35109415 1.35101028 1.35095651 1.35093991 1.35096675 1.35104222
 1.35116954 1.43430877 1.43416675 1.43402485 1.43389294 1.43377983
 1.43369348 1.43364111 1.43362923 1.43366353 1.4337485  1.43388646
 1.51719292 1.5170284  1.51685902 1.51669576 1.51654818 1.51642465
 1.51633266 1.51627892 1.51626938 1.5163091  1.51640183 1.51654904
 1.51674806 1.59990814 1.59970423 1.59950333 1.59931581 1.59915044
 1.59901479 1.59891551 1.5988585  1.59884901 1.59889148 1.59898918
 1.59914335 1.59935142 1.68284665 1.68259925 1.68235215 1.68211689
 1.68190284 1.68171777 1.68156828 1.68146013 1.68139838 1.68138747
 1.68143112 1.68153191 1.68169042 1.68190338 1.76586258 1.76555544
 1.76524773 1.76495241 1.76467942 1.76443661 1.76423039 1.7640661
 1.76394842 1.76388144 1.76386876 1.76391338 1.76401729 1.76418068
 1.84898701 1.84859504 1.8482054  1.84783242 1.84748629 1.84717451
 1.84690281 1.84667579 1.84649731 1.84637076 1.84629917 1.84628526
 1.84633126 1.84643864]","[0.82378725 0.9063869  0.98897241 1.07152998 1.15404525 0.74082781
 0.82345528 0.90607549 0.98867468 1.07123929 1.15375504 1.23620588
 0.65782054 0.74048094 0.82314077 0.90578572 0.98840261 1.07097835
 1.15349896 1.23594851 1.31830805 0.65745154 0.7401582  0.82285527
 0.90552943 0.98816835 1.07075965 1.15328988 1.23574348 1.31810164
 1.40034126 0.57435039 0.65711439 0.73987294 0.82261209 0.90531988
 0.98798515 1.07059649 1.15314124 1.23560439 1.31796751 1.40020767
 0.4911559  0.57399271 0.65682659 0.73964245 0.82242832 0.90517394
 0.98786964 1.07050522 1.15306905 1.23554694 1.31792108 1.40016893
 1.48226271 0.49077534 0.57370339 0.65661136 0.73948727 0.82232187
 0.9051073  0.98783589 1.07049916 1.15308686 1.23558588 1.31797908
 1.40024405 1.48235229 0.4073912  0.49044175 0.57346559 0.65645064
 0.73938879 0.8222741  0.90510144 0.98786543 1.07055958 1.15317529
 1.23570093 1.3181206  1.40041289 1.48254997 0.32377828 0.40699882
 0.49017687 0.57330106 0.65636541 0.73936681 0.82230336 0.90517319
 0.98797367 1.07070057 1.15334728 1.23590387 1.31835597 1.40068335
 0.23983528 0.32330261 0.40669471 0.49000358 0.57322794 0.65636969
 0.73943183 0.8224172  0.90532774 0.98816384 1.07092384 1.15360339
 1.23619458 1.31868486]"
191.32261398354203,217.41128864394213,0.1750440518238279,0.2878239177909628,0.0012653186640987984,0.0072838112130436,0.0010532866561765739,0.007123517708544387,0.0034499903088012207,0.012759390261606274,135,"[1.01963972 1.01963972 1.01963972 1.01963972 1.10231321 1.10231321
 1.10231321 1.10231321 1.10231321 1.10231321 1.10231321 1.10231321
 1.10231321 1.1849867  1.1849867  1.1849867  1.1849867  1.1849867
 1.1849867  1.1849867  1.1849867  1.1849867  1.1849867  1.26766019
 1.26766019 1.26766019 1.26766019 1.26766019 1.26766019 1.26766019
 1.26766019 1.26766019 1.26766019 1.26766019 1.35033368 1.35033368
 1.35033368 1.35033368 1.35033368 1.35033368 1.35033368 1.35033368
 1.35033368 1.35033368 1.35033368 1.35033368 1.43300718 1.43300718
 1.43300718 1.43300718 1.43300718 1.43300718 1.43300718 1.43300718
 1.43300718 1.43300718 1.43300718 1.43300718 1.43300718 1.51568067
 1.51568067 1.51568067 1.51568067 1.51568067 1.51568067 1.51568067
 1.51568067 1.51568067 1.51568067 1.51568067 1.51568067 1.51568067
 1.51568067 1.51568067 1.59835416 1.59835416 1.59835416 1.59835416
 1.59835416 1.59835416 1.59835416 1.59835416 1.59835416 1.59835416
 1.59835416 1.59835416 1.59835416 1.59835416 1.59835416 1.68102765
 1.68102765 1.68102765 1.68102765 1.68102765 1.68102765 1.68102765
 1.68102765 1.68102765 1.68102765 1.68102765 1.68102765 1.68102765
 1.68102765 1.68102765 1.68102765 1.76370114 1.76370114 1.76370114
 1.76370114 1.76370114 1.76370114 1.76370114 1.76370114 1.76370114
 1.76370114 1.76370114 1.76370114 1.76370114 1.76370114 1.76370114
 1.84637463 1.84637463 1.84637463 1.84637463 1.84637463 1.84637463
 1.84637463 1.84637463 1.84637463 1.84637463 1.84637463 1.84637463
 1.84637463 1.84637463 1.84637463]","[0.9094084  0.99208189 1.07475538 1.15742887 0.57871444 0.66138793
 0.74406142 0.82673491 0.9094084  0.99208189 1.07475538 1.15742887
 1.24010236 0.57871444 0.66138793 0.74406142 0.82673491 0.9094084
 0.99208189 1.07475538 1.15742887 1.24010236 1.32277585 0.49604095
 0.57871444 0.66138793 0.74406142 0.82673491 0.9094084  0.99208189
 1.07475538 1.15742887 1.24010236 1.32277585 0.49604095 0.57871444
 0.66138793 0.74406142 0.82673491 0.9094084  0.99208189 1.07475538
 1.15742887 1.24010236 1.32277585 1.40544935 0.41336745 0.49604095
 0.57871444 0.66138793 0.74406142 0.82673491 0.9094084  0.99208189
 1.07475538 1.15742887 1.24010236 1.32277585 1.40544935 0.33069396
 0.41336745 0.49604095 0.57871444 0.66138793 0.74406142 0.82673491
 0.9094084  0.99208189 1.07475538 1.15742887 1.24010236 1.32277585
 1.40544935 1.48812284 0.33069396 0.41336745 0.49604095 0.57871444
 0.66138793 0.74406142 0.82673491 0.9094084  0.99208189 1.07475538
 1.15742887 1.24010236 1.32277585 1.40544935 1.48812284 0.24802047
 0.33069396 0.41336745 0.49604095 0.57871444 0.66138793 0.74406142
 0.82673491 0.9094084  0.99208189 1.07475538 1.15742887 1.24010236
 1.32277585 1.40544935 1.48812284 0.24802047 0.33069396 0.41336745
 0.49604095 0.57871444 0.66138793 0.74406142 0.82673491 0.9094084
 0.99208189 1.07475538 1.15742887 1.24010236 1.32277585 1.40544935
 0.24802047 0.33069396 0.41336745 0.49604095 0.57871444 0.66138793
 0.74406142 0.82673491 0.9094084  0.99208189 1.07475538 1.15742887
 1.24010236 1.32277585 1.40544935]","[1.02030101 1.02016832 1.02004812 1.01994896 1.10352125 1.10342811
 1.10331198 1.10318337 1.10305244 1.10292888 1.10282184 1.10273973
 1.10268997 1.18629176 1.1861895  1.18606709 1.18593572 1.185806
 1.18568777 1.18559012 1.18552117 1.18548781 1.18549502 1.26916478
 1.26907588 1.26895788 1.26882341 1.26868423 1.26855115 1.26843399
 1.26834161 1.26828171 1.26826054 1.26828217 1.35197923 1.35186352
 1.35172269 1.3515701  1.35141785 1.35127673 1.3511564  1.3510653
 1.3510106  1.35099783 1.35103016 1.35110695 1.43490996 1.43479386
 1.43464253 1.43447157 1.43429479 1.43412432 1.43397076 1.43384334
 1.43374999 1.43369722 1.43368983 1.43373011 1.43381636 1.51788114
 1.51776106 1.51759356 1.51739743 1.51718892 1.51698195 1.51678837
 1.51661833 1.51648047 1.51638205 1.51632891 1.51632506 1.51637197
 1.51646703 1.51660088 1.60077739 1.60058582 1.60035556 1.60010636
 1.59985447 1.59961327 1.5993938  1.59920521 1.59905517 1.59894997
 1.59889457 1.59889227 1.59894401 1.59904689 1.59919164 1.68389077
 1.68366528 1.68338913 1.68308701 1.68277847 1.6824789  1.68220047
 1.68195292 1.68174414 1.68158061 1.68146757 1.68140903 1.6814075
 1.68146325 1.68157296 1.68172709 1.76687265 1.76652831 1.76615188
 1.76576748 1.76539299 1.76504173 1.7647238  1.76444702 1.7642176
 1.76404054 1.76391985 1.76385854 1.76385836 1.76391912 1.76403741
 1.84982462 1.84933878 1.84884853 1.8483744  1.84793043 1.84752638
 1.84716929 1.84686439 1.84661577 1.84642671 1.84629985 1.84623716
 1.84623963 1.84630672 1.84643521]","[0.90509297 0.98754853 1.06998418 1.15238105 0.57475352 0.65714793
 0.7395973  0.82207778 0.90456818 0.98704898 1.06950149 1.15190684
 1.23424511 0.57403643 0.65649703 0.73900343 0.82153169 0.90406074
 0.98657138 1.06904522 1.15146368 1.23380708 1.3160539  0.49084563
 0.57331924 0.65585578 0.73842725 0.82101002 0.90358366 0.98612963
 1.0686302  1.15106737 1.23342191 1.31567273 0.49004069 0.5726142
 0.65523723 0.73788232 0.82052684 0.90315143 0.98573867 1.06827182
 1.15073375 1.23310595 1.31536791 1.39749715 0.40662846 0.48924953
 0.57193677 0.65465711 0.73738451 0.820098   0.90277989 0.98541431
 1.06798591 1.15047872 1.2328752  1.31515557 1.39729788 0.32303583
 0.40572091 0.48849163 0.57130673 0.65413516 0.73695331 0.81974264
 0.90248776 0.98517484 1.06779031 1.15031968 1.23274664 1.31505228
 1.39721521 1.47921336 0.32197369 0.40485721 0.48779585 0.57075128
 0.65369621 0.73661083 0.81948021 0.90229217 0.98503567 1.06769948
 1.15027103 1.23273542 1.31507466 1.39726747 1.47929079 0.23788386
 0.32092577 0.40403253 0.48715528 0.57026151 0.65332976 0.73634556
 0.81929863 0.9021807  0.98498406 1.06770021 1.15031889 1.23282699
 1.31520782 1.39744073 1.47950224 0.23655968 0.31991283 0.40327072
 0.48659435 0.56986097 0.65305773 0.73617742 0.81921569 0.90216914
 0.98503398 1.06780496 1.15047445 1.23303144 1.31546076 1.39774238
 0.23526108 0.31896946 0.40260215 0.48613796 0.56956907 0.65289459
 0.73611664 0.81923816 0.90226143 0.98518718 1.0680138  1.15073661
 1.23334706 1.3158318  1.3981718 ]"
169.77489967520796,218.55193647187963,0.1969380621488871,0.2788873674564285,0.0013215486221387469,0.0073165780544818025,0.0010982194649543742,0.007149542197788614,0.00363272319274488,0.012973847658461712,134,"[1.01963972 1.01963972 1.01963972 1.01963972 1.10231321 1.10231321
 1.10231321 1.10231321 1.10231321 1.10231321 1.10231321 1.10231321
 1.10231321 1.1849867  1.1849867  1.1849867  1.1849867  1.1849867
 1.1849867  1.1849867  1.1849867  1.1849867  1.1849867  1.26766019
 1.26766019 1.26766019 1.26766019 1.26766019 1.26766019 1.26766019
 1.26766019 1.26766019 1.26766019 1.26766019 1.35033368 1.35033368
 1.35033368 1.35033368 1.35033368 1.35033368 1.35033368 1.35033368
 1.35033368 1.35033368 1.35033368 1.35033368 1.43300718 1.43300718
 1.43300718 1.43300718 1.43300718 1.43300718 1.43300718 1.43300718
 1.43300718 1.43300718 1.43300718 1.43300718 1.43300718 1.51568067
 1.51568067 1.51568067 1.51568067 1.51568067 1.51568067 1.51568067
 1.51568067 1.51568067 1.51568067 1.51568067 1.51568067 1.51568067
 1.51568067 1.59835416 1.59835416 1.59835416 1.59835416 1.59835416
 1.59835416 1.59835416 1.59835416 1.59835416 1.59835416 1.59835416
 1.59835416 1.59835416 1.59835416 1.59835416 1.68102765 1.68102765
 1.68102765 1.68102765 1.68102765 1.68102765 1.68102765 1.68102765
 1.68102765 1.68102765 1.68102765 1.68102765 1.68102765 1.68102765
 1.68102765 1.68102765 1.76370114 1.76370114 1.76370114 1.76370114
 1.76370114 1.76370114 1.76370114 1.76370114 1.76370114 1.76370114
 1.76370114 1.76370114 1.76370114 1.76370114 1.76370114 1.84637463
 1.84637463 1.84637463 1.84637463 1.84637463 1.84637463 1.84637463
 1.84637463 1.84637463 1.84637463 1.84637463 1.84637463 1.84637463
 1.84637463 1.84637463]","[0.9094084  0.99208189 1.07475538 1.15742887 0.57871444 0.66138793
 0.74406142 0.82673491 0.9094084  0.99208189 1.07475538 1.15742887
 1.24010236 0.57871444 0.66138793 0.74406142 0.82673491 0.9094084
 0.99208189 1.07475538 1.15742887 1.24010236 1.32277585 0.49604095
 0.57871444 0.66138793 0.74406142 0.82673491 0.9094084  0.99208189
 1.07475538 1.15742887 1.24010236 1.32277585 0.49604095 0.57871444
 0.66138793 0.74406142 0.82673491 0.9094084  0.99208189 1.07475538
 1.15742887 1.24010236 1.32277585 1.40544935 0.41336745 0.49604095
 0.57871444 0.66138793 0.74406142 0.82673491 0.9094084  0.99208189
 1.07475538 1.15742887 1.24010236 1.32277585 1.40544935 0.41336745
 0.49604095 0.57871444 0.66138793 0.74406142 0.82673491 0.9094084
 0.99208189 1.07475538 1.15742887 1.24010236 1.32277585 1.40544935
 1.48812284 0.33069396 0.41336745 0.49604095 0.57871444 0.66138793
 0.74406142 0.82673491 0.9094084  0.99208189 1.07475538 1.15742887
 1.24010236 1.32277585 1.40544935 1.48812284 0.24802047 0.33069396
 0.41336745 0.49604095 0.57871444 0.66138793 0.74406142 0.82673491
 0.9094084  0.99208189 1.07475538 1.15742887 1.24010236 1.32277585
 1.40544935 1.48812284 0.24802047 0.33069396 0.41336745 0.49604095
 0.57871444 0.66138793 0.74406142 0.82673491 0.9094084  0.99208189
 1.07475538 1.15742887 1.24010236 1.32277585 1.40544935 0.24802047
 0.33069396 0.41336745 0.49604095 0.57871444 0.66138793 0.74406142
 0.82673491 0.9094084  0.99208189 1.07475538 1.15742887 1.24010236
 1.32277585 1.40544935]","[1.02032452 1.02018591 1.02006041 1.01995695 1.10357416 1.10347659
 1.10335482 1.10321992 1.1030826  1.10295305 1.10284088 1.10275495
 1.10270305 1.18635391 1.18624635 1.18611752 1.18597927 1.18584278
 1.18571845 1.18561584 1.18554351 1.18550869 1.18551662 1.26924113
 1.26914737 1.26902285 1.26888094 1.26873409 1.26859374 1.26847027
 1.26837301 1.26831006 1.26828796 1.26831096 1.35206617 1.35194377
 1.35179481 1.35163348 1.35147258 1.35132356 1.35119659 1.35110056
 1.351043   1.35102967 1.35106383 1.35114471 1.43501355 1.43489052
 1.43473018 1.43454914 1.43436207 1.43418184 1.43401963 1.43388516
 1.43378673 1.43373117 1.43372344 1.43376586 1.43385649 1.51787596
 1.51769827 1.51749039 1.51726962 1.51705071 1.5168462  1.51666674
 1.51652139 1.51641772 1.51636179 1.51635773 1.51640695 1.51650658
 1.51664659 1.6009138  1.60071039 1.60046617 1.60020219 1.59993572
 1.59968089 1.5994493  1.59925056 1.59909261 1.59898202 1.59892387
 1.59892151 1.59897577 1.59908344 1.59923453 1.68405248 1.68381255
 1.68351925 1.68319897 1.68287249 1.68255605 1.68226242 1.68200175
 1.68178224 1.68161056 1.68149209 1.68143091 1.68142953 1.68148808
 1.68160292 1.68176385 1.76704763 1.76668151 1.7662823  1.76587562
 1.7654803  1.76511027 1.76477598 1.76448545 1.76424504 1.76405982
 1.76393385 1.76387013 1.76387036 1.76393421 1.76405795 1.85000735
 1.84949187 1.84897335 1.84847332 1.84800628 1.8475822  1.84720816
 1.84688937 1.8466299  1.84643297 1.84630117 1.84623641 1.84623962
 1.84631012 1.84644437]","[0.90508942 0.98755225 1.06999444 1.15239688 0.57471239 0.65711462
 0.73957239 0.82206137 0.90455992 0.9870482  1.06950717 1.15191772
 1.23425968 0.57398685 0.65645642 0.73897224 0.82150978 0.90404749
 0.98656581 1.06904602 1.15146928 1.23381568 1.31606355 0.49077754
 0.57326078 0.65580788 0.73839004 0.82098305 0.90356596 0.98611988
 1.06862678 1.1510684  1.23342535 1.31567642 0.48996175 0.5725473
 0.6551829  0.73784026 0.82049614 0.90313072 0.98572626 1.06826575
 1.15073188 1.23310602 1.3153676  1.39749426 0.4065255  0.48916062
 0.57186293 0.65459822 0.73733968 0.82006576 0.90275841 0.9854015
 1.0679795  1.15047633 1.23287439 1.3151539  1.39729309 0.40560559
 0.48839479 0.57122844 0.65407443 0.73690846 0.81971158 0.90246816
 0.98516423 1.06778614 1.15031939 1.23274763 1.31505207 1.39721151
 1.4792044  0.32182493 0.40473178 0.48769394 0.57067167 0.65363679
 0.73656906 0.81945332 0.90227731 0.98503    1.06770018 1.15027537
 1.23274072 1.31507839 1.39726734 1.47928507 0.23769242 0.32076503
 0.40390259 0.48705425 0.57018645 0.65327725 0.73631208 0.8192807
 0.90217501 0.98498745 1.06770971 1.15033165 1.23284032 1.31521917
 1.3974478  1.47950321 0.23635241 0.3197473  0.40314361 0.48650109
 0.56979664 0.65301754 0.73615689 0.81921074 0.9021761  0.98504952
 1.06782605 1.15049825 1.23305535 1.31548229 1.39775931 0.23504662
 0.31880817 0.40248619 0.48605964 0.56952143 0.65287151 0.73611289
 0.81924923 0.90228347 0.98521683 1.0680481  1.15077291 1.2333829
 1.3158649  1.39820006]"
327.2351182231758,445.0854532141935,0.16947066321376575,0.25123670120379943,0.0007699140674354178,0.003911137897505721,0.0006794795569991561,0.0038531383761544833,0.0019678331605650357,0.006402199137058806,104,"[1.10231321 1.10231321 1.10231321 1.10231321 1.10231321 1.1849867
 1.1849867  1.1849867  1.1849867  1.1849867  1.1849867  1.26766019
 1.26766019 1.26766019 1.26766019 1.26766019 1.26766019 1.26766019
 1.26766019 1.35033368 1.35033368 1.35033368 1.35033368 1.35033368
 1.35033368 1.35033368 1.35033368 1.35033368 1.35033368 1.43300718
 1.43300718 1.43300718 1.43300718 1.43300718 1.43300718 1.43300718
 1.43300718 1.43300718 1.43300718 1.51568067 1.51568067 1.51568067
 1.51568067 1.51568067 1.51568067 1.51568067 1.51568067 1.51568067
 1.51568067 1.51568067 1.51568067 1.59835416 1.59835416 1.59835416
 1.59835416 1.59835416 1.59835416 1.59835416 1.59835416 1.59835416
 1.59835416 1.59835416 1.59835416 1.59835416 1.68102765 1.68102765
 1.68102765 1.68102765 1.68102765 1.68102765 1.68102765 1.68102765
 1.68102765 1.68102765 1.68102765 1.68102765 1.68102765 1.68102765
 1.76370114 1.76370114 1.76370114 1.76370114 1.76370114 1.76370114
 1.76370114 1.76370114 1.76370114 1.76370114 1.76370114 1.76370114
 1.76370114 1.84637463 1.84637463 1.84637463 1.84637463 1.84637463
 1.84637463 1.84637463 1.84637463 1.84637463 1.84637463 1.84637463
 1.84637463 1.84637463]","[0.82673491 0.9094084  0.99208189 1.07475538 1.15742887 0.82673491
 0.9094084  0.99208189 1.07475538 1.15742887 1.24010236 0.74406142
 0.82673491 0.9094084  0.99208189 1.07475538 1.15742887 1.24010236
 1.32277585 0.66138793 0.74406142 0.82673491 0.9094084  0.99208189
 1.07475538 1.15742887 1.24010236 1.32277585 1.40544935 0.66138793
 0.74406142 0.82673491 0.9094084  0.99208189 1.07475538 1.15742887
 1.24010236 1.32277585 1.40544935 0.57871444 0.66138793 0.74406142
 0.82673491 0.9094084  0.99208189 1.07475538 1.15742887 1.24010236
 1.32277585 1.40544935 1.48812284 0.49604095 0.57871444 0.66138793
 0.74406142 0.82673491 0.9094084  0.99208189 1.07475538 1.15742887
 1.24010236 1.32277585 1.40544935 1.48812284 0.41336745 0.49604095
 0.57871444 0.66138793 0.74406142 0.82673491 0.9094084  0.99208189
 1.07475538 1.15742887 1.24010236 1.32277585 1.40544935 1.48812284
 0.41336745 0.49604095 0.57871444 0.66138793 0.74406142 0.82673491
 0.9094084  0.99208189 1.07475538 1.15742887 1.24010236 1.32277585
 1.40544935 0.33069396 0.41336745 0.49604095 0.57871444 0.66138793
 0.74406142 0.82673491 0.9094084  0.99208189 1.07475538 1.15742887
 1.24010236 1.32277585]","[1.10296802 1.10286858 1.10277989 1.10270979 1.1026659  1.18568939
 1.18559543 1.18551563 1.18545765 1.18542889 1.18543638 1.26851067
 1.26840873 1.26831652 1.26824195 1.26819243 1.26817503 1.26819634
 1.26826232 1.35133827 1.35122514 1.35111737 1.35102322 1.35095034
 1.35090582 1.35089632 1.35092796 1.35100608 1.35113458 1.43405017
 1.43392285 1.43380538 1.43370576 1.43363129 1.43358866 1.43358408
 1.43362315 1.43371058 1.4338495  1.51688839 1.51673603 1.51659001
 1.5164589  1.51635036 1.51627126 1.51622791 1.51622601 1.51627061
 1.51636578 1.51651385 1.51671385 1.59974023 1.59955657 1.59937643
 1.5992091  1.59906246 1.59894344 1.59885819 1.59881227 1.59881076
 1.59885818 1.59895818 1.59911293 1.59932165 1.68264639 1.68242372
 1.68220206 1.68199165 1.68180089 1.68163686 1.68150563 1.68141258
 1.68136256 1.68135992 1.68140851 1.68151132 1.68166982 1.68188244
 1.76534623 1.76507017 1.76480563 1.76456152 1.76434497 1.76416186
 1.76401725 1.76391556 1.76386079 1.76385654 1.76390598 1.76401152
 1.76417418 1.84834246 1.84799329 1.84765906 1.84734891 1.8470697
 1.8468268  1.8466246  1.84646684 1.84635686 1.84629771 1.84629218
 1.84634272 1.84645119]","[0.82416213 0.90677802 0.98937999 1.07195566 1.15449202 0.82387743
 0.90651009 0.98912267 1.071703   1.15423811 1.23671323 0.74094024
 0.82360809 0.90626131 0.98888816 1.07147689 1.15401476 1.23648704
 1.31887587 0.65795541 0.740665   0.82336455 0.90604233 0.98868737
 1.07128853 1.15383351 1.23630781 1.31869362 1.4009685  0.65766918
 0.74042342 0.82315897 0.9058653  0.98853246 1.07115013 1.15370666
 1.23618802 1.31857664 1.40085012 0.57460677 0.65742811 0.74023186
 0.82300763 0.90574636 0.98843938 1.07107741 1.15364967 1.23614281
 1.31853978 1.40081848 1.48295076 0.4914645  0.57436944 0.65725478
 0.74011026 0.82292787 0.90570067 0.98842174 1.07108331 1.15367582
 1.23618686 1.31859993 1.40089302 1.48303719 0.40817507 0.49118825
 0.57417584 0.65712766 0.7400368  0.8228981  0.90570698 0.98845852
 1.07114666 1.15376333 1.23629743 1.31873367 1.40105106 1.48322155
 0.40784908 0.49097252 0.57404695 0.65706746 0.74003142 0.82293713
 0.90578284 0.98856601 1.07128257 1.15392621 1.23648744 1.31895238
 1.40130129 0.32429176 0.40760285 0.49083939 0.57400063 0.65708833
 0.74010507 0.82305322 0.9059343  0.98874844 1.07149386 1.15416625
 1.23675799 1.31925699]"
313.55846000025497,204.68927307119847,0.17836701416703443,0.2551451390071717,0.0010047087843406428,0.007312435011204892,0.0008449827358517825,0.00715890657872153,0.0027007023964231713,0.012195547746881974,139,"[1.01963972 1.01963972 1.01963972 1.10231321 1.10231321 1.10231321
 1.10231321 1.10231321 1.10231321 1.10231321 1.10231321 1.10231321
 1.10231321 1.1849867  1.1849867  1.1849867  1.1849867  1.1849867
 1.1849867  1.1849867  1.1849867  1.1849867  1.1849867  1.1849867
 1.26766019 1.26766019 1.26766019 1.26766019 1.26766019 1.26766019
 1.26766019 1.26766019 1.26766019 1.26766019 1.26766019 1.26766019
 1.35033368 1.35033368 1.35033368 1.35033368 1.35033368 1.35033368
 1.35033368 1.35033368 1.35033368 1.35033368 1.35033368 1.35033368
 1.35033368 1.43300718 1.43300718 1.43300718 1.43300718 1.43300718
 1.43300718 1.43300718 1.43300718 1.43300718 1.43300718 1.43300718
 1.43300718 1.43300718 1.43300718 1.51568067 1.51568067 1.51568067
 1.51568067 1.51568067 1.51568067 1.51568067 1.51568067 1.51568067
 1.51568067 1.51568067 1.51568067 1.51568067 1.51568067 1.51568067
 1.59835416 1.59835416 1.59835416 1.59835416 1.59835416 1.59835416
 1.59835416 1.59835416 1.59835416 1.59835416 1.59835416 1.59835416
 1.59835416 1.59835416 1.59835416 1.68102765 1.68102765 1.68102765
 1.68102765 1.68102765 1.68102765 1.68102765 1.68102765 1.68102765
 1.68102765 1.68102765 1.68102765 1.68102765 1.68102765 1.68102765
 1.68102765 1.76370114 1.76370114 1.76370114 1.76370114 1.76370114
 1.76370114 1.76370114 1.76370114 1.76370114 1.76370114 1.76370114
 1.76370114 1.76370114 1.76370114 1.76370114 1.84637463 1.84637463
 1.84637463 1.84637463 1.84637463 1.84637463 1.84637463 1.84637463
 1.84637463 1.84637463 1.84637463 1.84637463 1.84637463 1.84637463
 1.84637463]","[0.99208189 1.07475538 1.15742887 0.49604095 0.57871444 0.66138793
 0.74406142 0.82673491 0.9094084  0.99208189 1.07475538 1.15742887
 1.24010236 0.49604095 0.57871444 0.66138793 0.74406142 0.82673491
 0.9094084  0.99208189 1.07475538 1.15742887 1.24010236 1.32277585
 0.41336745 0.49604095 0.57871444 0.66138793 0.74406142 0.82673491
 0.9094084  0.99208189 1.07475538 1.15742887 1.24010236 1.32277585
 0.41336745 0.49604095 0.57871444 0.66138793 0.74406142 0.82673491
 0.9094084  0.99208189 1.07475538 1.15742887 1.24010236 1.32277585
 1.40544935 0.33069396 0.41336745 0.49604095 0.57871444 0.66138793
 0.74406142 0.82673491 0.9094084  0.99208189 1.07475538 1.15742887
 1.24010236 1.32277585 1.40544935 0.33069396 0.41336745 0.49604095
 0.57871444 0.66138793 0.74406142 0.82673491 0.9094084  0.99208189
 1.07475538 1.15742887 1.24010236 1.32277585 1.40544935 1.48812284
 0.33069396 0.41336745 0.49604095 0.57871444 0.66138793 0.74406142
 0.82673491 0.9094084  0.99208189 1.07475538 1.15742887 1.24010236
 1.32277585 1.40544935 1.48812284 0.24802047 0.33069396 0.41336745
 0.49604095 0.57871444 0.66138793 0.74406142 0.82673491 0.9094084
 0.99208189 1.07475538 1.15742887 1.24010236 1.32277585 1.40544935
 1.48812284 0.24802047 0.33069396 0.41336745 0.49604095 0.57871444
 0.66138793 0.74406142 0.82673491 0.9094084  0.99208189 1.07475538
 1.15742887 1.24010236 1.32277585 1.40544935 0.24802047 0.33069396
 0.41336745 0.49604095 0.57871444 0.66138793 0.74406142 0.82673491
 0.9094084  0.99208189 1.07475538 1.15742887 1.24010236 1.32277585
 1.40544935]","[1.02009415 1.01999657 1.01991517 1.10334343 1.10329637 1.10322298
 1.10313146 1.10302991 1.10292619 1.10282782 1.10274186 1.10267481
 1.10263237 1.1860867  1.18603211 1.18595281 1.18585767 1.18575524
 1.18565362 1.18556037 1.18548246 1.18542616 1.18539674 1.18539801
 1.26888438 1.26884882 1.26878086 1.2686904  1.26858692 1.26847932
 1.26837581 1.26828394 1.2682105  1.26816143 1.26814155 1.26815402
 1.35167998 1.35162265 1.35153499 1.35142779 1.35131103 1.35119384
 1.35108448 1.35099034 1.35091796 1.35087293 1.35085958 1.35088044
 1.3509351  1.43453366 1.43448646 1.43439945 1.43428525 1.43415542
 1.43402031 1.43388915 1.43377007 1.43367026 1.43359592 1.43355223
 1.43354304 1.43357027 1.43363276 1.51738193 1.51729276 1.51716715
 1.51701887 1.51686005 1.51670122 1.51655155 1.51641895 1.51631032
 1.5162315  1.51618724 1.51618088 1.51621377 1.51628408 1.51638461
 1.60022124 1.60007821 1.59990472 1.59971539 1.5995225  1.59933635
 1.5991656  1.59901756 1.59889844 1.59881344 1.59876672 1.59876116
 1.59879782 1.59887483 1.59898539 1.68323067 1.68306423 1.68285769
 1.6826292  1.68239349 1.68216245 1.68194576 1.68175134 1.68158573
 1.68145441 1.68136187 1.68131161 1.68130595 1.68134543 1.68142776
 1.68154569 1.76615736 1.76590118 1.76561711 1.76532335 1.76503389
 1.76475954 1.76450874 1.76428825 1.76410354 1.76395911 1.7638586
 1.7638048  1.76379947 1.76384278 1.76393231 1.84907533 1.84870941
 1.84833427 1.84796639 1.84761761 1.84729663 1.84700998 1.84676271
 1.84655884 1.84640168 1.84629386 1.84623738 1.84623342 1.84628184
 1.84638027]","[0.9873842  1.06977921 1.15213971 0.4925659  0.57483107 0.65717585
 0.7395749  0.82200607 0.90444957 0.98688704 1.06930078 1.15167277
 1.23398388 0.49178658 0.57412356 0.65653171 0.73898561 0.82146325
 0.90394512 0.98641324 1.06885027 1.15123846 1.23355885 1.31579049
 0.40867204 0.49099923 0.57341774 0.65589753 0.73841331 0.82094354
 0.90346934 0.98597339 1.06843891 1.15084865 1.23318399 1.31542422
 0.40778028 0.49021174 0.57272271 0.65528312 0.73786834 0.82045774
 0.90303344 0.98557907 1.06807867 1.15051568 1.23287201 1.31512733
 1.39725892 0.32443557 0.40688452 0.48943497 0.57205005 0.65470054
 0.73736309 0.82001849 0.90265024 0.98524323 1.06778262 1.15025275
 1.23263628 1.31491336 1.3970616  0.32339568 0.40599866 0.48868394
 0.57141562 0.65416622 0.73691434 0.81964274 0.90233671 0.98498277
 1.06756745 1.15007629 1.23249288 1.31479808 1.39696982 1.47898452
 0.32236931 0.40514829 0.48798442 0.5708442  0.6537031  0.73654276
 0.81934879 0.90210908 0.98481241 1.06744726 1.15000074 1.2324576
 1.31479934 1.39700383 1.47904623 0.23843043 0.32133865 0.40431478
 0.48731664 0.57031518 0.65329026 0.7362276  0.81911642 0.90194773
 0.98471297 1.06740291 1.15000658 1.23251029 1.31489673 1.39714438
 1.47922821 0.23713328 0.32031353 0.40351422 0.48670033 0.56984995
 0.65294945 0.73599012 0.81896588 0.90187166 0.98470218 1.06745095
 1.15010931 1.23266546 1.31510349 1.39740259 0.23582492 0.31932
 0.40277175 0.48615791 0.56946765 0.65269647 0.73584304 0.81890719
 0.90188862 0.98478593 1.06759584 1.1503124  1.2329261  1.31542282
 1.39778281]"
441.52051166012086,197.08038300641294,0.14329738298537772,0.2353674546261794,0.0008146577239994693,0.007249339975215488,0.000696627178639531,0.007083008554734724,0.0019816659086433486,0.011116384924041378,145,"[1.01963972 1.01963972 1.01963972 1.10231321 1.10231321 1.10231321
 1.10231321 1.10231321 1.10231321 1.10231321 1.10231321 1.10231321
 1.10231321 1.10231321 1.1849867  1.1849867  1.1849867  1.1849867
 1.1849867  1.1849867  1.1849867  1.1849867  1.1849867  1.1849867
 1.1849867  1.1849867  1.1849867  1.26766019 1.26766019 1.26766019
 1.26766019 1.26766019 1.26766019 1.26766019 1.26766019 1.26766019
 1.26766019 1.26766019 1.26766019 1.26766019 1.35033368 1.35033368
 1.35033368 1.35033368 1.35033368 1.35033368 1.35033368 1.35033368
 1.35033368 1.35033368 1.35033368 1.35033368 1.35033368 1.35033368
 1.43300718 1.43300718 1.43300718 1.43300718 1.43300718 1.43300718
 1.43300718 1.43300718 1.43300718 1.43300718 1.43300718 1.43300718
 1.43300718 1.43300718 1.43300718 1.51568067 1.51568067 1.51568067
 1.51568067 1.51568067 1.51568067 1.51568067 1.51568067 1.51568067
 1.51568067 1.51568067 1.51568067 1.51568067 1.51568067 1.51568067
 1.59835416 1.59835416 1.59835416 1.59835416 1.59835416 1.59835416
 1.59835416 1.59835416 1.59835416 1.59835416 1.59835416 1.59835416
 1.59835416 1.59835416 1.59835416 1.59835416 1.68102765 1.68102765
 1.68102765 1.68102765 1.68102765 1.68102765 1.68102765 1.68102765
 1.68102765 1.68102765 1.68102765 1.68102765 1.68102765 1.68102765
 1.68102765 1.68102765 1.76370114 1.76370114 1.76370114 1.76370114
 1.76370114 1.76370114 1.76370114 1.76370114 1.76370114 1.76370114
 1.76370114 1.76370114 1.76370114 1.76370114 1.76370114 1.84637463
 1.84637463 1.84637463 1.84637463 1.84637463 1.84637463 1.84637463
 1.84637463 1.84637463 1.84637463 1.84637463 1.84637463 1.84637463
 1.84637463]","[0.99208189 1.07475538 1.15742887 0.41336745 0.49604095 0.57871444
 0.66138793 0.74406142 0.82673491 0.9094084  0.99208189 1.07475538
 1.15742887 1.24010236 0.33069396 0.41336745 0.49604095 0.57871444
 0.66138793 0.74406142 0.82673491 0.9094084  0.99208189 1.07475538
 1.15742887 1.24010236 1.32277585 0.33069396 0.41336745 0.49604095
 0.57871444 0.66138793 0.74406142 0.82673491 0.9094084  0.99208189
 1.07475538 1.15742887 1.24010236 1.32277585 0.33069396 0.41336745
 0.49604095 0.57871444 0.66138793 0.74406142 0.82673491 0.9094084
 0.99208189 1.07475538 1.15742887 1.24010236 1.32277585 1.40544935
 0.33069396 0.41336745 0.49604095 0.57871444 0.66138793 0.74406142
 0.82673491 0.9094084  0.99208189 1.07475538 1.15742887 1.24010236
 1.32277585 1.40544935 1.48812284 0.33069396 0.41336745 0.49604095
 0.57871444 0.66138793 0.74406142 0.82673491 0.9094084  0.99208189
 1.07475538 1.15742887 1.24010236 1.32277585 1.40544935 1.48812284
 0.24802047 0.33069396 0.41336745 0.49604095 0.57871444 0.66138793
 0.74406142 0.82673491 0.9094084  0.99208189 1.07475538 1.15742887
 1.24010236 1.32277585 1.40544935 1.48812284 0.24802047 0.33069396
 0.41336745 0.49604095 0.57871444 0.66138793 0.74406142 0.82673491
 0.9094084  0.99208189 1.07475538 1.15742887 1.24010236 1.32277585
 1.40544935 1.48812284 0.24802047 0.33069396 0.41336745 0.49604095
 0.57871444 0.66138793 0.74406142 0.82673491 0.9094084  0.99208189
 1.07475538 1.15742887 1.24010236 1.32277585 1.40544935 0.33069396
 0.41336745 0.49604095 0.57871444 0.66138793 0.74406142 0.82673491
 0.9094084  0.99208189 1.07475538 1.15742887 1.24010236 1.32277585
 1.40544935]","[1.02004097 1.01995947 1.01989102 1.10319209 1.10318124 1.10314257
 1.10308246 1.10300751 1.10292425 1.10283904 1.10275797 1.10268673
 1.10263059 1.10259413 1.18590296 1.1859197  1.18590258 1.18585833
 1.18579407 1.18571689 1.18563362 1.18555076 1.18547439 1.18541014
 1.18536303 1.18533731 1.18533603 1.268664   1.26866928 1.26864074
 1.26858619 1.26851345 1.26843004 1.26834306 1.26825906 1.26818411
 1.26812368 1.26808255 1.26806463 1.26807245 1.35144775 1.35143536
 1.35138977 1.35131982 1.35123401 1.35114024 1.35104578 1.35095722
 1.35088053 1.350821   1.35078316 1.35077054 1.35078522 1.35082691
 1.43424857 1.43421143 1.43414247 1.43405155 1.43394776 1.43383932
 1.43373359 1.43363711 1.43355573 1.43349449 1.43345766 1.43344842
 1.4334684  1.43351675 1.43358836 1.51705834 1.51698804 1.51688838
 1.51677012 1.51664284 1.51651494 1.51639381 1.51628594 1.51619698
 1.51613181 1.51609439 1.51608757 1.51611253 1.51616788 1.51624782
 1.59993383 1.59985879 1.59974551 1.59960738 1.59945587 1.59930076
 1.59915033 1.59901164 1.59889072 1.59879274 1.59872206 1.59868224
 1.59867579 1.59870378 1.59876492 1.598854   1.68279876 1.68266822
 1.68250484 1.68232279 1.68213374 1.68194729 1.68177138 1.6816126
 1.68147647 1.68136767 1.68129007 1.68124672 1.68123972 1.68126969
 1.68133493 1.68142972 1.7656828  1.76548106 1.76525523 1.76501975
 1.76478595 1.76456278 1.76435743 1.76417571 1.7640224  1.7639015
 1.76381625 1.76376919 1.76376196 1.76379491 1.7638662  1.84827785
 1.84797709 1.84767935 1.84739469 1.84713071 1.84689326 1.84668701
 1.84651571 1.84638243 1.84628971 1.84623944 1.84623282 1.84626992
 1.84634892]","[0.98728089 1.06964806 1.15198356 0.4105264  0.49265507 0.57488911
 0.65720082 0.73956623 0.82196434 0.90437628 0.98678448 1.06917188
 1.15152105 1.23381332 0.3275971  0.40967417 0.49188104 0.57418516
 0.65655875 0.73897794 0.82142201 0.90387243 0.98631207 1.06872421
 1.15109168 1.23339597 1.31561647 0.32663361 0.40880721 0.49110181
 0.57348444 0.6559272  0.73840653 0.82090219 0.90339633 0.98587242
 1.06831429 1.15070519 1.23302689 1.31525891 0.32564709 0.40793017
 0.49032379 0.5727944  0.65531427 0.73786053 0.82041386 0.90295733
 0.98547524 1.06795218 1.15037197 1.23271679 1.31496644 1.39709807
 0.32464218 0.40705038 0.48955568 0.57212448 0.65472995 0.73735041
 0.81996783 0.90256649 0.98513182 1.06764932 1.15010363 1.2324775
 1.31475112 1.39690178 1.47890506 0.32362829 0.40617923 0.48881011
 0.57148836 0.65418874 0.73689129 0.81957965 0.90223966 0.9848581
 1.06742166 1.14991595 1.23232453 1.31462813 1.3968043  1.47882847
 0.24001377 0.32262762 0.40534046 0.4881112  0.57090942 0.65371241
 0.73650282 0.81926677 0.90199231 0.9846682  1.06728284 1.14982319
 1.23227381 1.31461595 1.39682691 1.47888072 0.23879003 0.32161398
 0.40450694 0.48743096 0.5703593  0.6532729  0.7361578  0.81900312
 0.90179955 0.98453814 1.06720925 1.14980154 1.232301   1.31468994
 1.39694629 1.47904402 0.23752029 0.32059049 0.40368965 0.48678558
 0.5698573  0.65289108 0.73587754 0.81880975 0.90168173 0.98448737
 1.06721945 1.14986872 1.23242288 1.31486557 1.39717545 0.31957758
 0.40290961 0.48619486 0.56942124 0.65258245 0.73567528 0.81869781
 0.90164818 0.98452373 1.06732012 1.15003059 1.232645   1.31514871
 1.39752149]"
365.002642710137,269.3371303954275,0.16437017417063451,0.23410373860098563,0.0008460908169059774,0.005789676029114739,0.0007289178065772898,0.005687125981830874,0.002333877366725412,0.009686399689996683,124,"[1.10231321 1.10231321 1.10231321 1.10231321 1.10231321 1.10231321
 1.10231321 1.10231321 1.10231321 1.1849867  1.1849867  1.1849867
 1.1849867  1.1849867  1.1849867  1.1849867  1.1849867  1.1849867
 1.26766019 1.26766019 1.26766019 1.26766019 1.26766019 1.26766019
 1.26766019 1.26766019 1.26766019 1.26766019 1.26766019 1.35033368
 1.35033368 1.35033368 1.35033368 1.35033368 1.35033368 1.35033368
 1.35033368 1.35033368 1.35033368 1.35033368 1.35033368 1.43300718
 1.43300718 1.43300718 1.43300718 1.43300718 1.43300718 1.43300718
 1.43300718 1.43300718 1.43300718 1.43300718 1.43300718 1.51568067
 1.51568067 1.51568067 1.51568067 1.51568067 1.51568067 1.51568067
 1.51568067 1.51568067 1.51568067 1.51568067 1.51568067 1.51568067
 1.51568067 1.59835416 1.59835416 1.59835416 1.59835416 1.59835416
 1.59835416 1.59835416 1.59835416 1.59835416 1.59835416 1.59835416
 1.59835416 1.59835416 1.59835416 1.68102765 1.68102765 1.68102765
 1.68102765 1.68102765 1.68102765 1.68102765 1.68102765 1.68102765
 1.68102765 1.68102765 1.68102765 1.68102765 1.68102765 1.68102765
 1.76370114 1.76370114 1.76370114 1.76370114 1.76370114 1.76370114
 1.76370114 1.76370114 1.76370114 1.76370114 1.76370114 1.76370114
 1.76370114 1.76370114 1.84637463 1.84637463 1.84637463 1.84637463
 1.84637463 1.84637463 1.84637463 1.84637463 1.84637463 1.84637463
 1.84637463 1.84637463 1.84637463 1.84637463]","[0.57871444 0.66138793 0.74406142 0.82673491 0.9094084  0.99208189
 1.07475538 1.15742887 1.24010236 0.57871444 0.66138793 0.74406142
 0.82673491 0.9094084  0.99208189 1.07475538 1.15742887 1.24010236
 0.49604095 0.57871444 0.66138793 0.74406142 0.82673491 0.9094084
 0.99208189 1.07475538 1.15742887 1.24010236 1.32277585 0.49604095
 0.57871444 0.66138793 0.74406142 0.82673491 0.9094084  0.99208189
 1.07475538 1.15742887 1.24010236 1.32277585 1.40544935 0.49604095
 0.57871444 0.66138793 0.74406142 0.82673491 0.9094084  0.99208189
 1.07475538 1.15742887 1.24010236 1.32277585 1.40544935 0.41336745
 0.49604095 0.57871444 0.66138793 0.74406142 0.82673491 0.9094084
 0.99208189 1.07475538 1.15742887 1.24010236 1.32277585 1.40544935
 1.48812284 0.41336745 0.49604095 0.57871444 0.66138793 0.74406142
 0.82673491 0.9094084  0.99208189 1.07475538 1.15742887 1.24010236
 1.32277585 1.40544935 1.48812284 0.33069396 0.41336745 0.49604095
 0.57871444 0.66138793 0.74406142 0.82673491 0.9094084  0.99208189
 1.07475538 1.15742887 1.24010236 1.32277585 1.40544935 1.48812284
 0.33069396 0.41336745 0.49604095 0.57871444 0.66138793 0.74406142
 0.82673491 0.9094084  0.99208189 1.07475538 1.15742887 1.24010236
 1.32277585 1.40544935 0.24802047 0.33069396 0.41336745 0.49604095
 0.57871444 0.66138793 0.74406142 0.82673491 0.9094084  0.99208189
 1.07475538 1.15742887 1.24010236 1.32277585]","[1.10321498 1.10314324 1.10305616 1.10296156 1.10286696 1.10277957
 1.10270623 1.10265345 1.1026272  1.18593806 1.18586168 1.18577252
 1.18567866 1.18558775 1.18550696 1.18544303 1.18540222 1.18539012
 1.26873967 1.26867278 1.26858717 1.26849172 1.2683947  1.26830379
 1.26822608 1.26816812 1.26813584 1.26813446 1.26816804 1.35149586
 1.35141176 1.35131206 1.35120597 1.35110185 1.35100731 1.35092928
 1.35087404 1.35084721 1.35085355 1.35089659 1.35097773 1.43425325
 1.4341461  1.43402725 1.43390607 1.43379091 1.43368922 1.4336077
 1.43355231 1.4335283  1.43353997 1.43359033 1.43368008 1.51711901
 1.51700005 1.5168634  1.51671985 1.51657882 1.51644851 1.51633616
 1.51624818 1.5161902  1.51616709 1.5161827  1.51623947 1.51633747
 1.5164726  1.5998759  1.5997152  1.59954326 1.59937084 1.59920699
 1.59905942 1.59893477 1.5988388  1.59877655 1.59875233 1.59876956
 1.59883043 1.59893497 1.59907951 1.68281737 1.68262589 1.6824182
 1.68220698 1.6820025  1.68181321 1.68164614 1.68150722 1.68140158
 1.6813336  1.681307   1.68132464 1.68138816 1.6814971  1.68164718
 1.76561345 1.76535565 1.76509247 1.76483575 1.76459475 1.76437683
 1.764188   1.76403329 1.76391695 1.76384263 1.76381338 1.76383151
 1.76389823 1.76401285 1.84870851 1.84837836 1.84804362 1.8477179
 1.84741117 1.84713087 1.84688278 1.84667148 1.84650077 1.84637388
 1.84629358 1.84626218 1.84628143 1.84635214]","[0.5755501  0.65799061 0.74047315 0.82297888 0.90549105 0.98799415
 1.07047305 1.15291209 1.23529417 0.57499801 0.6574899  0.74001595
 0.82255762 0.90509854 0.9876236  1.07011797 1.15256618 1.23495118
 0.49194526 0.57444867 0.65699859 0.73957381 0.82215639 0.90473064
 0.98728206 1.06979632 1.15225834 1.23465125 1.31695544 0.49133155
 0.57391091 0.65652596 0.73915633 0.8217851  0.90439755 0.98698003
 1.06951893 1.15199971 1.23440589 1.31671806 1.39891312 0.49073151
 0.57339586 0.65608335 0.73877507 0.82145547 0.9041111  0.98672942
 1.06929779 1.15180243 1.23422741 1.3165537  1.39875834 0.40743191
 0.49015999 0.57291885 0.65568652 0.73844601 0.8211836  0.90388743
 0.98654634 1.06914886 1.15168218 1.23413119 1.31647743 1.39869826
 1.48076693 0.40679229 0.48964282 0.57250436 0.65535787 0.73818918
 0.82098709 0.90374201 0.98644475 1.06908548 1.15165278 1.23413253
 1.31650686 1.3987531  1.48084346 0.3232024  0.40617494 0.48915778
 0.572129   0.65507359 0.73798092 0.82084288 0.90365249 0.98640278
 1.06908587 1.15169197 1.23420841 1.31661848 1.39890039 1.48102674
 0.32244421 0.40559567 0.48872393 0.57181347 0.65485485 0.73784211
 0.82077101 0.9036378  0.98643823 1.0691667  1.15181543 1.23437345
 1.3168255  1.39915079 0.23833407 0.32173172 0.40507952 0.48836312
 0.57157623 0.65471688 0.73778505 0.82078127 0.90370561 0.98655701
 1.06933255 1.15202675 1.23463073 1.31713103]"
213.60400461073988,265.13967769837035,0.1783857834075418,0.27227293484105747,0.0011381910918482922,0.006197271371179487,0.0009575544774657452,0.00607069597229448,0.003152535402747736,0.010917808282847108,125,"[1.01963972 1.01963972 1.10231321 1.10231321 1.10231321 1.10231321
 1.10231321 1.10231321 1.10231321 1.10231321 1.1849867  1.1849867
 1.1849867  1.1849867  1.1849867  1.1849867  1.1849867  1.1849867
 1.26766019 1.26766019 1.26766019 1.26766019 1.26766019 1.26766019
 1.26766019 1.26766019 1.26766019 1.26766019 1.35033368 1.35033368
 1.35033368 1.35033368 1.35033368 1.35033368 1.35033368 1.35033368
 1.35033368 1.35033368 1.35033368 1.35033368 1.43300718 1.43300718
 1.43300718 1.43300718 1.43300718 1.43300718 1.43300718 1.43300718
 1.43300718 1.43300718 1.43300718 1.43300718 1.51568067 1.51568067
 1.51568067 1.51568067 1.51568067 1.51568067 1.51568067 1.51568067
 1.51568067 1.51568067 1.51568067 1.51568067 1.51568067 1.51568067
 1.59835416 1.59835416 1.59835416 1.59835416 1.59835416 1.59835416
 1.59835416 1.59835416 1.59835416 1.59835416 1.59835416 1.59835416
 1.59835416 1.59835416 1.68102765 1.68102765 1.68102765 1.68102765
 1.68102765 1.68102765 1.68102765 1.68102765 1.68102765 1.68102765
 1.68102765 1.68102765 1.68102765 1.68102765 1.68102765 1.76370114
 1.76370114 1.76370114 1.76370114 1.76370114 1.76370114 1.76370114
 1.76370114 1.76370114 1.76370114 1.76370114 1.76370114 1.76370114
 1.76370114 1.76370114 1.84637463 1.84637463 1.84637463 1.84637463
 1.84637463 1.84637463 1.84637463 1.84637463 1.84637463 1.84637463
 1.84637463 1.84637463 1.84637463 1.84637463 1.84637463]","[1.07475538 1.15742887 0.66138793 0.74406142 0.82673491 0.9094084
 0.99208189 1.07475538 1.15742887 1.24010236 0.66138793 0.74406142
 0.82673491 0.9094084  0.99208189 1.07475538 1.15742887 1.24010236
 0.57871444 0.66138793 0.74406142 0.82673491 0.9094084  0.99208189
 1.07475538 1.15742887 1.24010236 1.32277585 0.49604095 0.57871444
 0.66138793 0.74406142 0.82673491 0.9094084  0.99208189 1.07475538
 1.15742887 1.24010236 1.32277585 1.40544935 0.49604095 0.57871444
 0.66138793 0.74406142 0.82673491 0.9094084  0.99208189 1.07475538
 1.15742887 1.24010236 1.32277585 1.40544935 0.41336745 0.49604095
 0.57871444 0.66138793 0.74406142 0.82673491 0.9094084  0.99208189
 1.07475538 1.15742887 1.24010236 1.32277585 1.40544935 1.48812284
 0.41336745 0.49604095 0.57871444 0.66138793 0.74406142 0.82673491
 0.9094084  0.99208189 1.07475538 1.15742887 1.24010236 1.32277585
 1.40544935 1.48812284 0.33069396 0.41336745 0.49604095 0.57871444
 0.66138793 0.74406142 0.82673491 0.9094084  0.99208189 1.07475538
 1.15742887 1.24010236 1.32277585 1.40544935 1.48812284 0.24802047
 0.33069396 0.41336745 0.49604095 0.57871444 0.66138793 0.74406142
 0.82673491 0.9094084  0.99208189 1.07475538 1.15742887 1.24010236
 1.32277585 1.40544935 0.24802047 0.33069396 0.41336745 0.49604095
 0.57871444 0.66138793 0.74406142 0.82673491 0.9094084  0.99208189
 1.07475538 1.15742887 1.24010236 1.32277585 1.40544935]","[1.02002326 1.0199346  1.10336768 1.10325414 1.10313029 1.10300608
 1.10289104 1.10279422 1.10272413 1.1026885  1.1861187  1.18600033
 1.18587532 1.18575396 1.18564584 1.18555993 1.18550444 1.18548661
 1.2689911  1.26887623 1.2687477  1.2686168  1.26849392 1.2683886
 1.26830953 1.26826452 1.2682602  1.26830153 1.35187911 1.3517654
 1.35163005 1.35148579 1.35134408 1.35121526 1.35110863 1.35103247
 1.35099406 1.35099939 1.35105253 1.35115444 1.43467697 1.43453067
 1.43436823 1.43420265 1.43404535 1.43390639 1.43379464 1.43371788
 1.43368277 1.43369457 1.43375654 1.43386862 1.51762184 1.51745894
 1.51727178 1.51707551 1.51688307 1.51670557 1.51655257 1.5164324
 1.5163522  1.51631796 1.51633422 1.51640343 1.51652461 1.5166909
 1.6004227  1.60020231 1.59996701 1.59973176 1.59950888 1.59930864
 1.59913968 1.59900934 1.59892387 1.59888842 1.59890684 1.59898102
 1.59910971 1.59928615 1.68346616 1.68320168 1.68291622 1.68262753
 1.68234962 1.68209363 1.68186861 1.68168202 1.68154011 1.68144812
 1.68141031 1.68142972 1.68150759 1.68164213 1.68182615 1.76662479
 1.76629551 1.76594033 1.76558077 1.76523286 1.76490867 1.76461743
 1.76436644 1.76416162 1.76400787 1.76390929 1.76386918 1.76388983
 1.76397193 1.76411351 1.84952717 1.84907082 1.84861368 1.84817385
 1.84776382 1.84739246 1.84706627 1.84679024 1.84656838 1.84640403
 1.84630002 1.84625864 1.84628143 1.84636868 1.84651838]","[1.07074646 1.15319423 0.6577305  0.74023923 0.82277232 0.90531077
 0.9878371  1.07033443 1.15278548 1.23517166 0.65718369 0.73974093
 0.82231379 0.90488351 0.98743293 1.06994544 1.15240399 1.23479011
 0.57406021 0.65664616 0.73925885 0.82187734 0.90448353 0.98706091
 1.06959349 1.15206468 1.23445634 1.31674788 0.49084792 0.5734697
 0.65613043 0.73880591 0.82147627 0.9041245  0.98673514 1.06929308
 1.15178252 1.23418587 1.31648296 1.39865058 0.4901859  0.57290692
 0.65565157 0.73839722 0.82112567 0.90382149 0.98647065 1.0690593
 1.15157266 1.23399398 1.31630369 1.39847899 0.40675929 0.48955905
 0.57239109 0.65522867 0.7380516  0.82084402 0.9035926  0.98628518
 1.06890949 1.15145207 1.23389726 1.31622631 1.3984169  1.48044411
 0.40605024 0.48899608 0.57194901 0.65488605 0.73779065 0.82065026
 0.90345449 0.98619368 1.0688577  1.15143482 1.2339107  1.3162674
 1.39848279 1.48053111 0.32228367 0.4053837  0.48848788 0.57156945
 0.65461095 0.73760067 0.82053025 0.9033928  0.9861816  1.06888898
 1.15150528 1.23401786 1.31641009 1.39866065 1.48074382 0.2381427
 0.32146736 0.4047829  0.48805815 0.57127538 0.65442489 0.73750142
 0.82050183 0.9034235  0.98626319 1.06901611 1.15167498 1.23422915
 1.31666353 1.39895771 0.23710266 0.32072988 0.40427771 0.48773115
 0.57108568 0.65434203 0.73750302 0.82057182 0.90355073 0.98644046
 1.06923944 1.15194309 1.23454303 1.31702609 1.39937312]"
417.2151033369334,266.24347047468154,0.19211024268196117,0.2349691182380496,0.0007609760402412483,0.005737822185709953,0.000660995550565632,0.005648438484530557,0.0018441123781625102,0.008827616561762397,125,"[1.10231321 1.10231321 1.10231321 1.10231321 1.10231321 1.10231321
 1.10231321 1.10231321 1.10231321 1.1849867  1.1849867  1.1849867
 1.1849867  1.1849867  1.1849867  1.1849867  1.1849867  1.1849867
 1.26766019 1.26766019 1.26766019 1.26766019 1.26766019 1.26766019
 1.26766019 1.26766019 1.26766019 1.26766019 1.26766019 1.35033368
 1.35033368 1.35033368 1.35033368 1.35033368 1.35033368 1.35033368
 1.35033368 1.35033368 1.35033368 1.35033368 1.35033368 1.43300718
 1.43300718 1.43300718 1.43300718 1.43300718 1.43300718 1.43300718
 1.43300718 1.43300718 1.43300718 1.43300718 1.43300718 1.43300718
 1.51568067 1.51568067 1.51568067 1.51568067 1.51568067 1.51568067
 1.51568067 1.51568067 1.51568067 1.51568067 1.51568067 1.51568067
 1.51568067 1.51568067 1.59835416 1.59835416 1.59835416 1.59835416
 1.59835416 1.59835416 1.59835416 1.59835416 1.59835416 1.59835416
 1.59835416 1.59835416 1.59835416 1.59835416 1.68102765 1.68102765
 1.68102765 1.68102765 1.68102765 1.68102765 1.68102765 1.68102765
 1.68102765 1.68102765 1.68102765 1.68102765 1.68102765 1.68102765
 1.68102765 1.76370114 1.76370114 1.76370114 1.76370114 1.76370114
 1.76370114 1.76370114 1.76370114 1.76370114 1.76370114 1.76370114
 1.76370114 1.76370114 1.76370114 1.84637463 1.84637463 1.84637463
 1.84637463 1.84637463 1.84637463 1.84637463 1.84637463 1.84637463
 1.84637463 1.84637463 1.84637463 1.84637463 1.84637463]","[0.57871444 0.66138793 0.74406142 0.82673491 0.9094084  0.99208189
 1.07475538 1.15742887 1.24010236 0.57871444 0.66138793 0.74406142
 0.82673491 0.9094084  0.99208189 1.07475538 1.15742887 1.24010236
 0.49604095 0.57871444 0.66138793 0.74406142 0.82673491 0.9094084
 0.99208189 1.07475538 1.15742887 1.24010236 1.32277585 0.49604095
 0.57871444 0.66138793 0.74406142 0.82673491 0.9094084  0.99208189
 1.07475538 1.15742887 1.24010236 1.32277585 1.40544935 0.41336745
 0.49604095 0.57871444 0.66138793 0.74406142 0.82673491 0.9094084
 0.99208189 1.07475538 1.15742887 1.24010236 1.32277585 1.40544935
 0.41336745 0.49604095 0.57871444 0.66138793 0.74406142 0.82673491
 0.9094084  0.99208189 1.07475538 1.15742887 1.24010236 1.32277585
 1.40544935 1.48812284 0.41336745 0.49604095 0.57871444 0.66138793
 0.74406142 0.82673491 0.9094084  0.99208189 1.07475538 1.15742887
 1.24010236 1.32277585 1.40544935 1.48812284 0.33069396 0.41336745
 0.49604095 0.57871444 0.66138793 0.74406142 0.82673491 0.9094084
 0.99208189 1.07475538 1.15742887 1.24010236 1.32277585 1.40544935
 1.48812284 0.33069396 0.41336745 0.49604095 0.57871444 0.66138793
 0.74406142 0.82673491 0.9094084  0.99208189 1.07475538 1.15742887
 1.24010236 1.32277585 1.40544935 0.33069396 0.41336745 0.49604095
 0.57871444 0.66138793 0.74406142 0.82673491 0.9094084  0.99208189
 1.07475538 1.15742887 1.24010236 1.32277585 1.40544935]","[1.10315591 1.10308957 1.10300908 1.10292165 1.10283419 1.10275334
 1.1026854  1.10263636 1.10261171 1.18587164 1.1858013  1.18571921
 1.18563277 1.18554899 1.18547446 1.18541538 1.18537749 1.18536597
 1.26866009 1.26859869 1.2685201  1.26843246 1.26834332 1.26825973
 1.26818818 1.26813468 1.26810473 1.26810312 1.26813363 1.35140719
 1.35133018 1.35123885 1.3511416  1.35104607 1.35095923 1.35088746
 1.35083652 1.35081162 1.35081716 1.35085644 1.35093083 1.43423346
 1.43415583 1.43405785 1.43394906 1.43383803 1.4337324  1.433639
 1.433564   1.43351293 1.43349063 1.43350113 1.43354726 1.43362978
 1.51700355 1.51689487 1.51676986 1.51663838 1.51650901 1.51638932
 1.51628597 1.5162049  1.51615138 1.51612992 1.51614416 1.51619643
 1.51628689 1.51641191 1.59975052 1.59960358 1.59944614 1.59928803
 1.59913756 1.59900185 1.59888702 1.59879847 1.59874088 1.5987183
 1.59873399 1.59879009 1.59888681 1.59902101 1.68266843 1.68249374
 1.68230386 1.68211034 1.68192264 1.68174855 1.6815946  1.68146635
 1.6813686  1.68130549 1.68128054 1.68129649 1.68135498 1.68145573
 1.68159497 1.76545665 1.76522112 1.76498003 1.76474426 1.7645224
 1.76432134 1.76414676 1.76400339 1.76389531 1.76382598 1.76379834
 1.76381463 1.76387608 1.7639822  1.84821874 1.84791205 1.84761265
 1.84732988 1.84707079 1.8468409  1.84664464 1.8464857  1.84636721
 1.84629187 1.84626193 1.84627913 1.84634431 1.84645685]","[0.57558617 0.65801609 0.74048772 0.8229827  0.90548469 0.98797854
 1.07044943 1.15288197 1.23525934 0.57503832 0.65751891 0.74003353
 0.82256418 0.90509494 0.98761102 1.07009794 1.1525405  1.23492191
 0.49200226 0.5744938  0.65703134 0.73959435 0.82216546 0.9047294
 0.98727202 1.06977929 1.15223639 1.2346267  1.31693082 0.49139517
 0.57396079 0.65656198 0.73917909 0.82179573 0.90439758 0.98697129
 1.06950354 1.15198    1.2343844  1.3166975  1.39889628 0.40819981
 0.4908014  0.57344959 0.6561214  0.73879855 0.82146599 0.9041106
 0.98672009 1.06928203 1.15178281 1.23420668 1.3165347  1.39874397
 0.40752617 0.49023488 0.57297473 0.65572461 0.73846809 0.82119181
 0.90388416 0.98653414 1.06913039 1.15166022 1.23410862 1.3164572
 1.39868333 1.48076001 0.40689398 0.48972084 0.57256016 0.6553936
 0.73820735 0.82099047 0.90373344 0.98642714 1.06906177 1.15162594
 1.23410557 1.31648282 1.39873497 1.4808339  0.32333759 0.40627961
 0.48923398 0.57217959 0.65510184 0.73799024 0.82083666 0.90363404
 0.98637535 1.06905261 1.15165599 1.2341728  1.31658632 1.39887471
 1.48101032 0.32258303 0.40569706 0.48879212 0.57185301 0.65487025
 0.73783766 0.82075072 0.9036054  0.98639721 1.06912034 1.15176688
 1.23432579 1.31678175 1.39911392 0.32186635 0.40516997 0.48841627
 0.57159849 0.65471401 0.73776218 0.82074292 0.90365582 0.98649938
 1.06927037 1.15196311 1.23456856 1.31707321 1.39945765]"
238.89467790748785,362.85085622685887,0.16776154526936235,0.21017067630264477,0.000988238166689576,0.0047929781817096714,0.0008483128004671103,0.004701708779327666,0.002836361163643053,0.00870757027480934,110,"[1.10231321 1.10231321 1.10231321 1.10231321 1.10231321 1.10231321
 1.1849867  1.1849867  1.1849867  1.1849867  1.1849867  1.1849867
 1.1849867  1.26766019 1.26766019 1.26766019 1.26766019 1.26766019
 1.26766019 1.26766019 1.26766019 1.26766019 1.35033368 1.35033368
 1.35033368 1.35033368 1.35033368 1.35033368 1.35033368 1.35033368
 1.35033368 1.35033368 1.43300718 1.43300718 1.43300718 1.43300718
 1.43300718 1.43300718 1.43300718 1.43300718 1.43300718 1.43300718
 1.43300718 1.51568067 1.51568067 1.51568067 1.51568067 1.51568067
 1.51568067 1.51568067 1.51568067 1.51568067 1.51568067 1.51568067
 1.51568067 1.51568067 1.59835416 1.59835416 1.59835416 1.59835416
 1.59835416 1.59835416 1.59835416 1.59835416 1.59835416 1.59835416
 1.59835416 1.59835416 1.59835416 1.68102765 1.68102765 1.68102765
 1.68102765 1.68102765 1.68102765 1.68102765 1.68102765 1.68102765
 1.68102765 1.68102765 1.68102765 1.68102765 1.76370114 1.76370114
 1.76370114 1.76370114 1.76370114 1.76370114 1.76370114 1.76370114
 1.76370114 1.76370114 1.76370114 1.76370114 1.76370114 1.76370114
 1.84637463 1.84637463 1.84637463 1.84637463 1.84637463 1.84637463
 1.84637463 1.84637463 1.84637463 1.84637463 1.84637463 1.84637463
 1.84637463 1.84637463]","[0.82673491 0.9094084  0.99208189 1.07475538 1.15742887 1.24010236
 0.74406142 0.82673491 0.9094084  0.99208189 1.07475538 1.15742887
 1.24010236 0.66138793 0.74406142 0.82673491 0.9094084  0.99208189
 1.07475538 1.15742887 1.24010236 1.32277585 0.66138793 0.74406142
 0.82673491 0.9094084  0.99208189 1.07475538 1.15742887 1.24010236
 1.32277585 1.40544935 0.57871444 0.66138793 0.74406142 0.82673491
 0.9094084  0.99208189 1.07475538 1.15742887 1.24010236 1.32277585
 1.40544935 0.49604095 0.57871444 0.66138793 0.74406142 0.82673491
 0.9094084  0.99208189 1.07475538 1.15742887 1.24010236 1.32277585
 1.40544935 1.48812284 0.49604095 0.57871444 0.66138793 0.74406142
 0.82673491 0.9094084  0.99208189 1.07475538 1.15742887 1.24010236
 1.32277585 1.40544935 1.48812284 0.41336745 0.49604095 0.57871444
 0.66138793 0.74406142 0.82673491 0.9094084  0.99208189 1.07475538
 1.15742887 1.24010236 1.32277585 1.40544935 0.33069396 0.41336745
 0.49604095 0.57871444 0.66138793 0.74406142 0.82673491 0.9094084
 0.99208189 1.07475538 1.15742887 1.24010236 1.32277585 1.40544935
 0.24802047 0.33069396 0.41336745 0.49604095 0.57871444 0.66138793
 0.74406142 0.82673491 0.9094084  0.99208189 1.07475538 1.15742887
 1.24010236 1.32277585]","[1.10307334 1.10295619 1.10285029 1.10276467 1.10270796 1.10268839
 1.1859296  1.18581116 1.18569863 1.1856014  1.18552836 1.18548787
 1.1854877  1.26879043 1.2686679  1.26854562 1.26843358 1.26834102
 1.26827655 1.26824813 1.26826296 1.26832708 1.35153286 1.35139714
 1.35126649 1.35115076 1.3510589  1.35099911 1.35097886 1.35100471
 1.35108191 1.35121343 1.43441353 1.43425974 1.43410577 1.43396233
 1.43383893 1.4337441  1.43368552 1.43367007 1.43370362 1.43379064
 1.43393311 1.51731796 1.5171398  1.51695612 1.51677885 1.51661832
 1.51648354 1.51638249 1.51632225 1.51630906 1.5163481  1.51644302
 1.51659488 1.51680002 1.60004106 1.59981999 1.59960201 1.59939837
 1.59921853 1.59907059 1.5989616  1.59889778 1.59888454 1.5989264
 1.59902645 1.59918545 1.59939976 1.68300384 1.68273541 1.6824673
 1.68221205 1.68197977 1.68177876 1.68161603 1.68149761 1.68142876
 1.68141406 1.68145719 1.68156055 1.68172422 1.76604894 1.76571549
 1.76538169 1.76506161 1.76476597 1.76450311 1.76427976 1.76410152
 1.7639732  1.763899   1.76388256 1.7639268  1.76403351 1.76420242
 1.84921099 1.84878494 1.84836221 1.84795831 1.84758413 1.84724753
 1.84695443 1.84670953 1.84651675 1.84637948 1.84630075 1.84628324
 1.84632909 1.84643956]","[0.82364238 0.90624172 0.98882627 1.07138152 1.15389241 1.23634228
 0.74066086 0.82328987 0.90591131 0.98851062 1.07107352 1.15358505
 1.2360285  0.65762803 0.74029217 0.82295582 0.90560375 0.98822201
 1.07079681 1.15331354 1.23575568 1.31810374 0.65723563 0.73994927
 0.82265274 0.90533187 0.98797361 1.07056497 1.15309191 1.23553835
 1.31788502 1.40010858 0.57410242 0.65687736 0.73964648 0.82239489
 0.90510985 0.98777959 1.07039219 1.15293447 1.23539101 1.31774298
 1.39996728 0.49086904 0.5737219  0.6565716  0.73940189 0.82220002
 0.90495513 0.98765707 1.07029525 1.15285766 1.23532975 1.31769341
 1.39992599 1.48200008 0.49046241 0.57341312 0.6563421  0.73923647
 0.82208644 0.90488374 0.9876204  1.0702877  1.15287511 1.23536926
 1.3177528  1.40000325 1.48209255 0.40702644 0.490109   0.57316242
 0.65617369 0.73913423 0.82203784 0.90487927 0.98765307 1.07035263
 1.15296924 1.23549108 1.31790207 1.40018074 0.32334674 0.40661245
 0.48983162 0.57299201 0.65608737 0.73911459 0.82207194 0.90495775
 0.98776951 1.07050308 1.15315186 1.23570583 1.31815046 1.40046542
 0.2393129  0.32284533 0.40629507 0.48965364 0.57292004 0.65609675
 0.7391874  0.82219545 0.90512335 0.98797187 1.07073962 1.15342235
 1.23601214 1.31849634]"
346.2923466470205,247.09285171944265,0.15471796898749302,0.22046132038599375,0.0008917748419559618,0.006241029670077486,0.0007633837154116209,0.006129839839421697,0.0024495276584468595,0.010419804014901224,127,"[1.01963972 1.10231321 1.10231321 1.10231321 1.10231321 1.10231321
 1.10231321 1.10231321 1.10231321 1.10231321 1.1849867  1.1849867
 1.1849867  1.1849867  1.1849867  1.1849867  1.1849867  1.1849867
 1.1849867  1.26766019 1.26766019 1.26766019 1.26766019 1.26766019
 1.26766019 1.26766019 1.26766019 1.26766019 1.26766019 1.26766019
 1.35033368 1.35033368 1.35033368 1.35033368 1.35033368 1.35033368
 1.35033368 1.35033368 1.35033368 1.35033368 1.35033368 1.35033368
 1.43300718 1.43300718 1.43300718 1.43300718 1.43300718 1.43300718
 1.43300718 1.43300718 1.43300718 1.43300718 1.43300718 1.43300718
 1.43300718 1.51568067 1.51568067 1.51568067 1.51568067 1.51568067
 1.51568067 1.51568067 1.51568067 1.51568067 1.51568067 1.51568067
 1.51568067 1.51568067 1.51568067 1.59835416 1.59835416 1.59835416
 1.59835416 1.59835416 1.59835416 1.59835416 1.59835416 1.59835416
 1.59835416 1.59835416 1.59835416 1.59835416 1.59835416 1.59835416
 1.68102765 1.68102765 1.68102765 1.68102765 1.68102765 1.68102765
 1.68102765 1.68102765 1.68102765 1.68102765 1.68102765 1.68102765
 1.68102765 1.68102765 1.68102765 1.76370114 1.76370114 1.76370114
 1.76370114 1.76370114 1.76370114 1.76370114 1.76370114 1.76370114
 1.76370114 1.76370114 1.76370114 1.76370114 1.76370114 1.84637463
 1.84637463 1.84637463 1.84637463 1.84637463 1.84637463 1.84637463
 1.84637463 1.84637463 1.84637463 1.84637463 1.84637463 1.84637463
 1.84637463]","[1.15742887 0.57871444 0.66138793 0.74406142 0.82673491 0.9094084
 0.99208189 1.07475538 1.15742887 1.24010236 0.57871444 0.66138793
 0.74406142 0.82673491 0.9094084  0.99208189 1.07475538 1.15742887
 1.24010236 0.49604095 0.57871444 0.66138793 0.74406142 0.82673491
 0.9094084  0.99208189 1.07475538 1.15742887 1.24010236 1.32277585
 0.49604095 0.57871444 0.66138793 0.74406142 0.82673491 0.9094084
 0.99208189 1.07475538 1.15742887 1.24010236 1.32277585 1.40544935
 0.41336745 0.49604095 0.57871444 0.66138793 0.74406142 0.82673491
 0.9094084  0.99208189 1.07475538 1.15742887 1.24010236 1.32277585
 1.40544935 0.41336745 0.49604095 0.57871444 0.66138793 0.74406142
 0.82673491 0.9094084  0.99208189 1.07475538 1.15742887 1.24010236
 1.32277585 1.40544935 1.48812284 0.33069396 0.41336745 0.49604095
 0.57871444 0.66138793 0.74406142 0.82673491 0.9094084  0.99208189
 1.07475538 1.15742887 1.24010236 1.32277585 1.40544935 1.48812284
 0.33069396 0.41336745 0.49604095 0.57871444 0.66138793 0.74406142
 0.82673491 0.9094084  0.99208189 1.07475538 1.15742887 1.24010236
 1.32277585 1.40544935 1.48812284 0.33069396 0.41336745 0.49604095
 0.57871444 0.66138793 0.74406142 0.82673491 0.9094084  0.99208189
 1.07475538 1.15742887 1.24010236 1.32277585 1.40544935 0.24802047
 0.33069396 0.41336745 0.49604095 0.57871444 0.66138793 0.74406142
 0.82673491 0.9094084  0.99208189 1.07475538 1.15742887 1.24010236
 1.32277585]","[1.0199025  1.10324216 1.10316953 1.1030807  1.1029836  1.10288592
 1.10279497 1.10271772 1.1026607  1.10262984 1.18596928 1.1858916
 1.18580022 1.1857034  1.18560897 1.18552425 1.18545608 1.18541077
 1.18539385 1.26877606 1.26870843 1.26862091 1.26852262 1.26842206
 1.2683271  1.26824501 1.26818243 1.26814535 1.26813889 1.26816688
 1.3515378  1.35145214 1.3513497  1.35123996 1.35113156 1.35103233
 1.35094938 1.35088909 1.35085711 1.3508581  1.35089532 1.35096965
 1.43438731 1.43430119 1.43419136 1.43406867 1.43394285 1.43382254
 1.43371542 1.43362836 1.43356743 1.43353788 1.43354392 1.43358823
 1.433671   1.51717595 1.51705432 1.51691353 1.51676482 1.51661797
 1.51648149 1.51636288 1.51626868 1.51620464 1.5161756  1.51618529
 1.51623584 1.51632676 1.51645302 1.6000808  1.59994145 1.59977612
 1.59959823 1.59941904 1.59924801 1.59909313 1.59896128 1.59885838
 1.59878953 1.59875901 1.59877011 1.59882469 1.59892223 1.59905809
 1.68289704 1.68270005 1.68248521 1.68226584 1.68205273 1.68185471
 1.68167909 1.68153201 1.6814187  1.6813436  1.68131039 1.68132177
 1.68137907 1.6814813  1.68162326 1.76570492 1.7654381  1.76516476
 1.76489738 1.76464569 1.76441741 1.76421876 1.76405492 1.76393022
 1.76384832 1.76381222 1.76382406 1.76388476 1.76399312 1.84882416
 1.84848187 1.8481338  1.84779441 1.84747423 1.84718109 1.84692096
 1.8466986  1.84651785 1.84638199 1.84629374 1.84625535 1.84626839
 1.84633341]","[1.15295372 0.57533765 0.65775125 0.74021046 0.8226954  0.90518838
 0.98767303 1.07013341 1.15255314 1.23491443 0.57474029 0.6572089
 0.739715   0.82223898 0.90476352 0.98727262 1.06975068 1.15218153
 1.23454748 0.49166556 0.57414551 0.65667625 0.7392353  0.82180363
 0.90436457 0.98690278 1.06940318 1.15185001 1.23422581 1.31651057
 0.49100138 0.57356229 0.65616279 0.73878122 0.82139954 0.90400209
 0.98657438 1.06910211 1.1515701  1.23396134 1.31625604 1.39843111
 0.4077507  0.49035029 0.57300194 0.65568014 0.73836462 0.82103877
 0.90368822 0.98629969 1.06885984 1.15135432 1.23376673 1.31607772
 1.39826436 0.40700961 0.48972726 0.57248003 0.65524429 0.73800176
 0.8207377  0.9034394  0.98609504 1.06869254 1.15121858 1.23365761
 1.31599089 1.39819583 1.48024645 0.32350376 0.4063096  0.4891582
 0.57202117 0.65487786 0.73771289 0.82051416 0.90327135 0.98597468
 1.06861382 1.1511769  1.23364941 1.31601324 1.39824575 1.48031987
 0.32265454 0.405631   0.4886218  0.57160296 0.65455803 0.73747535
 0.82034606 0.90316262 0.98591761 1.06860276 1.15120791 1.23372006
 1.31612225 1.39839268 1.48050448 0.32182107 0.40498989 0.48813743
 0.57124639 0.65430619 0.73731012 0.82025347 0.90313213 0.98594157
 1.06867594 1.15132719 1.23388408 1.31633109 1.39864735 0.23760067
 0.32103048 0.40441148 0.48772719 0.57097014 0.65413772 0.73722963
 0.82024623 0.90318754 0.98605242 1.06883785 1.15153822 1.23414443
 1.31664279]"
472.75919866533997,187.76195664589983,0.1676586690131244,0.21499866611547372,0.0007881637541893289,0.007460826629260807,0.0006736298409671034,0.007273874028067899,0.001904627604275566,0.011449720337524949,150,"[1.01963972 1.01963972 1.01963972 1.01963972 1.01963972 1.10231321
 1.10231321 1.10231321 1.10231321 1.10231321 1.10231321 1.10231321
 1.10231321 1.10231321 1.10231321 1.10231321 1.10231321 1.1849867
 1.1849867  1.1849867  1.1849867  1.1849867  1.1849867  1.1849867
 1.1849867  1.1849867  1.1849867  1.1849867  1.1849867  1.1849867
 1.26766019 1.26766019 1.26766019 1.26766019 1.26766019 1.26766019
 1.26766019 1.26766019 1.26766019 1.26766019 1.26766019 1.26766019
 1.26766019 1.35033368 1.35033368 1.35033368 1.35033368 1.35033368
 1.35033368 1.35033368 1.35033368 1.35033368 1.35033368 1.35033368
 1.35033368 1.35033368 1.35033368 1.43300718 1.43300718 1.43300718
 1.43300718 1.43300718 1.43300718 1.43300718 1.43300718 1.43300718
 1.43300718 1.43300718 1.43300718 1.43300718 1.43300718 1.43300718
 1.43300718 1.51568067 1.51568067 1.51568067 1.51568067 1.51568067
 1.51568067 1.51568067 1.51568067 1.51568067 1.51568067 1.51568067
 1.51568067 1.51568067 1.51568067 1.51568067 1.51568067 1.59835416
 1.59835416 1.59835416 1.59835416 1.59835416 1.59835416 1.59835416
 1.59835416 1.59835416 1.59835416 1.59835416 1.59835416 1.59835416
 1.59835416 1.59835416 1.59835416 1.68102765 1.68102765 1.68102765
 1.68102765 1.68102765 1.68102765 1.68102765 1.68102765 1.68102765
 1.68102765 1.68102765 1.68102765 1.68102765 1.68102765 1.68102765
 1.68102765 1.76370114 1.76370114 1.76370114 1.76370114 1.76370114
 1.76370114 1.76370114 1.76370114 1.76370114 1.76370114 1.76370114
 1.76370114 1.76370114 1.76370114 1.76370114 1.84637463 1.84637463
 1.84637463 1.84637463 1.84637463 1.84637463 1.84637463 1.84637463
 1.84637463 1.84637463 1.84637463 1.84637463 1.84637463 1.84637463]","[0.9094084  0.99208189 1.07475538 1.15742887 1.24010236 0.33069396
 0.41336745 0.49604095 0.57871444 0.66138793 0.74406142 0.82673491
 0.9094084  0.99208189 1.07475538 1.15742887 1.24010236 0.33069396
 0.41336745 0.49604095 0.57871444 0.66138793 0.74406142 0.82673491
 0.9094084  0.99208189 1.07475538 1.15742887 1.24010236 1.32277585
 0.33069396 0.41336745 0.49604095 0.57871444 0.66138793 0.74406142
 0.82673491 0.9094084  0.99208189 1.07475538 1.15742887 1.24010236
 1.32277585 0.33069396 0.41336745 0.49604095 0.57871444 0.66138793
 0.74406142 0.82673491 0.9094084  0.99208189 1.07475538 1.15742887
 1.24010236 1.32277585 1.40544935 0.24802047 0.33069396 0.41336745
 0.49604095 0.57871444 0.66138793 0.74406142 0.82673491 0.9094084
 0.99208189 1.07475538 1.15742887 1.24010236 1.32277585 1.40544935
 1.48812284 0.24802047 0.33069396 0.41336745 0.49604095 0.57871444
 0.66138793 0.74406142 0.82673491 0.9094084  0.99208189 1.07475538
 1.15742887 1.24010236 1.32277585 1.40544935 1.48812284 0.24802047
 0.33069396 0.41336745 0.49604095 0.57871444 0.66138793 0.74406142
 0.82673491 0.9094084  0.99208189 1.07475538 1.15742887 1.24010236
 1.32277585 1.40544935 1.48812284 0.24802047 0.33069396 0.41336745
 0.49604095 0.57871444 0.66138793 0.74406142 0.82673491 0.9094084
 0.99208189 1.07475538 1.15742887 1.24010236 1.32277585 1.40544935
 1.48812284 0.24802047 0.33069396 0.41336745 0.49604095 0.57871444
 0.66138793 0.74406142 0.82673491 0.9094084  0.99208189 1.07475538
 1.15742887 1.24010236 1.32277585 1.40544935 0.33069396 0.41336745
 0.49604095 0.57871444 0.66138793 0.74406142 0.82673491 0.9094084
 0.99208189 1.07475538 1.15742887 1.24010236 1.32277585 1.40544935]","[1.02011911 1.02003327 1.01995433 1.01988739 1.01983704 1.10313879
 1.1031608  1.10315103 1.10311469 1.10305774 1.10298638 1.10290682
 1.10282507 1.10274687 1.10267764 1.10262231 1.10258515 1.18586789
 1.18588454 1.18586896 1.1858274  1.18576654 1.18569307 1.18561345
 1.18553386 1.18546004 1.18539731 1.18535039 1.18532324 1.18531858
 1.26862384 1.26862979 1.26860346 1.26855214 1.26848318 1.2684037
 1.26832043 1.26823961 1.26816697 1.26810767 1.26806623 1.26804626
 1.26805002 1.35140202 1.35139134 1.35134885 1.35128284 1.35120133
 1.35111185 1.35102127 1.35093589 1.35086136 1.35080269 1.35076414
 1.35074898 1.35075905 1.35079383 1.43419095 1.4341971  1.43416299
 1.43409824 1.43401216 1.43391336 1.43380966 1.43370808 1.43361487
 1.43353557 1.433475   1.43343717 1.43342501 1.43343996 1.43348095
 1.43354278 1.51702737 1.51700134 1.51693569 1.51684156 1.51672918
 1.51660766 1.51648504 1.51636838 1.51626391 1.51617702 1.51611238
 1.51607374 1.51606373 1.51608335 1.51613103 1.5162009  1.5998665
 1.59979675 1.59968998 1.59955888 1.59941441 1.59926592 1.59912136
 1.59898751 1.59887016 1.59877429 1.59870405 1.59866282 1.59865294
 1.5986753  1.5987285  1.5988073  1.6827254  1.68260283 1.68244812
 1.68227479 1.68209404 1.68191511 1.68174567 1.68159207 1.68145969
 1.681353   1.68127574 1.68123082 1.68122016 1.68124428 1.68130136
 1.68138562 1.76560577 1.76541494 1.76520005 1.76497496 1.76475064
 1.76453577 1.76433736 1.76416106 1.76401155 1.7638927  1.76380765
 1.76375883 1.76374778 1.7637747  1.76383768 1.84821446 1.84792682
 1.84764096 1.84736671 1.84711155 1.84688128 1.84668048 1.84651287
 1.84638147 1.84628872 1.84623648 1.84622584 1.84625677 1.8463274 ]","[0.90472695 0.98708766 1.06943513 1.15175155 1.23401807 0.32851931
 0.41047989 0.4925796  0.57478669 0.65707341 0.73941564 0.82179218
 0.90418392 0.98657306 1.0689423  1.151274   1.2335493  0.32755214
 0.40959961 0.49177887 0.57405748 0.65640757 0.73880511 0.82122915
 0.90366096 0.98608314 1.06847876 1.15083043 1.23311948 1.3153252
 0.32655963 0.40870476 0.49097308 0.57333161 0.65575239 0.73821163
 0.82068889 0.90316606 0.98562638 1.06805344 1.15043027 1.23273848
 1.31495751 0.32554396 0.40779962 0.49016822 0.57261617 0.65511561
 0.73764342 0.82018005 0.90270828 0.98521219 1.06767609 1.1500836
 1.23241673 1.31465518 1.39677618 0.24226877 0.32450917 0.40689093
 0.48937249 0.57192013 0.65450681 0.73711057 0.81971311 0.9022984
 0.9848516  1.06735795 1.14980184 1.23216586 1.31443007 1.39657185
 1.47856717 0.24106345 0.32346387 0.40598939 0.48859791 0.57125666
 0.65394008 0.73662789 0.81930339 0.90195208 0.98456044 1.06711487
 1.14960072 1.23200134 1.31429735 1.39646634 1.47848409 0.23984357
 0.3224295  0.40511813 0.48786816 0.5706488  0.65343696 0.73621487
 0.81896823 0.90168473 0.98435279 1.06696049 1.14949453 1.23193924
 1.31427569 1.39648119 1.47853005 0.23858097 0.32137778 0.40424807
 0.48715343 0.57006658 0.65296793 0.73584299 0.81868041 0.90147044
 0.98420378 1.06687043 1.14945877 1.23195453 1.31433983 1.39659254
 1.47868684 0.23726526 0.32030985 0.40338874 0.48646896 0.56952874
 0.6525536  0.73553357 0.81846114 0.90132987 0.98413325 1.0668637
 1.14951166 1.23206455 1.3145058  1.39681393 0.31924424 0.40255991
 0.48583377 0.56905264 0.65220935 0.73529991 0.81832181 0.9012727
 0.98414949 1.0669475  1.14965963 1.23227547 1.31478015 1.39715323]"
173.5447595671068,381.82719184744167,0.1988392751187928,0.27958327408117173,0.0011237796619038604,0.004773361305410325,0.0009595842331732723,0.004666194775987108,0.0032751731575062504,0.009060917649180211,109,"[1.01963972 1.10231321 1.10231321 1.10231321 1.10231321 1.10231321
 1.10231321 1.1849867  1.1849867  1.1849867  1.1849867  1.1849867
 1.1849867  1.26766019 1.26766019 1.26766019 1.26766019 1.26766019
 1.26766019 1.26766019 1.26766019 1.35033368 1.35033368 1.35033368
 1.35033368 1.35033368 1.35033368 1.35033368 1.35033368 1.35033368
 1.35033368 1.43300718 1.43300718 1.43300718 1.43300718 1.43300718
 1.43300718 1.43300718 1.43300718 1.43300718 1.43300718 1.43300718
 1.51568067 1.51568067 1.51568067 1.51568067 1.51568067 1.51568067
 1.51568067 1.51568067 1.51568067 1.51568067 1.51568067 1.51568067
 1.59835416 1.59835416 1.59835416 1.59835416 1.59835416 1.59835416
 1.59835416 1.59835416 1.59835416 1.59835416 1.59835416 1.59835416
 1.59835416 1.68102765 1.68102765 1.68102765 1.68102765 1.68102765
 1.68102765 1.68102765 1.68102765 1.68102765 1.68102765 1.68102765
 1.68102765 1.68102765 1.68102765 1.76370114 1.76370114 1.76370114
 1.76370114 1.76370114 1.76370114 1.76370114 1.76370114 1.76370114
 1.76370114 1.76370114 1.76370114 1.76370114 1.76370114 1.84637463
 1.84637463 1.84637463 1.84637463 1.84637463 1.84637463 1.84637463
 1.84637463 1.84637463 1.84637463 1.84637463 1.84637463 1.84637463
 1.84637463]","[1.15742887 0.82673491 0.9094084  0.99208189 1.07475538 1.15742887
 1.24010236 0.82673491 0.9094084  0.99208189 1.07475538 1.15742887
 1.24010236 0.74406142 0.82673491 0.9094084  0.99208189 1.07475538
 1.15742887 1.24010236 1.32277585 0.66138793 0.74406142 0.82673491
 0.9094084  0.99208189 1.07475538 1.15742887 1.24010236 1.32277585
 1.40544935 0.57871444 0.66138793 0.74406142 0.82673491 0.9094084
 0.99208189 1.07475538 1.15742887 1.24010236 1.32277585 1.40544935
 0.57871444 0.66138793 0.74406142 0.82673491 0.9094084  0.99208189
 1.07475538 1.15742887 1.24010236 1.32277585 1.40544935 1.48812284
 0.49604095 0.57871444 0.66138793 0.74406142 0.82673491 0.9094084
 0.99208189 1.07475538 1.15742887 1.24010236 1.32277585 1.40544935
 1.48812284 0.41336745 0.49604095 0.57871444 0.66138793 0.74406142
 0.82673491 0.9094084  0.99208189 1.07475538 1.15742887 1.24010236
 1.32277585 1.40544935 1.48812284 0.33069396 0.41336745 0.49604095
 0.57871444 0.66138793 0.74406142 0.82673491 0.9094084  0.99208189
 1.07475538 1.15742887 1.24010236 1.32277585 1.40544935 0.24802047
 0.33069396 0.41336745 0.49604095 0.57871444 0.66138793 0.74406142
 0.82673491 0.9094084  0.99208189 1.07475538 1.15742887 1.24010236
 1.32277585]","[1.01993821 1.10316519 1.10303094 1.10290992 1.10281258 1.10274895
 1.10272853 1.18592064 1.18579072 1.18567891 1.18559552 1.18555029
 1.18555218 1.26881326 1.26867093 1.26854092 1.26843403 1.26836026
 1.26832884 1.26834806 1.26842481 1.35171534 1.35155638 1.35140381
 1.35126916 1.35116287 1.35109442 1.3510724  1.3511043  1.35119599
 1.35135058 1.43463511 1.43445418 1.43427364 1.43410605 1.43396248
 1.4338528  1.43378582 1.43376935 1.43381002 1.43391268 1.43407922
 1.51737197 1.5171562  1.5169488  1.51676177 1.51660548 1.51648902
 1.5164204  1.51640659 1.5164533  1.51656441 1.51674067 1.51697723
 1.60031598 1.60005598 1.59980074 1.59956334 1.59935464 1.59918383
 1.59905884 1.59898658 1.59897301 1.59902296 1.59913961 1.59932318
 1.59956862 1.68332485 1.68300855 1.68269439 1.68239692 1.68212762
 1.68189579 1.68170919 1.68157443 1.68149723 1.6814825  1.6815341
 1.68165438 1.68184287 1.68209399 1.76642278 1.76602966 1.76563891
 1.76526667 1.76492492 1.76462282 1.76436759 1.7641652  1.76402072
 1.76393857 1.76392253 1.76397559 1.76409938 1.76429311 1.8496498
 1.84914742 1.8486534  1.84818516 1.84775449 1.84736958 1.84703647
 1.84675983 1.84654353 1.84639094 1.84630507 1.84628861 1.84634366
 1.84647128]","[1.15434417 0.82366798 0.90629382 0.98890221 1.07147791 1.15400515
 1.23646659 0.82330912 0.9059571  0.98857945 1.07116113 1.15368648
 1.23613808 0.74027563 0.82296954 0.90564419 0.98828479 1.07087683
 1.15340503 1.23585221 1.31819827 0.65718003 0.73992896 0.82266408
 0.90537031 0.98803387 1.07064114 1.15317753 1.2356264  1.31796798
 1.40017857 0.57400343 0.65682035 0.73962761 0.82240923 0.90515177
 0.98784291 1.07047028 1.15302033 1.23547719 1.31782169 1.40003052
 0.57362397 0.65652022 0.73939145 0.82222418 0.90500717 0.98773
 1.07038189 1.15295061 1.2354214  1.31777588 1.39999134 1.48204081
 0.49031603 0.57332455 0.65630446 0.73924223 0.82212784 0.90495301
 0.98770985 1.07038967 1.15298197 1.2354733  1.31784621 1.40007831
 1.48214213 0.40682532 0.48998112 0.57309854 0.65616413 0.73916945
 0.82210872 0.90497717 0.98776979 1.07048032 1.15310024 1.23561782
 1.31801698 1.40027632 1.48236876 0.32307957 0.40643995 0.48974033
 0.57296864 0.6561195  0.73919096 0.82218239 0.90509311 0.98792145
 1.07066385 1.15331411 1.23586242 1.31829432 1.40058953 0.23895956
 0.32261829 0.40617306 0.48961713 0.57295192 0.65618234 0.73931422
 0.82235283 0.90530208 0.98816389 1.07093766 1.15361968 1.23620234
 1.31867309]"
402.0259087390865,369.7590646121172,0.1456040151390604,0.26506388600378483,0.000727771916047312,0.004436067430103757,0.0006378070308493599,0.0043733063619572415,0.0017800253865616344,0.006951940976222815,111,"[1.10231321 1.10231321 1.10231321 1.10231321 1.10231321 1.10231321
 1.1849867  1.1849867  1.1849867  1.1849867  1.1849867  1.1849867
 1.1849867  1.26766019 1.26766019 1.26766019 1.26766019 1.26766019
 1.26766019 1.26766019 1.26766019 1.26766019 1.35033368 1.35033368
 1.35033368 1.35033368 1.35033368 1.35033368 1.35033368 1.35033368
 1.35033368 1.35033368 1.43300718 1.43300718 1.43300718 1.43300718
 1.43300718 1.43300718 1.43300718 1.43300718 1.43300718 1.43300718
 1.43300718 1.51568067 1.51568067 1.51568067 1.51568067 1.51568067
 1.51568067 1.51568067 1.51568067 1.51568067 1.51568067 1.51568067
 1.51568067 1.51568067 1.59835416 1.59835416 1.59835416 1.59835416
 1.59835416 1.59835416 1.59835416 1.59835416 1.59835416 1.59835416
 1.59835416 1.59835416 1.59835416 1.59835416 1.68102765 1.68102765
 1.68102765 1.68102765 1.68102765 1.68102765 1.68102765 1.68102765
 1.68102765 1.68102765 1.68102765 1.68102765 1.68102765 1.68102765
 1.76370114 1.76370114 1.76370114 1.76370114 1.76370114 1.76370114
 1.76370114 1.76370114 1.76370114 1.76370114 1.76370114 1.76370114
 1.76370114 1.76370114 1.84637463 1.84637463 1.84637463 1.84637463
 1.84637463 1.84637463 1.84637463 1.84637463 1.84637463 1.84637463
 1.84637463 1.84637463 1.84637463]","[0.74406142 0.82673491 0.9094084  0.99208189 1.07475538 1.15742887
 0.74406142 0.82673491 0.9094084  0.99208189 1.07475538 1.15742887
 1.24010236 0.66138793 0.74406142 0.82673491 0.9094084  0.99208189
 1.07475538 1.15742887 1.24010236 1.32277585 0.57871444 0.66138793
 0.74406142 0.82673491 0.9094084  0.99208189 1.07475538 1.15742887
 1.24010236 1.32277585 0.57871444 0.66138793 0.74406142 0.82673491
 0.9094084  0.99208189 1.07475538 1.15742887 1.24010236 1.32277585
 1.40544935 0.49604095 0.57871444 0.66138793 0.74406142 0.82673491
 0.9094084  0.99208189 1.07475538 1.15742887 1.24010236 1.32277585
 1.40544935 1.48812284 0.41336745 0.49604095 0.57871444 0.66138793
 0.74406142 0.82673491 0.9094084  0.99208189 1.07475538 1.15742887
 1.24010236 1.32277585 1.40544935 1.48812284 0.41336745 0.49604095
 0.57871444 0.66138793 0.74406142 0.82673491 0.9094084  0.99208189
 1.07475538 1.15742887 1.24010236 1.32277585 1.40544935 1.48812284
 0.33069396 0.41336745 0.49604095 0.57871444 0.66138793 0.74406142
 0.82673491 0.9094084  0.99208189 1.07475538 1.15742887 1.24010236
 1.32277585 1.40544935 0.33069396 0.41336745 0.49604095 0.57871444
 0.66138793 0.74406142 0.82673491 0.9094084  0.99208189 1.07475538
 1.15742887 1.24010236 1.32277585]","[1.10300599 1.1029156  1.10282687 1.10274685 1.10268234 1.10263993
 1.1857163  1.1856278  1.18554391 1.18547161 1.18541756 1.1853881
 1.18538919 1.26851977 1.26842919 1.26833895 1.26825642 1.26818844
 1.26814148 1.26812158 1.26813435 1.26818469 1.35133182 1.3512365
 1.35113708 1.35104145 1.35095686 1.35088997 1.35084697 1.35083359
 1.35085504 1.35091571 1.43405545 1.4339433  1.43383101 1.43372637
 1.43363644 1.43356762 1.43352579 1.43351633 1.43354402 1.43361276
 1.43372489 1.51689114 1.51676143 1.51662748 1.51649797 1.51638052
 1.51628192 1.51620833 1.5161653  1.51615784 1.5161903  1.51626604
 1.51638674 1.51655097 1.59974368 1.5995905  1.59942937 1.59927006
 1.59912083 1.59898879 1.59888011 1.59880033 1.59875442 1.59874685
 1.59878156 1.59886165 1.59898878 1.59916188 1.68247255 1.68227773
 1.68208213 1.68189496 1.68172384 1.68157522 1.68145466 1.68136704
 1.68131675 1.68130768 1.68134319 1.68142582 1.68155662 1.6817338
 1.76542185 1.76518033 1.76493666 1.76470123 1.76448227 1.76428641
 1.76411915 1.76398521 1.76388871 1.76383332 1.7638223  1.76385845
 1.76394381 1.76407909 1.84815466 1.8478458  1.84754759 1.84726867
 1.84701565 1.84679374 1.8466072  1.84645966 1.8463543  1.846294
 1.8462813  1.84631841 1.8464069 ]","[0.74126116 0.82383356 0.90640765 0.98897047 1.07150929 1.1540107
 0.740916   0.82351502 0.90610943 0.98868661 1.07123408 1.15373855
 1.23618497 0.65795518 0.74058323 0.82321301 0.90583157 0.98842685
 1.07098676 1.1534983  1.23594649 1.31831332 0.57493781 0.657601
 0.74027195 0.82293683 0.90558359 0.98820092 1.07077733 1.15330025
 1.23575495 1.31812345 0.57455361 0.65727432 0.73999314 0.82269753
 0.90537659 0.98801997 1.070617   1.15315571 1.23562182 1.31799758
 1.40026061 0.49142274 0.57420609 0.65699041 0.73976223 0.82251063
 0.90522611 0.9878995  1.07052111 1.15307978 1.23556188 1.31795017
 1.40022252 1.48235099 0.40819029 0.49105424 0.57391949 0.65677129
 0.73959872 0.82239315 0.90514701 0.98785286 1.07050243 1.15308573
 1.23559003 1.31799857 1.4002892  1.48243306 0.40774775 0.49071715
 0.57366871 0.65659131 0.73947713 0.82232018 0.90511511 0.98785636
 1.0705373  1.15314939 1.23568116 1.31811701 1.40043579 1.48260945
 0.32423231 0.40734595 0.49043009 0.57347392 0.65647115 0.73941791
 0.82231145 0.90514913 0.98792766 1.07064236 1.1532864  1.23584987
 1.31831855 1.40067248 0.32374202 0.40700971 0.49021435 0.57335297
 0.65642547 0.73943289 0.8223764  0.90525651 0.98807255 1.07082209
 1.15350031 1.23609914 1.31860613]"
460.3452694746173,192.87305515145263,0.14962465075316597,0.2621433950194008,0.000800458286878541,0.007337308232478955,0.0006851751927800471,0.007157389081028318,0.001931903909478283,0.011243472565513002,147,"[1.01963972 1.01963972 1.01963972 1.10231321 1.10231321 1.10231321
 1.10231321 1.10231321 1.10231321 1.10231321 1.10231321 1.10231321
 1.10231321 1.10231321 1.10231321 1.1849867  1.1849867  1.1849867
 1.1849867  1.1849867  1.1849867  1.1849867  1.1849867  1.1849867
 1.1849867  1.1849867  1.1849867  1.1849867  1.26766019 1.26766019
 1.26766019 1.26766019 1.26766019 1.26766019 1.26766019 1.26766019
 1.26766019 1.26766019 1.26766019 1.26766019 1.26766019 1.35033368
 1.35033368 1.35033368 1.35033368 1.35033368 1.35033368 1.35033368
 1.35033368 1.35033368 1.35033368 1.35033368 1.35033368 1.35033368
 1.35033368 1.43300718 1.43300718 1.43300718 1.43300718 1.43300718
 1.43300718 1.43300718 1.43300718 1.43300718 1.43300718 1.43300718
 1.43300718 1.43300718 1.43300718 1.43300718 1.51568067 1.51568067
 1.51568067 1.51568067 1.51568067 1.51568067 1.51568067 1.51568067
 1.51568067 1.51568067 1.51568067 1.51568067 1.51568067 1.51568067
 1.51568067 1.51568067 1.59835416 1.59835416 1.59835416 1.59835416
 1.59835416 1.59835416 1.59835416 1.59835416 1.59835416 1.59835416
 1.59835416 1.59835416 1.59835416 1.59835416 1.59835416 1.59835416
 1.68102765 1.68102765 1.68102765 1.68102765 1.68102765 1.68102765
 1.68102765 1.68102765 1.68102765 1.68102765 1.68102765 1.68102765
 1.68102765 1.68102765 1.68102765 1.68102765 1.76370114 1.76370114
 1.76370114 1.76370114 1.76370114 1.76370114 1.76370114 1.76370114
 1.76370114 1.76370114 1.76370114 1.76370114 1.76370114 1.76370114
 1.76370114 1.84637463 1.84637463 1.84637463 1.84637463 1.84637463
 1.84637463 1.84637463 1.84637463 1.84637463 1.84637463 1.84637463
 1.84637463 1.84637463 1.84637463]","[0.99208189 1.07475538 1.15742887 0.33069396 0.41336745 0.49604095
 0.57871444 0.66138793 0.74406142 0.82673491 0.9094084  0.99208189
 1.07475538 1.15742887 1.24010236 0.33069396 0.41336745 0.49604095
 0.57871444 0.66138793 0.74406142 0.82673491 0.9094084  0.99208189
 1.07475538 1.15742887 1.24010236 1.32277585 0.33069396 0.41336745
 0.49604095 0.57871444 0.66138793 0.74406142 0.82673491 0.9094084
 0.99208189 1.07475538 1.15742887 1.24010236 1.32277585 0.33069396
 0.41336745 0.49604095 0.57871444 0.66138793 0.74406142 0.82673491
 0.9094084  0.99208189 1.07475538 1.15742887 1.24010236 1.32277585
 1.40544935 0.33069396 0.41336745 0.49604095 0.57871444 0.66138793
 0.74406142 0.82673491 0.9094084  0.99208189 1.07475538 1.15742887
 1.24010236 1.32277585 1.40544935 1.48812284 0.24802047 0.33069396
 0.41336745 0.49604095 0.57871444 0.66138793 0.74406142 0.82673491
 0.9094084  0.99208189 1.07475538 1.15742887 1.24010236 1.32277585
 1.40544935 1.48812284 0.24802047 0.33069396 0.41336745 0.49604095
 0.57871444 0.66138793 0.74406142 0.82673491 0.9094084  0.99208189
 1.07475538 1.15742887 1.24010236 1.32277585 1.40544935 1.48812284
 0.24802047 0.33069396 0.41336745 0.49604095 0.57871444 0.66138793
 0.74406142 0.82673491 0.9094084  0.99208189 1.07475538 1.15742887
 1.24010236 1.32277585 1.40544935 1.48812284 0.24802047 0.33069396
 0.41336745 0.49604095 0.57871444 0.66138793 0.74406142 0.82673491
 0.9094084  0.99208189 1.07475538 1.15742887 1.24010236 1.32277585
 1.40544935 0.33069396 0.41336745 0.49604095 0.57871444 0.66138793
 0.74406142 0.82673491 0.9094084  0.99208189 1.07475538 1.15742887
 1.24010236 1.32277585 1.40544935]","[1.02003573 1.01995591 1.01988858 1.10315072 1.10317286 1.10316253
 1.10312515 1.10306686 1.10299403 1.102913   1.10282993 1.1027507
 1.10268086 1.10262547 1.10258896 1.18588148 1.18589802 1.18588169
 1.18583895 1.18577666 1.18570169 1.18562066 1.18553986 1.18546519
 1.18540208 1.1853554  1.18532924 1.18532647 1.26863932 1.26864483
 1.26861748 1.26856477 1.26849425 1.26841323 1.26832855 1.2682466
 1.26817325 1.26811377 1.26807282 1.26805412 1.2680601  1.35141952
 1.35140796 1.35136409 1.35129644 1.3512132  1.35112206 1.35103006
 1.3509436  1.35086846 1.35080977 1.3507719  1.35075826 1.3507708
 1.35080915 1.4342166  1.43418108 1.43411453 1.43402648 1.43392572
 1.43382024 1.43371717 1.43362289 1.43354306 1.4334826  1.43344561
 1.43343516 1.43345279 1.43349756 1.43356436 1.51705016 1.51702264
 1.51695496 1.51685855 1.51674383 1.51662011 1.51649554 1.51637733
 1.51627179 1.51618443 1.51611999 1.51608233 1.51607418 1.51609663
 1.51614823 1.51622322 1.59989163 1.59981953 1.59971004 1.59957613
 1.59942893 1.59927797 1.5991313  1.59899582 1.5988774  1.59878108
 1.59871114 1.59867099 1.59866309 1.59868843 1.59874568 1.59882968
 1.6827522  1.68262627 1.68246807 1.68229135 1.68210747 1.6819258
 1.6817541  1.68159881 1.68146535 1.68135828 1.68128139 1.68123766
 1.68122911 1.68125629 1.68131751 1.68140705 1.76563304 1.76543782
 1.76521867 1.76498966 1.76476187 1.76454407 1.76434331 1.76416531
 1.76401478 1.76389563 1.76381106 1.76376354 1.76375467 1.76378473
 1.76385189 1.84823518 1.84794262 1.84765243 1.84737451 1.84711635
 1.84688376 1.84668135 1.84651284 1.84638127 1.84628914 1.84623831
 1.84622994 1.84626406 1.84633885]","[0.98719742 1.0695554  1.15188209 0.3285339  0.41051174 0.49262742
 0.57484918 0.65714934 0.73950392 0.82189189 0.90429431 0.98669355
 1.06907246 1.15141356 1.23369811 0.32758418 0.40964816 0.49184255
 0.57413492 0.65649752 0.73890649 0.82134104 0.90378261 0.98621398
 1.06861837 1.15097854 1.23327594 1.31548991 0.32660924 0.4087701
 0.49105265 0.573424   0.65585633 0.73832601 0.8208128  0.90329876
 0.9857673  1.06820217 1.15058657 1.23290218 1.31512853 0.32561143
 0.40788201 0.49026391 0.57272368 0.65523363 0.73777084 0.82031594
 0.90285192 0.98536303 1.06783374 1.15024781 1.23258738 1.31483219
 1.39695942 0.32459511 0.40699091 0.48948476 0.57204312 0.65463918
 0.73725119 0.81986106 0.90245298 0.98501227 1.06752436 1.14997378
 1.23234322 1.31461282 1.3967599  1.47876015 0.24115376 0.32356927
 0.40610782 0.48872747 0.57139571 0.65408724 0.73678202 0.81946359
 0.90211766 0.98473091 1.06728992 1.14978018 1.23218517 1.31448558
 1.39665894 1.47868081 0.23995568 0.32255574 0.40525616 0.48801595
 0.57080465 0.65359945 0.73638287 0.81914088 0.90186139 0.98453302
 1.06714403 1.14968128 1.23212923 1.31446903 1.39667798 1.47873017
 0.23871748 0.32152716 0.4044077  0.48732115 0.57024061 0.65314687
 0.73602574 0.81886616 0.90165864 0.98439405 1.0670626  1.14965283
 1.2321506  1.31453812 1.3967933  1.47889014 0.23743    0.32048559
 0.40357263 0.48665872 0.5697226  0.65275022 0.73573194 0.81866057
 0.90152992 0.98433367 1.06706443 1.1497128  1.23226636 1.31470863
 1.39701819 0.31945049 0.40277129 0.48604804 0.56926816 0.65242492
 0.73551475 0.8185354  0.90148477 0.98435997 1.06715649 1.1498674
 1.23248241 1.31498678 1.39736018]"
164.03341804303608,334.8006147258035,0.14143847928873007,0.22686984212485378,0.0011811353266989886,0.005285415943836913,0.0010041491738036928,0.005170070276003993,0.0034173188712980362,0.009906615690513598,114,"[1.01963972 1.01963972 1.10231321 1.10231321 1.10231321 1.10231321
 1.10231321 1.10231321 1.1849867  1.1849867  1.1849867  1.1849867
 1.1849867  1.1849867  1.1849867  1.26766019 1.26766019 1.26766019
 1.26766019 1.26766019 1.26766019 1.26766019 1.26766019 1.26766019
 1.35033368 1.35033368 1.35033368 1.35033368 1.35033368 1.35033368
 1.35033368 1.35033368 1.35033368 1.35033368 1.43300718 1.43300718
 1.43300718 1.43300718 1.43300718 1.43300718 1.43300718 1.43300718
 1.43300718 1.43300718 1.43300718 1.51568067 1.51568067 1.51568067
 1.51568067 1.51568067 1.51568067 1.51568067 1.51568067 1.51568067
 1.51568067 1.51568067 1.51568067 1.51568067 1.59835416 1.59835416
 1.59835416 1.59835416 1.59835416 1.59835416 1.59835416 1.59835416
 1.59835416 1.59835416 1.59835416 1.59835416 1.59835416 1.59835416
 1.68102765 1.68102765 1.68102765 1.68102765 1.68102765 1.68102765
 1.68102765 1.68102765 1.68102765 1.68102765 1.68102765 1.68102765
 1.68102765 1.68102765 1.76370114 1.76370114 1.76370114 1.76370114
 1.76370114 1.76370114 1.76370114 1.76370114 1.76370114 1.76370114
 1.76370114 1.76370114 1.76370114 1.76370114 1.84637463 1.84637463
 1.84637463 1.84637463 1.84637463 1.84637463 1.84637463 1.84637463
 1.84637463 1.84637463 1.84637463 1.84637463 1.84637463 1.84637463]","[1.07475538 1.15742887 0.82673491 0.9094084  0.99208189 1.07475538
 1.15742887 1.24010236 0.74406142 0.82673491 0.9094084  0.99208189
 1.07475538 1.15742887 1.24010236 0.66138793 0.74406142 0.82673491
 0.9094084  0.99208189 1.07475538 1.15742887 1.24010236 1.32277585
 0.66138793 0.74406142 0.82673491 0.9094084  0.99208189 1.07475538
 1.15742887 1.24010236 1.32277585 1.40544935 0.57871444 0.66138793
 0.74406142 0.82673491 0.9094084  0.99208189 1.07475538 1.15742887
 1.24010236 1.32277585 1.40544935 0.49604095 0.57871444 0.66138793
 0.74406142 0.82673491 0.9094084  0.99208189 1.07475538 1.15742887
 1.24010236 1.32277585 1.40544935 1.48812284 0.41336745 0.49604095
 0.57871444 0.66138793 0.74406142 0.82673491 0.9094084  0.99208189
 1.07475538 1.15742887 1.24010236 1.32277585 1.40544935 1.48812284
 0.41336745 0.49604095 0.57871444 0.66138793 0.74406142 0.82673491
 0.9094084  0.99208189 1.07475538 1.15742887 1.24010236 1.32277585
 1.40544935 1.48812284 0.33069396 0.41336745 0.49604095 0.57871444
 0.66138793 0.74406142 0.82673491 0.9094084  0.99208189 1.07475538
 1.15742887 1.24010236 1.32277585 1.40544935 0.24802047 0.33069396
 0.41336745 0.49604095 0.57871444 0.66138793 0.74406142 0.82673491
 0.9094084  0.99208189 1.07475538 1.15742887 1.24010236 1.32277585]","[1.02003628 1.01994507 1.1031909  1.10305331 1.10292815 1.10282592
 1.1027566  1.10272956 1.18609036 1.18595006 1.18581601 1.18569929
 1.1856103  1.18555874 1.18555339 1.26899639 1.26885036 1.26870387
 1.26856883 1.26845623 1.26837615 1.26833777 1.26834917 1.26841681
 1.3517609  1.35159766 1.35143982 1.35129916 1.3511863  1.3511108
 1.35108121 1.35110477 1.35118689 1.35132982 1.43469019 1.43450479
 1.43431857 1.43414446 1.43399381 1.43387666 1.4338019  1.43377726
 1.43380913 1.43390187 1.4340565  1.51764833 1.51743341 1.51721134
 1.51699667 1.51680177 1.51663728 1.51651245 1.51643534 1.51641284
 1.51645038 1.51655135 1.51671565 1.51693706 1.60064482 1.60039066
 1.60012344 1.59985981 1.59961338 1.59939536 1.5992152  1.59908095
 1.59899956 1.59897688 1.59901747 1.59912398 1.59929582 1.5995266
 1.68341576 1.68309074 1.68276654 1.68245835 1.68217814 1.68193553
 1.68173847 1.68159366 1.6815068  1.68148268 1.68152489 1.68163527
 1.68181259 1.68205004 1.76653494 1.7661307  1.76572739 1.76534201
 1.76498713 1.76467226 1.76440487 1.76419102 1.76403582 1.76394362
 1.76391807 1.76396187 1.76407622 1.7642596  1.84979195 1.84927423
 1.84876357 1.8482785  1.84783145 1.84743101 1.84708339 1.84679334
 1.84656474 1.84640092 1.84630479 1.84627885 1.84632495 1.84644377]","[1.07145608 1.15396505 0.82334303 0.90594755 0.98853551 1.07109075
 1.15359664 1.23603506 0.74030561 0.82294448 0.90557472 0.98817987
 1.07074399 1.15325059 1.23568158 0.65720817 0.73988782 0.82256674
 0.90522754 0.98785443 1.07043203 1.1529443  1.23537346 1.31769897
 0.65676332 0.73950024 0.82222511 0.90492169 0.98757528 1.07017146
 1.15269496 1.23512858 1.31745223 1.39964227 0.57355063 0.65635896
 0.73916    0.82193648 0.9046739  0.98735908 1.06997894 1.15251931
 1.23496386 1.31729317 1.39948406 0.49022184 0.57312119 0.65601604
 0.73888734 0.82172042 0.90450308 0.98722417 1.06987231 1.15243473
 1.23489629 1.31723843 1.39943858 1.48147077 0.4067414  0.48976005
 0.57277328 0.65575968 0.73870429 0.82159607 0.90442596 0.98718547
 1.06986544 1.15245494 1.2349402  1.31730361 1.39952297 1.48157172
 0.40620044 0.48936926 0.57250154 0.65558212 0.73860144 0.82155295
 0.90443133 0.98723116 1.06994585 1.15256657 1.23508134 1.31747393
 1.39972304 1.48180235 0.32236256 0.40574801 0.48907486 0.57232898
 0.6555038  0.73859666 0.82160652 0.90453246 0.98737261 1.07012327
 1.15277802 1.2353269  1.31775527 1.4000429  0.23811386 0.32181685
 0.40541549 0.48890074 0.57227293 0.65553656 0.73869735 0.82176063
 0.9047304  0.98760865 1.07039481 1.15308513 1.23567187 1.31814234]"
251.81546655398418,176.38376916819726,0.16454423448350033,0.24472976081256462,0.0011642953114958576,0.00832333406141742,0.0009708578751231022,0.008119023649025892,0.0031573952270096406,0.014158145576068148,148,"[1.01963972 1.01963972 1.01963972 1.01963972 1.01963972 1.01963972
 1.10231321 1.10231321 1.10231321 1.10231321 1.10231321 1.10231321
 1.10231321 1.10231321 1.10231321 1.10231321 1.10231321 1.1849867
 1.1849867  1.1849867  1.1849867  1.1849867  1.1849867  1.1849867
 1.1849867  1.1849867  1.1849867  1.1849867  1.1849867  1.26766019
 1.26766019 1.26766019 1.26766019 1.26766019 1.26766019 1.26766019
 1.26766019 1.26766019 1.26766019 1.26766019 1.26766019 1.35033368
 1.35033368 1.35033368 1.35033368 1.35033368 1.35033368 1.35033368
 1.35033368 1.35033368 1.35033368 1.35033368 1.35033368 1.35033368
 1.35033368 1.43300718 1.43300718 1.43300718 1.43300718 1.43300718
 1.43300718 1.43300718 1.43300718 1.43300718 1.43300718 1.43300718
 1.43300718 1.43300718 1.43300718 1.43300718 1.51568067 1.51568067
 1.51568067 1.51568067 1.51568067 1.51568067 1.51568067 1.51568067
 1.51568067 1.51568067 1.51568067 1.51568067 1.51568067 1.51568067
 1.51568067 1.51568067 1.59835416 1.59835416 1.59835416 1.59835416
 1.59835416 1.59835416 1.59835416 1.59835416 1.59835416 1.59835416
 1.59835416 1.59835416 1.59835416 1.59835416 1.59835416 1.59835416
 1.68102765 1.68102765 1.68102765 1.68102765 1.68102765 1.68102765
 1.68102765 1.68102765 1.68102765 1.68102765 1.68102765 1.68102765
 1.68102765 1.68102765 1.68102765 1.68102765 1.76370114 1.76370114
 1.76370114 1.76370114 1.76370114 1.76370114 1.76370114 1.76370114
 1.76370114 1.76370114 1.76370114 1.76370114 1.76370114 1.76370114
 1.76370114 1.84637463 1.84637463 1.84637463 1.84637463 1.84637463
 1.84637463 1.84637463 1.84637463 1.84637463 1.84637463 1.84637463
 1.84637463 1.84637463 1.84637463 1.84637463]","[0.82673491 0.9094084  0.99208189 1.07475538 1.15742887 1.24010236
 0.41336745 0.49604095 0.57871444 0.66138793 0.74406142 0.82673491
 0.9094084  0.99208189 1.07475538 1.15742887 1.24010236 0.41336745
 0.49604095 0.57871444 0.66138793 0.74406142 0.82673491 0.9094084
 0.99208189 1.07475538 1.15742887 1.24010236 1.32277585 0.41336745
 0.49604095 0.57871444 0.66138793 0.74406142 0.82673491 0.9094084
 0.99208189 1.07475538 1.15742887 1.24010236 1.32277585 0.33069396
 0.41336745 0.49604095 0.57871444 0.66138793 0.74406142 0.82673491
 0.9094084  0.99208189 1.07475538 1.15742887 1.24010236 1.32277585
 1.40544935 0.33069396 0.41336745 0.49604095 0.57871444 0.66138793
 0.74406142 0.82673491 0.9094084  0.99208189 1.07475538 1.15742887
 1.24010236 1.32277585 1.40544935 1.48812284 0.24802047 0.33069396
 0.41336745 0.49604095 0.57871444 0.66138793 0.74406142 0.82673491
 0.9094084  0.99208189 1.07475538 1.15742887 1.24010236 1.32277585
 1.40544935 1.48812284 0.24802047 0.33069396 0.41336745 0.49604095
 0.57871444 0.66138793 0.74406142 0.82673491 0.9094084  0.99208189
 1.07475538 1.15742887 1.24010236 1.32277585 1.40544935 1.48812284
 0.24802047 0.33069396 0.41336745 0.49604095 0.57871444 0.66138793
 0.74406142 0.82673491 0.9094084  0.99208189 1.07475538 1.15742887
 1.24010236 1.32277585 1.40544935 1.48812284 0.24802047 0.33069396
 0.41336745 0.49604095 0.57871444 0.66138793 0.74406142 0.82673491
 0.9094084  0.99208189 1.07475538 1.15742887 1.24010236 1.32277585
 1.40544935 0.24802047 0.33069396 0.41336745 0.49604095 0.57871444
 0.66138793 0.74406142 0.82673491 0.9094084  0.99208189 1.07475538
 1.15742887 1.24010236 1.32277585 1.40544935]","[1.02038514 1.02026411 1.02014415 1.0200328  1.0199371  1.01986326
 1.10346552 1.10345563 1.10340735 1.10332892 1.10322908 1.10311662
 1.10300012 1.10288774 1.10278712 1.10270515 1.10264765 1.18623638
 1.18621785 1.1861608  1.18607479 1.18596952 1.18585442 1.18573842
 1.18562986 1.18553631 1.18546439 1.18541946 1.18540491 1.26903606
 1.26900122 1.26892853 1.26882887 1.26871279 1.26859025 1.26847042
 1.26836164 1.26827133 1.26820578 1.26816979 1.26816601 1.3518689
 1.35185777 1.35179807 1.35170225 1.35158241 1.35144985 1.35131489
 1.35118682 1.35107387 1.35098317 1.3509206  1.35089041 1.35089448
 1.35093102 1.43473969 1.43469294 1.4345989  1.43447184 1.43432495
 1.4341701  1.43401779 1.43387723 1.43375642 1.4336621  1.43359968
 1.43357284 1.43358276 1.43362678 1.4336959  1.51765831 1.51762474
 1.51752978 1.51739079 1.51722368 1.51704246 1.5168593  1.51668468
 1.51652756 1.51639556 1.51629501 1.51623078 1.51620597 1.5162211
 1.51627277 1.51635111 1.60060464 1.60050477 1.60034738 1.60015241
 1.59993698 1.59971543 1.59949973 1.59929981 1.59912394 1.59897899
 1.59887052 1.59880274 1.59877819 1.59879705 1.5988558  1.59894489
 1.68357223 1.68338923 1.68315691 1.68289681 1.68262638 1.68235959
 1.68210768 1.68187967 1.68168292 1.68152339 1.6814058  1.68133362
 1.68130875 1.68133085 1.68139601 1.6814944  1.7665554  1.76626652
 1.7659426  1.7656055  1.76527185 1.76495429 1.76466255 1.76440422
 1.76418531 1.76401059 1.76388378 1.76380754 1.76378313 1.76380986
 1.76388381 1.84953202 1.84911273 1.84868105 1.84825675 1.84785379
 1.84748215 1.84714912 1.84686015 1.84661948 1.84643042 1.84629551
 1.84621647 1.84619398 1.84622707 1.84631202]","[0.82198256 0.90434801 0.98671752 1.06907139 1.15138987 1.23365239
 0.41004182 0.49211479 0.57431062 0.65659757 0.73894774 0.82133647
 0.90374163 0.98614275 1.06852021 1.15085437 1.23312479 0.40905308
 0.49121375 0.57348992 0.65584884 0.73826213 0.820705   0.90315547
 0.98559339 1.0679995  1.15035449 1.2326382  1.31482913 0.40803841
 0.49030041 0.57266866 0.6551095  0.73759428 0.82009849 0.9026007
 0.98508142 1.067522   1.14990371 1.23220689 1.31441045 0.32475956
 0.4070037  0.48938311 0.57185674 0.65439036 0.73695568 0.81952902
 0.9020899  0.98461985 1.06710116 1.1495159  1.23184509 1.3140682
 1.39616359 0.32356441 0.40595859 0.48847347 0.57106679 0.65370472
 0.73636008 0.81901058 0.90163724 0.98422298 1.06675136 1.14920554
 1.2315674  1.31381709 1.39593343 1.47789644 0.23993256 0.3223479
 0.40491748 0.48758744 0.5703158  0.65307017 0.73582534 0.81856113
 0.90126061 0.98390851 1.06649003 1.14898971 1.23139054 1.31367345
 1.39581768 1.47780323 0.23848759 0.32113339 0.40390599 0.48675126
 0.56962919 0.65251038 0.73537289 0.81819976 0.90097696 0.98369185
 1.06633184 1.14888327 1.23133043 1.313655   1.3958361  1.47785243
 0.23699061 0.31990617 0.40290962 0.48594973 0.568991   0.65200892
 0.73498622 0.81791013 0.9007703  0.98355722 1.06626092 1.14886993
 1.23137026 1.31374476 1.39597296 1.47803287 0.23544167 0.31867745
 0.40194615 0.485204   0.5684236  0.65158802 0.73468659 0.81771216
 0.900659   0.98352148 1.06629282 1.14896415 1.23152352 1.31395514
 1.39623897 0.23386233 0.31747375 0.40104175 0.48453745 0.56794671
 0.65126365 0.73448655 0.81761535 0.90065008 0.98358965 1.06643103
 1.14916839 1.23179222 1.31428849 1.39663786]"
233.19565964576387,463.5155969737374,0.19072460407984568,0.24633152936122468,0.0009411270887079625,0.003983546800745619,0.0008209546051111548,0.003909696887229516,0.0023545205544137637,0.006738631924339822,103,"[1.10231321 1.10231321 1.10231321 1.10231321 1.1849867  1.1849867
 1.1849867  1.1849867  1.1849867  1.1849867  1.26766019 1.26766019
 1.26766019 1.26766019 1.26766019 1.26766019 1.26766019 1.26766019
 1.35033368 1.35033368 1.35033368 1.35033368 1.35033368 1.35033368
 1.35033368 1.35033368 1.35033368 1.43300718 1.43300718 1.43300718
 1.43300718 1.43300718 1.43300718 1.43300718 1.43300718 1.43300718
 1.43300718 1.51568067 1.51568067 1.51568067 1.51568067 1.51568067
 1.51568067 1.51568067 1.51568067 1.51568067 1.51568067 1.51568067
 1.51568067 1.59835416 1.59835416 1.59835416 1.59835416 1.59835416
 1.59835416 1.59835416 1.59835416 1.59835416 1.59835416 1.59835416
 1.59835416 1.59835416 1.68102765 1.68102765 1.68102765 1.68102765
 1.68102765 1.68102765 1.68102765 1.68102765 1.68102765 1.68102765
 1.68102765 1.68102765 1.68102765 1.68102765 1.76370114 1.76370114
 1.76370114 1.76370114 1.76370114 1.76370114 1.76370114 1.76370114
 1.76370114 1.76370114 1.76370114 1.76370114 1.76370114 1.76370114
 1.84637463 1.84637463 1.84637463 1.84637463 1.84637463 1.84637463
 1.84637463 1.84637463 1.84637463 1.84637463 1.84637463 1.84637463
 1.84637463]","[0.9094084  0.99208189 1.07475538 1.15742887 0.82673491 0.9094084
 0.99208189 1.07475538 1.15742887 1.24010236 0.74406142 0.82673491
 0.9094084  0.99208189 1.07475538 1.15742887 1.24010236 1.32277585
 0.74406142 0.82673491 0.9094084  0.99208189 1.07475538 1.15742887
 1.24010236 1.32277585 1.40544935 0.66138793 0.74406142 0.82673491
 0.9094084  0.99208189 1.07475538 1.15742887 1.24010236 1.32277585
 1.40544935 0.57871444 0.66138793 0.74406142 0.82673491 0.9094084
 0.99208189 1.07475538 1.15742887 1.24010236 1.32277585 1.40544935
 1.48812284 0.49604095 0.57871444 0.66138793 0.74406142 0.82673491
 0.9094084  0.99208189 1.07475538 1.15742887 1.24010236 1.32277585
 1.40544935 1.48812284 0.41336745 0.49604095 0.57871444 0.66138793
 0.74406142 0.82673491 0.9094084  0.99208189 1.07475538 1.15742887
 1.24010236 1.32277585 1.40544935 1.48812284 0.33069396 0.41336745
 0.49604095 0.57871444 0.66138793 0.74406142 0.82673491 0.9094084
 0.99208189 1.07475538 1.15742887 1.24010236 1.32277585 1.40544935
 0.33069396 0.41336745 0.49604095 0.57871444 0.66138793 0.74406142
 0.82673491 0.9094084  0.99208189 1.07475538 1.15742887 1.24010236
 1.32277585]","[1.1029492  1.10284422 1.10276152 1.10271022 1.18580567 1.1856933
 1.18559809 1.18552925 1.18549562 1.18550557 1.26866345 1.26854054
 1.2684296  1.26834013 1.26828107 1.26826081 1.26828718 1.2683671
 1.35139161 1.35126117 1.3511475  1.35105978 1.35100652 1.35099558
 1.35103414 1.3511283  1.35128226 1.43425285 1.43409818 1.43395586
 1.43383552 1.43374586 1.43369483 1.43368968 1.43373686 1.43384166
 1.43400725 1.51713032 1.51694505 1.51676805 1.51660968 1.516479
 1.51638412 1.51633236 1.5163303  1.51638365 1.51649683 1.51667203
 1.51690718 1.60002728 1.59980374 1.5995853  1.59938313 1.59920662
 1.59906388 1.59896207 1.59890757 1.59890614 1.59896274 1.59908122
 1.59926336 1.59950701 1.68298283 1.68271113 1.68244205 1.68218787
 1.68195851 1.68176218 1.68160585 1.6814956  1.68143687 1.68143448
 1.68149258 1.68161421 1.6818004  1.68204829 1.76601613 1.7656789
 1.76534403 1.76502514 1.76473259 1.76447446 1.76425736 1.76408682
 1.7639677  1.76390432 1.76390058 1.76395978 1.76408429 1.76427468
 1.84872915 1.84830619 1.84790454 1.84753451 1.84720356 1.84691738
 1.84668052 1.84649685 1.84636981 1.84630256 1.84629798 1.84635857
 1.84648607]","[0.90678382 0.98940758 1.07200131 1.15455111 0.82384793 0.90650528
 0.98913884 1.07173551 1.15428141 1.23676083 0.74087233 0.8235688
 0.906247   0.98889421 1.07149777 1.15404407 1.23651749 1.31889924
 0.74058872 0.82331856 0.90602193 0.98868699 1.07130179 1.15385326
 1.23632611 1.31870169 1.40095683 0.65755232 0.74034375 0.82311155
 0.9058443  0.98853137 1.07116181 1.15372334 1.23620126 1.31857729
 1.40082846 0.57444371 0.65731118 0.74015554 0.82296551 0.9057315
 0.98844439 1.07109451 1.15367064 1.23615894 1.31854179 1.4007966
 1.48289522 0.49124571 0.57420873 0.65714549 0.7400449  0.82289856
 0.90569933 0.98844018 1.0711132  1.15370859 1.23621362 1.31861139
 1.40087956 1.48298938 0.40789169 0.49097937 0.57403257 0.65704047
 0.73999611 0.82289455 0.90573148 0.98850226 1.07120097 1.15381953
 1.23634668 1.31876682 1.40105867 1.48319421 0.32432323 0.40758358
 0.49079138 0.57393718 0.65701665 0.74002806 0.8229706  0.90584337
 0.98864446 1.07137025 1.15401464 1.23656813 1.31901663 1.40134011
 0.32395533 0.4073768  0.49070463 0.57394006 0.65708696 0.74014984
 0.82313275 0.90603852 0.98886828 1.07162095 1.15429265 1.23687586
 1.31935837]"
318.0728028842598,226.07793823611294,0.18945076813351183,0.2863929726948376,0.0009701281343248521,0.006761515222086315,0.0008203243082805674,0.006630534355003429,0.0026231509355609806,0.011303326754533882,133,"[1.01963972 1.01963972 1.10231321 1.10231321 1.10231321 1.10231321
 1.10231321 1.10231321 1.10231321 1.10231321 1.10231321 1.1849867
 1.1849867  1.1849867  1.1849867  1.1849867  1.1849867  1.1849867
 1.1849867  1.1849867  1.1849867  1.26766019 1.26766019 1.26766019
 1.26766019 1.26766019 1.26766019 1.26766019 1.26766019 1.26766019
 1.26766019 1.26766019 1.35033368 1.35033368 1.35033368 1.35033368
 1.35033368 1.35033368 1.35033368 1.35033368 1.35033368 1.35033368
 1.35033368 1.35033368 1.35033368 1.43300718 1.43300718 1.43300718
 1.43300718 1.43300718 1.43300718 1.43300718 1.43300718 1.43300718
 1.43300718 1.43300718 1.43300718 1.43300718 1.51568067 1.51568067
 1.51568067 1.51568067 1.51568067 1.51568067 1.51568067 1.51568067
 1.51568067 1.51568067 1.51568067 1.51568067 1.51568067 1.51568067
 1.51568067 1.59835416 1.59835416 1.59835416 1.59835416 1.59835416
 1.59835416 1.59835416 1.59835416 1.59835416 1.59835416 1.59835416
 1.59835416 1.59835416 1.59835416 1.59835416 1.68102765 1.68102765
 1.68102765 1.68102765 1.68102765 1.68102765 1.68102765 1.68102765
 1.68102765 1.68102765 1.68102765 1.68102765 1.68102765 1.68102765
 1.68102765 1.76370114 1.76370114 1.76370114 1.76370114 1.76370114
 1.76370114 1.76370114 1.76370114 1.76370114 1.76370114 1.76370114
 1.76370114 1.76370114 1.76370114 1.76370114 1.84637463 1.84637463
 1.84637463 1.84637463 1.84637463 1.84637463 1.84637463 1.84637463
 1.84637463 1.84637463 1.84637463 1.84637463 1.84637463 1.84637463
 1.84637463]","[1.07475538 1.15742887 0.57871444 0.66138793 0.74406142 0.82673491
 0.9094084  0.99208189 1.07475538 1.15742887 1.24010236 0.49604095
 0.57871444 0.66138793 0.74406142 0.82673491 0.9094084  0.99208189
 1.07475538 1.15742887 1.24010236 0.49604095 0.57871444 0.66138793
 0.74406142 0.82673491 0.9094084  0.99208189 1.07475538 1.15742887
 1.24010236 1.32277585 0.41336745 0.49604095 0.57871444 0.66138793
 0.74406142 0.82673491 0.9094084  0.99208189 1.07475538 1.15742887
 1.24010236 1.32277585 1.40544935 0.41336745 0.49604095 0.57871444
 0.66138793 0.74406142 0.82673491 0.9094084  0.99208189 1.07475538
 1.15742887 1.24010236 1.32277585 1.40544935 0.33069396 0.41336745
 0.49604095 0.57871444 0.66138793 0.74406142 0.82673491 0.9094084
 0.99208189 1.07475538 1.15742887 1.24010236 1.32277585 1.40544935
 1.48812284 0.33069396 0.41336745 0.49604095 0.57871444 0.66138793
 0.74406142 0.82673491 0.9094084  0.99208189 1.07475538 1.15742887
 1.24010236 1.32277585 1.40544935 1.48812284 0.33069396 0.41336745
 0.49604095 0.57871444 0.66138793 0.74406142 0.82673491 0.9094084
 0.99208189 1.07475538 1.15742887 1.24010236 1.32277585 1.40544935
 1.48812284 0.24802047 0.33069396 0.41336745 0.49604095 0.57871444
 0.66138793 0.74406142 0.82673491 0.9094084  0.99208189 1.07475538
 1.15742887 1.24010236 1.32277585 1.40544935 0.24802047 0.33069396
 0.41336745 0.49604095 0.57871444 0.66138793 0.74406142 0.82673491
 0.9094084  0.99208189 1.07475538 1.15742887 1.24010236 1.32277585
 1.40544935]","[1.01998903 1.01991108 1.10328497 1.10321041 1.10311838 1.10301709
 1.10291446 1.1028181  1.10273517 1.10267233 1.10263555 1.18607469
 1.18601846 1.18593823 1.18584299 1.18574133 1.1856414  1.18555081
 1.18547664 1.18542528 1.18540231 1.26883392 1.26876451 1.26867351
 1.26857044 1.26846422 1.26836306 1.26827453 1.26820551 1.2681621
 1.26814938 1.26817096 1.35166359 1.35160414 1.35151541 1.35140821
 1.35129252 1.35117741 1.35107111 1.35098103 1.35091377 1.35087507
 1.35086955 1.35090016 1.35096718 1.43446522 1.43437648 1.43426182
 1.43413274 1.4339995  1.43387122 1.433756   1.43366099 1.43359248
 1.43355576 1.43355498 1.43359248 1.4336678  1.5173571  1.51726536
 1.51713874 1.51699091 1.5168338  1.51667781 1.51653195 1.51640408
 1.51630103 1.51622872 1.51619203 1.51619458 1.51623814 1.51632154
 1.51643858 1.60018781 1.60004312 1.59986978 1.59968213 1.59949219
 1.59931004 1.59914416 1.59900178 1.59888906 1.59881125 1.59877264
 1.59877637 1.59882393 1.59891408 1.599041   1.68301997 1.68281339
 1.68258674 1.68235435 1.68212779 1.68191647 1.68172812 1.68156918
 1.6814451  1.68136039 1.68131871 1.6813226  1.68137302 1.68146827
 1.68160205 1.76609981 1.76584359 1.76556191 1.76527232 1.76498829
 1.76472026 1.76447642 1.76426334 1.76408638 1.76395003 1.76385797
 1.76381312 1.76381748 1.76387158 1.76397358 1.84899778 1.84863564
 1.84826641 1.84790578 1.84756507 1.84725262 1.84697473 1.8467363
 1.84654132 1.84639307 1.84629426 1.84624702 1.84625273 1.8463116
 1.84642179]","[1.07019256 1.15258309 0.57508938 0.65747408 0.73990855 0.82237169
 0.90484468 0.98731011 1.06975111 1.15215043 1.23448954 0.4920609
 0.57443917 0.65688309 0.7393684  0.8218742  0.90438197 0.98687471
 1.06933586 1.15174844 1.23409405 0.49133602 0.57379107 0.65630197
 0.7388447  0.82139888 0.90394666 0.98647167 1.06895792 1.15138887
 1.23374643 1.31601017 0.40814301 0.49061228 0.57315433 0.65574058
 0.73834776 0.82095645 0.90354983 0.98611243 1.06862908 1.15108388
 1.23345924 1.31573505 1.3978883  0.40731901 0.4899008  0.57254064
 0.65521099 0.73788992 0.82055947 0.90320416 0.98580979 1.06836224
 1.15084651 1.23324567 1.3155401  1.39770706 0.32387307 0.40650799
 0.48921689 0.57196601 0.65472965 0.7374879  0.82022474 0.90292649
 0.98558047 1.06817393 1.15069299 1.23312165 1.31544093 1.39762846
 1.47965939 0.32293486 0.40573608 0.4885866  0.57145528 0.65431946
 0.73716225 0.81997044 0.90273284 0.985439   1.06807803 1.15063756
 1.23310273 1.31545521 1.3976726  1.47972889 0.32199884 0.40498513
 0.48799032 0.57098779 0.6539593  0.73689194 0.81977598 0.90260322
 0.98536578 1.06805494 1.1506602  1.23316824 1.31556191 1.39781953
 1.47991513 0.23789226 0.32107605 0.40427183 0.48744796 0.57058494
 0.65367082 0.73669806 0.81966141 0.90255642 0.98537831 1.06812099
 1.15077618 1.2333324  1.31577394 1.39807995 0.23671715 0.32019381
 0.40362181 0.48698206 0.57026573 0.65346957 0.73659304 0.81963647
 0.9025999  0.98548221 1.06828036 1.15098867 1.23359785 1.31609406
 1.39845763]"
169.35199305198063,355.4279002427379,0.2012198350354227,0.22016896420664658,0.0011450517967750654,0.005030698723121208,0.0009754229570258391,0.004918762890582755,0.0033425194811056436,0.009497773932271858,112,"[1.01963972 1.01963972 1.10231321 1.10231321 1.10231321 1.10231321
 1.10231321 1.10231321 1.1849867  1.1849867  1.1849867  1.1849867
 1.1849867  1.1849867  1.1849867  1.26766019 1.26766019 1.26766019
 1.26766019 1.26766019 1.26766019 1.26766019 1.26766019 1.35033368
 1.35033368 1.35033368 1.35033368 1.35033368 1.35033368 1.35033368
 1.35033368 1.35033368 1.35033368 1.43300718 1.43300718 1.43300718
 1.43300718 1.43300718 1.43300718 1.43300718 1.43300718 1.43300718
 1.43300718 1.43300718 1.51568067 1.51568067 1.51568067 1.51568067
 1.51568067 1.51568067 1.51568067 1.51568067 1.51568067 1.51568067
 1.51568067 1.51568067 1.51568067 1.59835416 1.59835416 1.59835416
 1.59835416 1.59835416 1.59835416 1.59835416 1.59835416 1.59835416
 1.59835416 1.59835416 1.59835416 1.59835416 1.68102765 1.68102765
 1.68102765 1.68102765 1.68102765 1.68102765 1.68102765 1.68102765
 1.68102765 1.68102765 1.68102765 1.68102765 1.68102765 1.68102765
 1.76370114 1.76370114 1.76370114 1.76370114 1.76370114 1.76370114
 1.76370114 1.76370114 1.76370114 1.76370114 1.76370114 1.76370114
 1.76370114 1.76370114 1.84637463 1.84637463 1.84637463 1.84637463
 1.84637463 1.84637463 1.84637463 1.84637463 1.84637463 1.84637463
 1.84637463 1.84637463 1.84637463 1.84637463]","[1.07475538 1.15742887 0.82673491 0.9094084  0.99208189 1.07475538
 1.15742887 1.24010236 0.74406142 0.82673491 0.9094084  0.99208189
 1.07475538 1.15742887 1.24010236 0.74406142 0.82673491 0.9094084
 0.99208189 1.07475538 1.15742887 1.24010236 1.32277585 0.66138793
 0.74406142 0.82673491 0.9094084  0.99208189 1.07475538 1.15742887
 1.24010236 1.32277585 1.40544935 0.57871444 0.66138793 0.74406142
 0.82673491 0.9094084  0.99208189 1.07475538 1.15742887 1.24010236
 1.32277585 1.40544935 0.49604095 0.57871444 0.66138793 0.74406142
 0.82673491 0.9094084  0.99208189 1.07475538 1.15742887 1.24010236
 1.32277585 1.40544935 1.48812284 0.49604095 0.57871444 0.66138793
 0.74406142 0.82673491 0.9094084  0.99208189 1.07475538 1.15742887
 1.24010236 1.32277585 1.40544935 1.48812284 0.41336745 0.49604095
 0.57871444 0.66138793 0.74406142 0.82673491 0.9094084  0.99208189
 1.07475538 1.15742887 1.24010236 1.32277585 1.40544935 1.48812284
 0.33069396 0.41336745 0.49604095 0.57871444 0.66138793 0.74406142
 0.82673491 0.9094084  0.99208189 1.07475538 1.15742887 1.24010236
 1.32277585 1.40544935 0.24802047 0.33069396 0.41336745 0.49604095
 0.57871444 0.66138793 0.74406142 0.82673491 0.9094084  0.99208189
 1.07475538 1.15742887 1.24010236 1.32277585]","[1.0200302  1.01994151 1.10317723 1.10304149 1.10291854 1.10281883
 1.10275234 1.10272849 1.18607281 1.18593433 1.18580252 1.18568837
 1.18560223 1.18555377 1.18555188 1.2688304  1.2686862  1.26855384
 1.2684442  1.26836729 1.26833231 1.26834741 1.26841924 1.3517363
 1.35157547 1.35142049 1.351283   1.35117351 1.35110154 1.35107562
 1.35110311 1.35118962 1.35133783 1.43466043 1.43447758 1.43429448
 1.43412387 1.43397693 1.4338636  1.43379271 1.43377202 1.43380803
 1.43390532 1.43406533 1.51761256 1.51740043 1.51718186 1.51697114
 1.51678042 1.5166202  1.51649963 1.51642674 1.51640843 1.51645028
 1.5165559  1.5167256  1.51695383 1.60035068 1.60008751 1.59982847
 1.59958689 1.59937378 1.59919846 1.59906891 1.59899204 1.59897375
 1.59901874 1.59912989 1.59930702 1.59954439 1.68336731 1.68304719
 1.6827285  1.6824261  1.68215168 1.68191471 1.68172304 1.6815833
 1.68150122 1.68148162 1.68152823 1.68164314 1.68182548 1.68206905
 1.7664755  1.7660775  1.76568107 1.76530278 1.7649549  1.76464674
 1.76438566 1.76417768 1.76402787 1.76394063 1.76391965 1.76396779
 1.76408644 1.76427444 1.84971715 1.84920794 1.84870634 1.84823032
 1.84779197 1.8473997  1.84705964 1.84677649 1.84655415 1.84639594
 1.84630485 1.84628346 1.84633374 1.84645655]","[1.07162342 1.15414339 0.82349713 0.90611141 0.98870872 1.07127337
 1.15378913 1.23623826 0.74046999 0.82311762 0.90575591 0.98836888
 1.07094105 1.15345632 1.23589691 0.74007259 0.8227582  0.90542518
 0.98805824 1.07064242 1.15316204 1.23559962 1.31793481 0.65696249
 0.73970461 0.82243389 0.90513465 0.98779263 1.07039381 1.15292324
 1.23536399 1.31769612 1.39989594 0.5737677  0.65657951 0.73938295
 0.82216138 0.9049008  0.98758847 1.07021164 1.15275643 1.23520674
 1.31754326 1.39974273 0.49046141 0.57336215 0.65625698 0.73912764
 0.82196002 0.90474239 0.98746396 1.07011363 1.15267889 1.23514477
 1.31749279 1.3997003  1.48174082 0.49002717 0.57303731 0.65601986
 0.73896055 0.82184884 0.90467603 0.98743393 1.07011359 1.15270428
 1.23519238 1.31756035 1.39978588 1.48184194 0.40650132 0.48966286
 0.57278711 0.65585972 0.73887168 0.8218168  0.90469001 0.98748609
 1.07019858 1.15281881 1.23533489 1.31773068 1.39998479 1.48207052
 0.32270849 0.4060806  0.48939362 0.57263441 0.65579695 0.73887892
 0.82187946 0.90479775 0.98763198 1.07037852 1.15303106 1.23557968
 1.31800982 1.40030122 0.2385227  0.3222027  0.40577882 0.48924312
 0.57259643 0.65584339 0.73898975 0.82204078 0.90500042 0.98787059
 1.07065072 1.15333704 1.23592188 1.3183926 ]"
182.47977790899648,439.11537908518005,0.17597062317174167,0.2630395962990148,0.0010854650437279276,0.004297019745766392,0.0009278725107221484,0.004193705219608582,0.0031479249691812594,0.008279695187314695,106,"[1.01963972 1.10231321 1.10231321 1.10231321 1.10231321 1.10231321
 1.1849867  1.1849867  1.1849867  1.1849867  1.1849867  1.1849867
 1.26766019 1.26766019 1.26766019 1.26766019 1.26766019 1.26766019
 1.26766019 1.26766019 1.35033368 1.35033368 1.35033368 1.35033368
 1.35033368 1.35033368 1.35033368 1.35033368 1.35033368 1.43300718
 1.43300718 1.43300718 1.43300718 1.43300718 1.43300718 1.43300718
 1.43300718 1.43300718 1.43300718 1.51568067 1.51568067 1.51568067
 1.51568067 1.51568067 1.51568067 1.51568067 1.51568067 1.51568067
 1.51568067 1.51568067 1.51568067 1.59835416 1.59835416 1.59835416
 1.59835416 1.59835416 1.59835416 1.59835416 1.59835416 1.59835416
 1.59835416 1.59835416 1.59835416 1.59835416 1.68102765 1.68102765
 1.68102765 1.68102765 1.68102765 1.68102765 1.68102765 1.68102765
 1.68102765 1.68102765 1.68102765 1.68102765 1.68102765 1.68102765
 1.76370114 1.76370114 1.76370114 1.76370114 1.76370114 1.76370114
 1.76370114 1.76370114 1.76370114 1.76370114 1.76370114 1.76370114
 1.76370114 1.76370114 1.84637463 1.84637463 1.84637463 1.84637463
 1.84637463 1.84637463 1.84637463 1.84637463 1.84637463 1.84637463
 1.84637463 1.84637463 1.84637463 1.84637463]","[1.15742887 0.9094084  0.99208189 1.07475538 1.15742887 1.24010236
 0.82673491 0.9094084  0.99208189 1.07475538 1.15742887 1.24010236
 0.74406142 0.82673491 0.9094084  0.99208189 1.07475538 1.15742887
 1.24010236 1.32277585 0.74406142 0.82673491 0.9094084  0.99208189
 1.07475538 1.15742887 1.24010236 1.32277585 1.40544935 0.66138793
 0.74406142 0.82673491 0.9094084  0.99208189 1.07475538 1.15742887
 1.24010236 1.32277585 1.40544935 0.57871444 0.66138793 0.74406142
 0.82673491 0.9094084  0.99208189 1.07475538 1.15742887 1.24010236
 1.32277585 1.40544935 1.48812284 0.49604095 0.57871444 0.66138793
 0.74406142 0.82673491 0.9094084  0.99208189 1.07475538 1.15742887
 1.24010236 1.32277585 1.40544935 1.48812284 0.41336745 0.49604095
 0.57871444 0.66138793 0.74406142 0.82673491 0.9094084  0.99208189
 1.07475538 1.15742887 1.24010236 1.32277585 1.40544935 1.48812284
 0.33069396 0.41336745 0.49604095 0.57871444 0.66138793 0.74406142
 0.82673491 0.9094084  0.99208189 1.07475538 1.15742887 1.24010236
 1.32277585 1.40544935 0.24802047 0.33069396 0.41336745 0.49604095
 0.57871444 0.66138793 0.74406142 0.82673491 0.9094084  0.99208189
 1.07475538 1.15742887 1.24010236 1.32277585]","[1.01993199 1.10301074 1.10289347 1.10280055 1.10274204 1.1027276
 1.18589417 1.18576798 1.18566057 1.18558223 1.18554268 1.18555109
 1.26877996 1.26864138 1.26851587 1.2684141  1.268346   1.26832082
 1.26834706 1.26843203 1.35151939 1.35137154 1.35124227 1.35114186
 1.35107972 1.3510645  1.35110388 1.3512042  1.35136934 1.43440887
 1.43423341 1.43407165 1.43393443 1.43383142 1.4337714  1.43376224
 1.4338108  1.43392239 1.43409971 1.51731699 1.51710684 1.51690595
 1.51672597 1.51657701 1.51646804 1.516407   1.51640097 1.51645589
 1.51657611 1.5167632  1.51701357 1.60024913 1.5999956  1.59974787
 1.59951856 1.5993182  1.59915575 1.59903903 1.59897492 1.5989695
 1.59902786 1.5991536  1.59934778 1.59960657 1.68324347 1.68293498
 1.68262982 1.68234194 1.68208239 1.68186021 1.68168297 1.6815572
 1.68148865 1.68148232 1.68154235 1.68167151 1.68187008 1.68213364
 1.76632235 1.7659392  1.7655597  1.76519922 1.76486923 1.76457855
 1.76433422 1.76414209 1.76400721 1.76393406 1.76392654 1.7639879
 1.76412018 1.76432324 1.84952255 1.84903391 1.84855476 1.84810158
 1.84768556 1.84731457 1.84699447 1.84672986 1.84652458 1.84638206
 1.8463054  1.84629744 1.8463605  1.84649603]","[1.15470051 0.90661852 0.98924613 1.07184118 1.15438875 1.23687225
 0.82365056 0.90631518 0.98895375 1.07155211 1.15409536 1.23656681
 0.74063827 0.82334617 0.90603385 0.98868744 1.07129326 1.15383676
 1.2363014  1.31866754 0.74032923 0.82307397 0.90578933 0.98846241
 1.07108035 1.15362924 1.23609298 1.3184522  1.40068325 0.65725051
 0.74006356 0.82285006 0.90559755 0.9882945  1.07092924 1.15348878
 1.23595777 1.31831734 1.40054415 0.57409205 0.65698955 0.73986077
 0.82269332 0.90547683 0.98820156 1.07085733 1.1534324  1.23591241
 1.31827928 1.4005102  1.48257746 0.49083287 0.5738369  0.65681081
 0.73974235 0.82262242 0.90544345 0.98819811 1.07087818 1.15347355
 1.23597113 1.31835369 1.40059878 1.4826782  0.40740524 0.49054883
 0.57365249 0.65670429 0.73969681 0.82262497 0.90548448 0.98827071
 1.07097774 1.15359736 1.2361181  1.3185241  1.40079394 1.4829
 0.32374368 0.40708069 0.49035663 0.57356121 0.65669011 0.739742
 0.82271662 0.90561352 0.9884312  1.07116629 1.15381276 1.23636103
 1.31879681 1.40109992 0.23974078 0.32335859 0.40687303 0.49027934
 0.57357988 0.65677993 0.73988538 0.82290147 0.905832   0.98867886
 1.07144144 1.1541161  1.23669537 1.31916687]"
379.51605156838696,387.5405537505836,0.1827324170455399,0.21374035815357106,0.0007394890468477595,0.004298032900240839,0.0006496153205360354,0.004235047136497093,0.0018334113917415351,0.0068069044889007,110,"[1.10231321 1.10231321 1.10231321 1.10231321 1.10231321 1.10231321
 1.1849867  1.1849867  1.1849867  1.1849867  1.1849867  1.1849867
 1.1849867  1.26766019 1.26766019 1.26766019 1.26766019 1.26766019
 1.26766019 1.26766019 1.26766019 1.26766019 1.35033368 1.35033368
 1.35033368 1.35033368 1.35033368 1.35033368 1.35033368 1.35033368
 1.35033368 1.35033368 1.43300718 1.43300718 1.43300718 1.43300718
 1.43300718 1.43300718 1.43300718 1.43300718 1.43300718 1.43300718
 1.43300718 1.51568067 1.51568067 1.51568067 1.51568067 1.51568067
 1.51568067 1.51568067 1.51568067 1.51568067 1.51568067 1.51568067
 1.51568067 1.51568067 1.59835416 1.59835416 1.59835416 1.59835416
 1.59835416 1.59835416 1.59835416 1.59835416 1.59835416 1.59835416
 1.59835416 1.59835416 1.59835416 1.68102765 1.68102765 1.68102765
 1.68102765 1.68102765 1.68102765 1.68102765 1.68102765 1.68102765
 1.68102765 1.68102765 1.68102765 1.68102765 1.68102765 1.76370114
 1.76370114 1.76370114 1.76370114 1.76370114 1.76370114 1.76370114
 1.76370114 1.76370114 1.76370114 1.76370114 1.76370114 1.76370114
 1.76370114 1.84637463 1.84637463 1.84637463 1.84637463 1.84637463
 1.84637463 1.84637463 1.84637463 1.84637463 1.84637463 1.84637463
 1.84637463 1.84637463]","[0.74406142 0.82673491 0.9094084  0.99208189 1.07475538 1.15742887
 0.74406142 0.82673491 0.9094084  0.99208189 1.07475538 1.15742887
 1.24010236 0.66138793 0.74406142 0.82673491 0.9094084  0.99208189
 1.07475538 1.15742887 1.24010236 1.32277585 0.66138793 0.74406142
 0.82673491 0.9094084  0.99208189 1.07475538 1.15742887 1.24010236
 1.32277585 1.40544935 0.57871444 0.66138793 0.74406142 0.82673491
 0.9094084  0.99208189 1.07475538 1.15742887 1.24010236 1.32277585
 1.40544935 0.49604095 0.57871444 0.66138793 0.74406142 0.82673491
 0.9094084  0.99208189 1.07475538 1.15742887 1.24010236 1.32277585
 1.40544935 1.48812284 0.49604095 0.57871444 0.66138793 0.74406142
 0.82673491 0.9094084  0.99208189 1.07475538 1.15742887 1.24010236
 1.32277585 1.40544935 1.48812284 0.41336745 0.49604095 0.57871444
 0.66138793 0.74406142 0.82673491 0.9094084  0.99208189 1.07475538
 1.15742887 1.24010236 1.32277585 1.40544935 1.48812284 0.33069396
 0.41336745 0.49604095 0.57871444 0.66138793 0.74406142 0.82673491
 0.9094084  0.99208189 1.07475538 1.15742887 1.24010236 1.32277585
 1.40544935 0.33069396 0.41336745 0.49604095 0.57871444 0.66138793
 0.74406142 0.82673491 0.9094084  0.99208189 1.07475538 1.15742887
 1.24010236 1.32277585]","[1.10302398 1.10293036 1.10283866 1.1027562  1.10269007 1.10264714
 1.18573673 1.18564505 1.18555835 1.18548393 1.1854287  1.1853993
 1.18540198 1.26854595 1.26845189 1.26835842 1.26827319 1.26820332
 1.26815555 1.26813619 1.26815111 1.2682055  1.35126479 1.3511616
 1.35106261 1.35097533 1.3509067  1.35086316 1.35085069 1.35087473
 1.35093994 1.35104953 1.4340896  1.43397304 1.43385661 1.4337484
 1.43365574 1.43358526 1.43354307 1.43353478 1.43356538 1.433639
 1.43375816 1.51693171 1.51679678 1.51665778 1.5165237  1.51640243
 1.51630101 1.51622578 1.51618251 1.51617639 1.51621197 1.51629279
 1.5164207  1.51659438 1.59963226 1.59946496 1.5992999  1.59914564
 1.59900949 1.59889785 1.59881642 1.59877034 1.59876425 1.59880223
 1.59888754 1.59902197 1.59920452 1.68252118 1.68231873 1.68211594
 1.68192231 1.68174569 1.68159271 1.68146906 1.68137978 1.68132938
 1.68132188 1.68136077 1.68144871 1.68158686 1.68177348 1.76547817
 1.76522716 1.76497454 1.76473102 1.76450502 1.76430331 1.76413152
 1.76399445 1.76389633 1.7638409  1.76383154 1.76387113 1.76396183
 1.76410441 1.84820804 1.84788802 1.84757975 1.84729206 1.84703163
 1.84680372 1.84661264 1.84646206 1.8463552  1.846295   1.84628406
 1.84632467 1.84641846]","[0.74133686 0.82392148 0.90650697 0.98908047 1.07162935 1.15414029
 0.74100176 0.82361209 0.90621695 0.98880382 1.07136027 1.15387312
 1.23632738 0.65803926 0.74067873 0.82331893 0.90594699 0.98855092
 1.07111875 1.15363752 1.23609232 1.31846519 0.65769565 0.74037719
 0.82305159 0.90570689 0.98833185 1.07091509 1.1534441  1.23590421
 1.31827751 1.40054157 0.57464816 0.65737987 0.74010844 0.82282144
 0.90550804 0.98815801 1.07076078 1.15330445 1.23577481 1.31815417
 1.40042014 0.4915179  0.57431296 0.6571075  0.73988817 0.82264418
 0.90536615 0.98804503 1.07067125 1.15323375 1.23571898 1.31810974
 1.40038392 1.48251354 0.49116332 0.57403958 0.65690072 0.739736
 0.82253695 0.90529616 0.98800633 1.07065933 1.15324529 1.23575155
 1.31816144 1.40045286 1.48259691 0.4078609  0.49084251 0.57380417
 0.65673502 0.73962748 0.82247576 0.90527473 0.98801899 1.07070208
 1.15331557 1.23584811 1.31828418 1.40060268 1.48277557 0.3243518
 0.40747933 0.4905746  0.57362718 0.65663114 0.73958295 0.82248012
 0.90532027 0.9881003  1.07081571 1.15345981 1.2360228  1.31849057
 1.40084322 0.32388706 0.40716722 0.49038116 0.5735265  0.65660364
 0.73961403 0.82255918 0.90543987 0.98825565 1.07100428 1.15368108
 1.23627811 1.31878303]"
394.5909051984914,163.12150652746988,0.13943098361433365,0.29656880813044884,0.0009192949684928912,0.008477825674314727,0.0007753111504830665,0.008222840641932669,0.0024709116000216635,0.013944065789811944,155,"[1.01963972 1.01963972 1.01963972 1.01963972 1.01963972 1.01963972
 1.10231321 1.10231321 1.10231321 1.10231321 1.10231321 1.10231321
 1.10231321 1.10231321 1.10231321 1.10231321 1.10231321 1.10231321
 1.1849867  1.1849867  1.1849867  1.1849867  1.1849867  1.1849867
 1.1849867  1.1849867  1.1849867  1.1849867  1.1849867  1.1849867
 1.1849867  1.1849867  1.26766019 1.26766019 1.26766019 1.26766019
 1.26766019 1.26766019 1.26766019 1.26766019 1.26766019 1.26766019
 1.26766019 1.26766019 1.26766019 1.26766019 1.35033368 1.35033368
 1.35033368 1.35033368 1.35033368 1.35033368 1.35033368 1.35033368
 1.35033368 1.35033368 1.35033368 1.35033368 1.35033368 1.35033368
 1.35033368 1.43300718 1.43300718 1.43300718 1.43300718 1.43300718
 1.43300718 1.43300718 1.43300718 1.43300718 1.43300718 1.43300718
 1.43300718 1.43300718 1.43300718 1.43300718 1.43300718 1.51568067
 1.51568067 1.51568067 1.51568067 1.51568067 1.51568067 1.51568067
 1.51568067 1.51568067 1.51568067 1.51568067 1.51568067 1.51568067
 1.51568067 1.51568067 1.51568067 1.59835416 1.59835416 1.59835416
 1.59835416 1.59835416 1.59835416 1.59835416 1.59835416 1.59835416
 1.59835416 1.59835416 1.59835416 1.59835416 1.59835416 1.59835416
 1.59835416 1.68102765 1.68102765 1.68102765 1.68102765 1.68102765
 1.68102765 1.68102765 1.68102765 1.68102765 1.68102765 1.68102765
 1.68102765 1.68102765 1.68102765 1.68102765 1.68102765 1.76370114
 1.76370114 1.76370114 1.76370114 1.76370114 1.76370114 1.76370114
 1.76370114 1.76370114 1.76370114 1.76370114 1.76370114 1.76370114
 1.76370114 1.76370114 1.84637463 1.84637463 1.84637463 1.84637463
 1.84637463 1.84637463 1.84637463 1.84637463 1.84637463 1.84637463
 1.84637463 1.84637463 1.84637463 1.84637463 1.84637463]","[0.82673491 0.9094084  0.99208189 1.07475538 1.15742887 1.24010236
 0.33069396 0.41336745 0.49604095 0.57871444 0.66138793 0.74406142
 0.82673491 0.9094084  0.99208189 1.07475538 1.15742887 1.24010236
 0.24802047 0.33069396 0.41336745 0.49604095 0.57871444 0.66138793
 0.74406142 0.82673491 0.9094084  0.99208189 1.07475538 1.15742887
 1.24010236 1.32277585 0.24802047 0.33069396 0.41336745 0.49604095
 0.57871444 0.66138793 0.74406142 0.82673491 0.9094084  0.99208189
 1.07475538 1.15742887 1.24010236 1.32277585 0.24802047 0.33069396
 0.41336745 0.49604095 0.57871444 0.66138793 0.74406142 0.82673491
 0.9094084  0.99208189 1.07475538 1.15742887 1.24010236 1.32277585
 1.40544935 0.24802047 0.33069396 0.41336745 0.49604095 0.57871444
 0.66138793 0.74406142 0.82673491 0.9094084  0.99208189 1.07475538
 1.15742887 1.24010236 1.32277585 1.40544935 1.48812284 0.24802047
 0.33069396 0.41336745 0.49604095 0.57871444 0.66138793 0.74406142
 0.82673491 0.9094084  0.99208189 1.07475538 1.15742887 1.24010236
 1.32277585 1.40544935 1.48812284 0.24802047 0.33069396 0.41336745
 0.49604095 0.57871444 0.66138793 0.74406142 0.82673491 0.9094084
 0.99208189 1.07475538 1.15742887 1.24010236 1.32277585 1.40544935
 1.48812284 0.24802047 0.33069396 0.41336745 0.49604095 0.57871444
 0.66138793 0.74406142 0.82673491 0.9094084  0.99208189 1.07475538
 1.15742887 1.24010236 1.32277585 1.40544935 1.48812284 0.24802047
 0.33069396 0.41336745 0.49604095 0.57871444 0.66138793 0.74406142
 0.82673491 0.9094084  0.99208189 1.07475538 1.15742887 1.24010236
 1.32277585 1.40544935 0.24802047 0.33069396 0.41336745 0.49604095
 0.57871444 0.66138793 0.74406142 0.82673491 0.9094084  0.99208189
 1.07475538 1.15742887 1.24010236 1.32277585 1.40544935]","[1.02026672 1.02017024 1.02007403 1.01998392 1.01990528 1.01984278
 1.10321958 1.10324678 1.10323921 1.10320195 1.10314113 1.10306337
 1.10297535 1.10288361 1.10279438 1.10271348 1.10264613 1.10259664
 1.18589813 1.18596119 1.18598351 1.18596982 1.1859265  1.18586067
 1.18577959 1.18569035 1.18559973 1.18551403 1.18543898 1.18537959
 1.18533981 1.18532204 1.26867891 1.26873345 1.26874461 1.268719
 1.26866435 1.2685887  1.26849991 1.26840543 1.26831221 1.26822656
 1.26815408 1.26809952 1.26806646 1.26805674 1.3514934  1.35153178
 1.35152475 1.35148083 1.3514091  1.35131848 1.35121738 1.35111356
 1.35101403 1.35092506 1.35085209 1.35079958 1.35077072 1.35076685
 1.35078633 1.43433747 1.4343508  1.43431749 1.43424805 1.43415291
 1.43404181 1.4339236  1.43380625 1.43369678 1.43360132 1.43352512
 1.43347233 1.43344576 1.43344627 1.43347161 1.43351451 1.5172052
 1.51718267 1.51711347 1.51701017 1.51688441 1.51674663 1.51660604
 1.51647067 1.5163475  1.51624252 1.51616075 1.51610605 1.51608087
 1.51608558 1.51611738 1.51616828 1.6000817  1.60000972 1.59989338
 1.59974724 1.599584   1.59941447 1.59924784 1.59909186 1.59895306
 1.59883695 1.598748   1.59868965 1.598664   1.59867127 1.59870876
 1.59876902 1.68298285 1.68284953 1.68267699 1.68248106 1.68227489
 1.68206929 1.68187309 1.68169359 1.6815368  1.68140766 1.68131012
 1.68124712 1.68122029 1.68122945 1.68127153 1.68133865 1.76590969
 1.76569648 1.76545323 1.76519642 1.76493903 1.76469121 1.76446102
 1.76425489 1.764078   1.76393454 1.76382779 1.7637601  1.76373269
 1.7637451  1.76379421 1.84884554 1.84853143 1.84820236 1.84787407
 1.84755818 1.84726334 1.8469961  1.84676157 1.84656374 1.84640578
 1.84629015 1.84621854 1.84619168 1.84620892 1.84626726]","[0.82179888 0.90410738 0.98642279 1.0687259  1.1509974  1.23321714
 0.32827496 0.41013743 0.49215305 0.57428867 0.65651447 0.73880412
 0.82113419 0.90348349 0.9858323  1.06816158 1.1504522  1.23268409
 0.2454102  0.32718    0.40913505 0.49123725 0.57345195 0.65574872
 0.738101   0.82048539 0.90288097 0.98526839 1.06762898 1.14994389
 1.23219335 1.31435611 0.24417115 0.32605147 0.40811215 0.49031239
 0.57261626 0.65499274 0.7374152  0.81986062 0.90230862 0.98474046
 1.06713805 1.14948302 1.23175596 1.31393595 0.24288207 0.32489074
 0.40707266 0.48938451 0.57178901 0.6542548  0.73675567 0.81926937
 0.90177641 0.98425892 1.0666996  1.14908075 1.23138346 1.31358721
 1.39567011 0.24154215 0.32370111 0.40602312 0.48846201 0.57097967
 0.65354516 0.73613329 0.818723   0.90129606 0.98383576 1.06632584
 1.14874946 1.23108844 1.31332267 1.39543057 1.47739137 0.24015389
 0.32249034 0.40497406 0.48755719 0.57020194 0.6528786  0.73556359
 0.81823757 0.90088395 0.9834875  1.06603326 1.14850553 1.23088696
 1.31315809 1.39529755 1.47728442 0.23873307 0.32127847 0.403948
 0.4866936  0.56947905 0.65227704 0.7350666  0.81783103 0.90055612
 0.98322886 1.06583613 1.14836374 1.23079543 1.31311223 1.39529246
 1.47731359 0.23725098 0.32003835 0.40291807 0.48584429 0.56878418
 0.6517142  0.73461702 0.81747926 0.90028969 0.98303788 1.06571293
 1.1483025  1.23079185 1.313163   1.39539466 1.47746366 0.23569538
 0.31877084 0.40189427 0.48502516 0.56813673 0.6512112  0.73423644
 0.81720358 0.90010523 0.98293421 1.06568237 1.14833969 1.23089323
 1.31332628 1.39561791 0.23407641 0.31749333 0.40089636 0.48425573
 0.56755463 0.65078386 0.73393848 0.8170155  0.9000124  0.98292596
 1.06575141 1.14848148 1.23110551 1.31360847 1.39597013]"
340.6202685560618,415.07163723929267,0.14531802384703643,0.24189342640587327,0.0007777015918741253,0.004130276684778501,0.0006820561059509723,0.004067406135988554,0.0019401239827505634,0.006647992905158995,107,"[1.10231321 1.10231321 1.10231321 1.10231321 1.10231321 1.1849867
 1.1849867  1.1849867  1.1849867  1.1849867  1.1849867  1.1849867
 1.26766019 1.26766019 1.26766019 1.26766019 1.26766019 1.26766019
 1.26766019 1.26766019 1.35033368 1.35033368 1.35033368 1.35033368
 1.35033368 1.35033368 1.35033368 1.35033368 1.35033368 1.35033368
 1.43300718 1.43300718 1.43300718 1.43300718 1.43300718 1.43300718
 1.43300718 1.43300718 1.43300718 1.43300718 1.43300718 1.51568067
 1.51568067 1.51568067 1.51568067 1.51568067 1.51568067 1.51568067
 1.51568067 1.51568067 1.51568067 1.51568067 1.51568067 1.59835416
 1.59835416 1.59835416 1.59835416 1.59835416 1.59835416 1.59835416
 1.59835416 1.59835416 1.59835416 1.59835416 1.59835416 1.59835416
 1.68102765 1.68102765 1.68102765 1.68102765 1.68102765 1.68102765
 1.68102765 1.68102765 1.68102765 1.68102765 1.68102765 1.68102765
 1.68102765 1.68102765 1.76370114 1.76370114 1.76370114 1.76370114
 1.76370114 1.76370114 1.76370114 1.76370114 1.76370114 1.76370114
 1.76370114 1.76370114 1.76370114 1.76370114 1.84637463 1.84637463
 1.84637463 1.84637463 1.84637463 1.84637463 1.84637463 1.84637463
 1.84637463 1.84637463 1.84637463 1.84637463 1.84637463]","[0.82673491 0.9094084  0.99208189 1.07475538 1.15742887 0.74406142
 0.82673491 0.9094084  0.99208189 1.07475538 1.15742887 1.24010236
 0.74406142 0.82673491 0.9094084  0.99208189 1.07475538 1.15742887
 1.24010236 1.32277585 0.66138793 0.74406142 0.82673491 0.9094084
 0.99208189 1.07475538 1.15742887 1.24010236 1.32277585 1.40544935
 0.57871444 0.66138793 0.74406142 0.82673491 0.9094084  0.99208189
 1.07475538 1.15742887 1.24010236 1.32277585 1.40544935 0.57871444
 0.66138793 0.74406142 0.82673491 0.9094084  0.99208189 1.07475538
 1.15742887 1.24010236 1.32277585 1.40544935 1.48812284 0.49604095
 0.57871444 0.66138793 0.74406142 0.82673491 0.9094084  0.99208189
 1.07475538 1.15742887 1.24010236 1.32277585 1.40544935 1.48812284
 0.41336745 0.49604095 0.57871444 0.66138793 0.74406142 0.82673491
 0.9094084  0.99208189 1.07475538 1.15742887 1.24010236 1.32277585
 1.40544935 1.48812284 0.33069396 0.41336745 0.49604095 0.57871444
 0.66138793 0.74406142 0.82673491 0.9094084  0.99208189 1.07475538
 1.15742887 1.24010236 1.32277585 1.40544935 0.33069396 0.41336745
 0.49604095 0.57871444 0.66138793 0.74406142 0.82673491 0.9094084
 0.99208189 1.07475538 1.15742887 1.24010236 1.32277585]","[1.10295922 1.10286182 1.10277461 1.10270517 1.10266089 1.18577656
 1.18567878 1.18558664 1.18550797 1.18545021 1.18542049 1.1854256
 1.26849626 1.26839653 1.26830598 1.26823224 1.26818255 1.26816372
 1.26818208 1.26824329 1.35132005 1.35120962 1.35110406 1.35101143
 1.35093915 1.35089414 1.35088282 1.35091107 1.35098395 1.35110504
 1.43415637 1.43403135 1.43390688 1.43379164 1.43369344 1.43361939
 1.43357602 1.43356931 1.43360466 1.43368654 1.43381776 1.51686618
 1.5167174  1.51657439 1.51644554 1.51633834 1.51625953 1.51621523
 1.51621098 1.51625164 1.51634105 1.51648129 1.51667109 1.59971435
 1.59953513 1.5993589  1.59919472 1.59905038 1.59893264 1.59884754
 1.59880051 1.59879648 1.59883979 1.59893393 1.59908083 1.59927945
 1.68261697 1.68239982 1.68218308 1.68197682 1.68178933 1.68162757
 1.68149753 1.6814045  1.68135321 1.68134792 1.68139231 1.68148922
 1.68163992 1.68184263 1.76558949 1.76532018 1.76505022 1.76479091
 1.76455105 1.76433772 1.76415677 1.76401318 1.76391133 1.76385513
 1.76384811 1.76389331 1.763993   1.76414806 1.84831475 1.84797305
 1.84764518 1.84734026 1.84706517 1.84682528 1.84662496 1.84646795
 1.84635757 1.8462968  1.84628839 1.84633468 1.84643743]","[0.82403551 0.90663833 0.98922794 1.07179174 1.15431647 0.74110933
 0.82373713 0.90635805 0.98895961 1.0715294  1.15405424 1.23651917
 0.74079805 0.82345463 0.9060975  0.98871471 1.07129429 1.1538233
 1.23628683 1.31866688 0.65780987 0.74050849 0.82319823 0.90586711
 0.98850395 1.07109738 1.15363493 1.23610193 1.31848043 1.40074794
 0.57475776 0.65750774 0.74025259 0.82297987 0.90567883 0.98833928
 1.0709507  1.15350126 1.23597678 1.31835953 1.40062708 0.57443819
 0.65725046 0.74004653 0.8228157  0.9055487  0.9882366  1.07086992
 1.15343771 1.23592645 1.31831897 1.40059311 1.48272078 0.4912862
 0.57418232 0.65706052 0.73991018 0.82272303 0.90549184 0.98820948
 1.07086797 1.15345757 1.23596571 1.31837576 1.40066561 1.48280638
 0.40798304 0.49098761 0.57396866 0.65691556 0.73982105 0.82267964
 0.90548648 0.98823644 1.07092325 1.15353866 1.23607142 1.31850608
 1.40082157 1.48298984 0.3244748  0.40762961 0.49074736 0.57381808
 0.65683638 0.73979922 0.82270458 0.90555046 0.98833409 1.07105122
 1.15369536 1.23625686 1.31872171 1.40107005 0.32404597 0.40735277
 0.49058744 0.57374854 0.65683729 0.7398559  0.82280644 0.90569017
 0.98850704 1.07125509 1.15392986 1.2365236  1.31902405]"
339.3709765655662,464.9873719275652,0.16595465717684613,0.2630269316431986,0.0007527964718834956,0.003763347062471692,0.0006652862553381353,0.0037070274061010563,0.0019143416851270523,0.006167540270142602,104,"[1.10231321 1.10231321 1.10231321 1.10231321 1.10231321 1.1849867
 1.1849867  1.1849867  1.1849867  1.1849867  1.1849867  1.26766019
 1.26766019 1.26766019 1.26766019 1.26766019 1.26766019 1.26766019
 1.26766019 1.35033368 1.35033368 1.35033368 1.35033368 1.35033368
 1.35033368 1.35033368 1.35033368 1.35033368 1.35033368 1.43300718
 1.43300718 1.43300718 1.43300718 1.43300718 1.43300718 1.43300718
 1.43300718 1.43300718 1.43300718 1.51568067 1.51568067 1.51568067
 1.51568067 1.51568067 1.51568067 1.51568067 1.51568067 1.51568067
 1.51568067 1.51568067 1.51568067 1.59835416 1.59835416 1.59835416
 1.59835416 1.59835416 1.59835416 1.59835416 1.59835416 1.59835416
 1.59835416 1.59835416 1.59835416 1.59835416 1.68102765 1.68102765
 1.68102765 1.68102765 1.68102765 1.68102765 1.68102765 1.68102765
 1.68102765 1.68102765 1.68102765 1.68102765 1.68102765 1.68102765
 1.76370114 1.76370114 1.76370114 1.76370114 1.76370114 1.76370114
 1.76370114 1.76370114 1.76370114 1.76370114 1.76370114 1.76370114
 1.76370114 1.84637463 1.84637463 1.84637463 1.84637463 1.84637463
 1.84637463 1.84637463 1.84637463 1.84637463 1.84637463 1.84637463
 1.84637463 1.84637463]","[0.82673491 0.9094084  0.99208189 1.07475538 1.15742887 0.82673491
 0.9094084  0.99208189 1.07475538 1.15742887 1.24010236 0.74406142
 0.82673491 0.9094084  0.99208189 1.07475538 1.15742887 1.24010236
 1.32277585 0.66138793 0.74406142 0.82673491 0.9094084  0.99208189
 1.07475538 1.15742887 1.24010236 1.32277585 1.40544935 0.66138793
 0.74406142 0.82673491 0.9094084  0.99208189 1.07475538 1.15742887
 1.24010236 1.32277585 1.40544935 0.57871444 0.66138793 0.74406142
 0.82673491 0.9094084  0.99208189 1.07475538 1.15742887 1.24010236
 1.32277585 1.40544935 1.48812284 0.49604095 0.57871444 0.66138793
 0.74406142 0.82673491 0.9094084  0.99208189 1.07475538 1.15742887
 1.24010236 1.32277585 1.40544935 1.48812284 0.41336745 0.49604095
 0.57871444 0.66138793 0.74406142 0.82673491 0.9094084  0.99208189
 1.07475538 1.15742887 1.24010236 1.32277585 1.40544935 1.48812284
 0.41336745 0.49604095 0.57871444 0.66138793 0.74406142 0.82673491
 0.9094084  0.99208189 1.07475538 1.15742887 1.24010236 1.32277585
 1.40544935 0.33069396 0.41336745 0.49604095 0.57871444 0.66138793
 0.74406142 0.82673491 0.9094084  0.99208189 1.07475538 1.15742887
 1.24010236 1.32277585]","[1.10295543 1.10285805 1.10277141 1.10270323 1.10266104 1.18567502
 1.18558323 1.18550551 1.18544944 1.18542228 1.18543102 1.26849232
 1.26839269 1.26830282 1.26823042 1.26818283 1.26816698 1.26818944
 1.26825619 1.35131569 1.3512051  1.35109996 1.35100836 1.3509378
 1.35089526 1.35088732 1.35092006 1.35099887 1.35112781 1.43402579
 1.43390149 1.43378704 1.43369025 1.43361828 1.43357775 1.43357477
 1.43361494 1.43370303 1.43384235 1.5168591  1.51671027 1.51656782
 1.51644016 1.51633477 1.51625841 1.51621729 1.51621707 1.51626281
 1.51635863 1.51650707 1.51670754 1.59970507 1.59952558 1.59934976
 1.59918663 1.59904393 1.59892842 1.59884615 1.59880262 1.59880288
 1.59885144 1.59895208 1.59910714 1.59931625 1.68260438 1.6823868
 1.68217041 1.68196518 1.68177931 1.68161971 1.68149235 1.68140254
 1.68135506 1.68135426 1.68140401 1.68150738 1.68166607 1.68187886
 1.76530208 1.76503259 1.76477449 1.76453643 1.76432542 1.76414722
 1.76400681 1.76390856 1.76385645 1.76385409 1.76390467 1.7640107
 1.76417339 1.84828897 1.84794821 1.84762208 1.8473195  1.84704718
 1.84681041 1.84661351 1.84646022 1.84635384 1.84629742 1.84629378
 1.84634541 1.84645425]","[0.82425424 0.90687458 0.98948104 1.07206158 1.15460351 0.82398087
 0.90661708 0.9892334  1.07181801 1.15435824 1.23683965 0.74105198
 0.82372235 0.90637811 0.98900788 1.07160021 1.15414267 1.23662082
 1.31901709 0.6580772  0.74078813 0.82348888 0.9061681  0.98881513
 1.07141912 1.15396804 1.2364477  1.31884052 1.40112427 0.65780318
 0.74055708 0.82329241 0.90599896 0.98866708 1.07128671 1.15384645
 1.23633253 1.3187276  1.40100944 0.57475427 0.6575734  0.740375
 0.82314901 0.90588667 0.98857954 1.07121858 1.15379321 1.23629032
 1.31869306 1.40097949 1.48312144 0.49162917 0.57452953 0.65741033
 0.7402617  0.82307591 0.90584626 0.988566   1.07122756 1.15382154
 1.23633573 1.31875381 1.40105391 1.48320708 0.40836146 0.49136688
 0.57434687 0.65729167 0.74019467 0.8230509  0.90585591 0.98860491
 1.07129196 1.15390912 1.23644547 1.31888587 1.40120948 1.48338827
 0.40805168 0.4911634  0.5742271  0.65723809 0.74019389 0.82309286
 0.9059333  0.9887127  1.07142708 1.15407019 1.23663268 1.31910082
 1.40145502 0.32452642 0.40781992 0.49104065 0.57418799 0.65726372
 0.74027034 0.82321015 0.90608462 0.98889381 1.07163594 1.15430675
 1.2368987  1.31939984]"
188.6627695578118,377.91715611570436,0.18992614102323035,0.28736955885442483,0.0010936947170880323,0.004764878010890393,0.0009360588476241009,0.004661586355947172,0.0031610818052385525,0.008954227284063865,111,"[1.01963972 1.10231321 1.10231321 1.10231321 1.10231321 1.10231321
 1.10231321 1.1849867  1.1849867  1.1849867  1.1849867  1.1849867
 1.1849867  1.1849867  1.26766019 1.26766019 1.26766019 1.26766019
 1.26766019 1.26766019 1.26766019 1.26766019 1.35033368 1.35033368
 1.35033368 1.35033368 1.35033368 1.35033368 1.35033368 1.35033368
 1.35033368 1.35033368 1.43300718 1.43300718 1.43300718 1.43300718
 1.43300718 1.43300718 1.43300718 1.43300718 1.43300718 1.43300718
 1.43300718 1.51568067 1.51568067 1.51568067 1.51568067 1.51568067
 1.51568067 1.51568067 1.51568067 1.51568067 1.51568067 1.51568067
 1.51568067 1.51568067 1.59835416 1.59835416 1.59835416 1.59835416
 1.59835416 1.59835416 1.59835416 1.59835416 1.59835416 1.59835416
 1.59835416 1.59835416 1.59835416 1.68102765 1.68102765 1.68102765
 1.68102765 1.68102765 1.68102765 1.68102765 1.68102765 1.68102765
 1.68102765 1.68102765 1.68102765 1.68102765 1.68102765 1.76370114
 1.76370114 1.76370114 1.76370114 1.76370114 1.76370114 1.76370114
 1.76370114 1.76370114 1.76370114 1.76370114 1.76370114 1.76370114
 1.76370114 1.84637463 1.84637463 1.84637463 1.84637463 1.84637463
 1.84637463 1.84637463 1.84637463 1.84637463 1.84637463 1.84637463
 1.84637463 1.84637463 1.84637463]","[1.15742887 0.82673491 0.9094084  0.99208189 1.07475538 1.15742887
 1.24010236 0.74406142 0.82673491 0.9094084  0.99208189 1.07475538
 1.15742887 1.24010236 0.74406142 0.82673491 0.9094084  0.99208189
 1.07475538 1.15742887 1.24010236 1.32277585 0.66138793 0.74406142
 0.82673491 0.9094084  0.99208189 1.07475538 1.15742887 1.24010236
 1.32277585 1.40544935 0.57871444 0.66138793 0.74406142 0.82673491
 0.9094084  0.99208189 1.07475538 1.15742887 1.24010236 1.32277585
 1.40544935 0.49604095 0.57871444 0.66138793 0.74406142 0.82673491
 0.9094084  0.99208189 1.07475538 1.15742887 1.24010236 1.32277585
 1.40544935 1.48812284 0.49604095 0.57871444 0.66138793 0.74406142
 0.82673491 0.9094084  0.99208189 1.07475538 1.15742887 1.24010236
 1.32277585 1.40544935 1.48812284 0.41336745 0.49604095 0.57871444
 0.66138793 0.74406142 0.82673491 0.9094084  0.99208189 1.07475538
 1.15742887 1.24010236 1.32277585 1.40544935 1.48812284 0.33069396
 0.41336745 0.49604095 0.57871444 0.66138793 0.74406142 0.82673491
 0.9094084  0.99208189 1.07475538 1.15742887 1.24010236 1.32277585
 1.40544935 0.24802047 0.33069396 0.41336745 0.49604095 0.57871444
 0.66138793 0.74406142 0.82673491 0.9094084  0.99208189 1.07475538
 1.15742887 1.24010236 1.32277585]","[1.01993326 1.10314149 1.10301163 1.10289452 1.10280023 1.10273842
 1.1027183  1.18602451 1.18589225 1.18576684 1.18565883 1.18557816
 1.18553422 1.18553568 1.26877545 1.26863833 1.26851301 1.26840988
 1.26833859 1.26830804 1.26832624 1.26839988 1.35166777 1.35151487
 1.35136803 1.35123834 1.35113586 1.35106974 1.35104829 1.35107876
 1.35116689 1.35131577 1.43457727 1.43440343 1.43422985 1.43406859
 1.43393033 1.43382458 1.43375988 1.43374379 1.43378277 1.4338816
 1.4340422  1.51751311 1.51731137 1.51710399 1.51690449 1.51672442
 1.51657379 1.51646142 1.51639508 1.51638156 1.51642645 1.51653359
 1.51670385 1.51693272 1.60024425 1.59999444 1.59974896 1.5995204
 1.59931927 1.59915447 1.59903371 1.59896374 1.59895039 1.59899843
 1.59911102 1.59928856 1.59952639 1.68324118 1.68293741 1.6826353
 1.68234886 1.68208922 1.68186545 1.6816851  1.68155464 1.68147971
 1.68146511 1.6815147  1.68163084 1.68181325 1.68205671 1.76632546
 1.76594796 1.76557208 1.76521344 1.76488369 1.76459179 1.76434485
 1.76414875 1.76400851 1.7639285  1.76391248 1.76396344 1.76408306
 1.7642707  1.84953571 1.84905331 1.84857789 1.84812638 1.84771036
 1.84733795 1.84701519 1.84674675 1.84653654 1.84638794 1.84630399
 1.84628737 1.84634021 1.84646365]","[1.15432089 0.82366808 0.90628766 0.98889045 1.07146141 1.15398499
 1.23644402 0.74066063 0.82331179 0.9059534  0.98857027 1.07114757
 1.15366984 1.23611986 0.74028803 0.82297453 0.90564266 0.98827787
 1.07086586 1.15339152 1.23583787 1.31818496 0.65720311 0.73994325
 0.8226705  0.90537002 0.98802824 1.07063172 1.15316603 1.23561467
 1.31795801 1.40017244 0.57403843 0.65684475 0.73964236 0.82241559
 0.9051512  0.98783703 1.07046083 1.15300916 1.23546627 1.31781307
 1.40002631 0.4907689  0.57365969 0.65654401 0.73940475 0.82222863
 0.90500452 0.98772209 1.07037061 1.15293792 1.23540929 1.31776645
 1.39998666 1.48204282 0.49036514 0.57335871 0.65632543 0.73925196
 0.82212836 0.90494636 0.98769804 1.07037473 1.1529659  1.23545814
 1.31783402 1.40007111 1.48214176 0.40688963 0.49002634 0.57312706
 0.65617848 0.73917211 0.82210209 0.90496352 0.98775127 1.07045899
 1.15307812 1.23559691 1.31799926 1.40026376 1.48236319 0.32316226
 0.40649782 0.4897769  0.57298739 0.65612368 0.73918353 0.822166
 0.90507018 0.98789416 1.07063424 1.1532841  1.2358339  1.31826914
 1.40056954 0.23906625 0.32269171 0.40621881 0.48964035 0.57295711
 0.65617336 0.73929433 0.82232484 0.90526839 0.98812661 1.0708987
 1.15358081 1.23616525 1.31863944]"
395.52332963334726,379.47913768448285,0.14932707743769758,0.25124018184720176,0.0007251829250537662,0.004342600951827034,0.0006368305764154591,0.004280184733197453,0.0017915416522964467,0.006847651202494143,110,"[1.10231321 1.10231321 1.10231321 1.10231321 1.10231321 1.10231321
 1.1849867  1.1849867  1.1849867  1.1849867  1.1849867  1.1849867
 1.1849867  1.26766019 1.26766019 1.26766019 1.26766019 1.26766019
 1.26766019 1.26766019 1.26766019 1.26766019 1.35033368 1.35033368
 1.35033368 1.35033368 1.35033368 1.35033368 1.35033368 1.35033368
 1.35033368 1.35033368 1.43300718 1.43300718 1.43300718 1.43300718
 1.43300718 1.43300718 1.43300718 1.43300718 1.43300718 1.43300718
 1.43300718 1.51568067 1.51568067 1.51568067 1.51568067 1.51568067
 1.51568067 1.51568067 1.51568067 1.51568067 1.51568067 1.51568067
 1.51568067 1.51568067 1.59835416 1.59835416 1.59835416 1.59835416
 1.59835416 1.59835416 1.59835416 1.59835416 1.59835416 1.59835416
 1.59835416 1.59835416 1.59835416 1.68102765 1.68102765 1.68102765
 1.68102765 1.68102765 1.68102765 1.68102765 1.68102765 1.68102765
 1.68102765 1.68102765 1.68102765 1.68102765 1.68102765 1.76370114
 1.76370114 1.76370114 1.76370114 1.76370114 1.76370114 1.76370114
 1.76370114 1.76370114 1.76370114 1.76370114 1.76370114 1.76370114
 1.76370114 1.84637463 1.84637463 1.84637463 1.84637463 1.84637463
 1.84637463 1.84637463 1.84637463 1.84637463 1.84637463 1.84637463
 1.84637463 1.84637463]","[0.74406142 0.82673491 0.9094084  0.99208189 1.07475538 1.15742887
 0.74406142 0.82673491 0.9094084  0.99208189 1.07475538 1.15742887
 1.24010236 0.66138793 0.74406142 0.82673491 0.9094084  0.99208189
 1.07475538 1.15742887 1.24010236 1.32277585 0.57871444 0.66138793
 0.74406142 0.82673491 0.9094084  0.99208189 1.07475538 1.15742887
 1.24010236 1.32277585 0.57871444 0.66138793 0.74406142 0.82673491
 0.9094084  0.99208189 1.07475538 1.15742887 1.24010236 1.32277585
 1.40544935 0.49604095 0.57871444 0.66138793 0.74406142 0.82673491
 0.9094084  0.99208189 1.07475538 1.15742887 1.24010236 1.32277585
 1.40544935 1.48812284 0.49604095 0.57871444 0.66138793 0.74406142
 0.82673491 0.9094084  0.99208189 1.07475538 1.15742887 1.24010236
 1.32277585 1.40544935 1.48812284 0.41336745 0.49604095 0.57871444
 0.66138793 0.74406142 0.82673491 0.9094084  0.99208189 1.07475538
 1.15742887 1.24010236 1.32277585 1.40544935 1.48812284 0.33069396
 0.41336745 0.49604095 0.57871444 0.66138793 0.74406142 0.82673491
 0.9094084  0.99208189 1.07475538 1.15742887 1.24010236 1.32277585
 1.40544935 0.33069396 0.41336745 0.49604095 0.57871444 0.66138793
 0.74406142 0.82673491 0.9094084  0.99208189 1.07475538 1.15742887
 1.24010236 1.32277585]","[1.10301053 1.1029192  1.10282965 1.10274903 1.10268423 1.10264192
 1.18572147 1.18563208 1.18554746 1.18547469 1.18542052 1.18539138
 1.18539334 1.26852652 1.26843493 1.26834382 1.26826063 1.2681923
 1.26814536 1.26812597 1.26813982 1.26819193 1.35134018 1.35124372
 1.35114324 1.35104675 1.35096155 1.35089438 1.35085153 1.35083881
 1.3508615  1.35092413 1.43406418 1.43395077 1.43383737 1.43373185
 1.43364134 1.43357231 1.43353073 1.43352203 1.4335511  1.43362193
 1.43373696 1.51690148 1.51677025 1.51663491 1.51650422 1.51638586
 1.51628672 1.51621297 1.51617025 1.51616365 1.51619758 1.51627548
 1.51639916 1.51656726 1.59960081 1.59943796 1.59927713 1.59912665
 1.59899367 1.59888446 1.59880457 1.59875903 1.59875239 1.59878863
 1.59887094 1.59900106 1.59917803 1.68248435 1.68228739 1.68208986
 1.68190104 1.68172861 1.68157906 1.68145797 1.68137029 1.68132043
 1.68131234 1.68134943 1.6814343  1.6815681  1.6817491  1.76543515
 1.76519098 1.76494491 1.76470741 1.76448673 1.76428954 1.76412138
 1.76398697 1.76389046 1.76383555 1.76382556 1.76386331 1.76395091
 1.76408914 1.84816617 1.84785437 1.8475536  1.84727255 1.84701784
 1.84679466 1.84660729 1.84645936 1.84635409 1.84629434 1.84628272
 1.84632144 1.84641214]","[0.74130866 0.82388697 0.90646657 0.98903461 1.07157846 1.15408483
 0.74096999 0.82357435 0.90617371 0.98875557 1.07130753 1.15381639
 1.2362672  0.65801022 0.7406435  0.82327804 0.90590098 0.98850036
 1.0710642  1.15357957 1.23603158 1.31840228 0.57499447 0.65766284
 0.7403384  0.82300743 0.90565796 0.9882788  1.07085856 1.15338472
 1.23584265 1.31821445 0.57461776 0.65734299 0.74006575 0.82277364
 0.90545585 0.98810212 1.07070188 1.15324324 1.23571199 1.31809045
 1.40035627 0.49149005 0.57427789 0.657066   0.73984105 0.82259226
 0.9053102  0.98798583 1.07060952 1.15317022 1.23565437 1.31804477
 1.40031934 1.48245011 0.49113024 0.57399916 0.65685395 0.73968383
 0.8224803  0.9052359  0.98794328 1.07059426 1.15317894 1.23568465
 1.3180947  1.400387   1.48253265 0.40782959 0.49080255 0.57375683
 0.6566815  0.73956889 0.82241313 0.90520898 0.98795099 1.07063261
 1.15324538 1.23577791 1.31821465 1.40053451 1.48270945 0.32432221
 0.40743926 0.49052577 0.57357116 0.65656935 0.73951663 0.82241038
 0.90524807 0.9880265  1.07074108 1.15338505 1.23594858 1.31841751
 1.40077195 0.32384631 0.4071158  0.49032126 0.57345999 0.6565321
 0.73953881 0.8224814  0.90536048 0.98817547 1.07092401 1.15360135
 1.2361995  1.31870607]"
268.50171463817026,457.76766833201293,0.15326937957281306,0.279733441764565,0.0008794054133422337,0.0039517121265630764,0.0007689704289239938,0.00388376139283983,0.002192135493843006,0.006579402482759622,104,"[1.10231321 1.10231321 1.10231321 1.10231321 1.1849867  1.1849867
 1.1849867  1.1849867  1.1849867  1.1849867  1.26766019 1.26766019
 1.26766019 1.26766019 1.26766019 1.26766019 1.26766019 1.26766019
 1.35033368 1.35033368 1.35033368 1.35033368 1.35033368 1.35033368
 1.35033368 1.35033368 1.35033368 1.35033368 1.43300718 1.43300718
 1.43300718 1.43300718 1.43300718 1.43300718 1.43300718 1.43300718
 1.43300718 1.43300718 1.51568067 1.51568067 1.51568067 1.51568067
 1.51568067 1.51568067 1.51568067 1.51568067 1.51568067 1.51568067
 1.51568067 1.51568067 1.59835416 1.59835416 1.59835416 1.59835416
 1.59835416 1.59835416 1.59835416 1.59835416 1.59835416 1.59835416
 1.59835416 1.59835416 1.59835416 1.68102765 1.68102765 1.68102765
 1.68102765 1.68102765 1.68102765 1.68102765 1.68102765 1.68102765
 1.68102765 1.68102765 1.68102765 1.68102765 1.68102765 1.76370114
 1.76370114 1.76370114 1.76370114 1.76370114 1.76370114 1.76370114
 1.76370114 1.76370114 1.76370114 1.76370114 1.76370114 1.76370114
 1.76370114 1.84637463 1.84637463 1.84637463 1.84637463 1.84637463
 1.84637463 1.84637463 1.84637463 1.84637463 1.84637463 1.84637463
 1.84637463 1.84637463]","[0.9094084  0.99208189 1.07475538 1.15742887 0.82673491 0.9094084
 0.99208189 1.07475538 1.15742887 1.24010236 0.74406142 0.82673491
 0.9094084  0.99208189 1.07475538 1.15742887 1.24010236 1.32277585
 0.66138793 0.74406142 0.82673491 0.9094084  0.99208189 1.07475538
 1.15742887 1.24010236 1.32277585 1.40544935 0.66138793 0.74406142
 0.82673491 0.9094084  0.99208189 1.07475538 1.15742887 1.24010236
 1.32277585 1.40544935 0.57871444 0.66138793 0.74406142 0.82673491
 0.9094084  0.99208189 1.07475538 1.15742887 1.24010236 1.32277585
 1.40544935 1.48812284 0.49604095 0.57871444 0.66138793 0.74406142
 0.82673491 0.9094084  0.99208189 1.07475538 1.15742887 1.24010236
 1.32277585 1.40544935 1.48812284 0.41336745 0.49604095 0.57871444
 0.66138793 0.74406142 0.82673491 0.9094084  0.99208189 1.07475538
 1.15742887 1.24010236 1.32277585 1.40544935 1.48812284 0.33069396
 0.41336745 0.49604095 0.57871444 0.66138793 0.74406142 0.82673491
 0.9094084  0.99208189 1.07475538 1.15742887 1.24010236 1.32277585
 1.40544935 0.33069396 0.41336745 0.49604095 0.57871444 0.66138793
 0.74406142 0.82673491 0.9094084  0.99208189 1.07475538 1.15742887
 1.24010236 1.32277585]","[1.10291549 1.10281732 1.10273991 1.10269176 1.18575687 1.18565223
 1.1855635  1.18549927 1.18546776 1.18547681 1.26859914 1.26848506
 1.26838203 1.26829887 1.2682439  1.26822495 1.26824935 1.26832364
 1.35144846 1.35132142 1.35120056 1.35109516 1.35101376 1.35096428
 1.35095408 1.35098992 1.35107759 1.35122122 1.43416732 1.43402422
 1.43389243 1.43378089 1.43369771 1.43365034 1.43364558 1.43368956
 1.43378735 1.43394214 1.51702821 1.51685687 1.51669299 1.51654618
 1.5164249  1.51633677 1.51628867 1.51628685 1.51633674 1.51644267
 1.51660691 1.51682793 1.59990618 1.59969952 1.5994973  1.59930987
 1.59914601 1.59901334 1.59891859 1.59886783 1.59886653 1.59891952
 1.59903057 1.59920167 1.5994313  1.68284102 1.68259008 1.68234105
 1.68210536 1.6818923  1.68170961 1.68156389 1.68146095 1.681406
 1.68140367 1.68145802 1.68157209 1.68174714 1.68198089 1.76585035
 1.76553898 1.76522896 1.76493299 1.76466083 1.76442019 1.76421737
 1.76405774 1.76394599 1.76388632 1.76388253 1.76393787 1.76405476
 1.76423401 1.84856677 1.84817495 1.84780168 1.84745679 1.84714751
 1.84687944 1.84665706 1.84648423 1.84636436 1.84630058 1.84629575
 1.84635235 1.84647222]","[0.90679063 0.98940597 1.07199284 1.15453773 0.82386997 0.90651759
 0.98914295 1.07173338 1.1542754  1.23675369 0.74091106 0.82359605
 0.90626427 0.98890344 1.07150129 1.15404461 1.23651815 1.31890353
 0.65790244 0.74063212 0.82334963 0.90604264 0.98869969 1.07130919
 1.15385839 1.23633237 1.31871281 1.40097686 0.6576135  0.74038959
 0.82314411 0.90586603 0.98854503 1.07117043 1.15373022 1.23621001
 1.31859181 1.40085285 0.57452516 0.65737341 0.74020084 0.82299659
 0.90575129 0.98845602 1.0711013  1.15367607 1.23616673 1.31855587
 1.40082112 1.48293425 0.49135159 0.57429022 0.65720538 0.74008634
 0.82292489 0.90571397 0.98844661 1.07111496 1.15370932 1.23621709
 1.31862155 1.40090046 1.48302496 0.40802592 0.49108214 0.57410762
 0.65709182 0.74002784 0.82291061 0.90573574 0.98849845 1.07119277
 1.15381062 1.23634081 1.31876786 1.4010706  1.48322095 0.32449229
 0.4077114  0.49088342 0.57399896 0.65705344 0.74004474 0.82297168
 0.90583299 0.98862648 1.07134835 1.15399242 1.23654918 1.31900462
 1.40133883 0.32411456 0.40748908 0.4907781  0.57398201 0.65710375
 0.74014702 0.82311513 0.90601036 0.98883341 1.0715829  1.15425478
 1.23684147 1.31933083]"
239.10454779820662,422.51923799677667,0.16968623023622198,0.2965186020326931,0.0009685055092246979,0.004294489414693555,0.0008338120117001439,0.004205467009511832,0.002779015553432629,0.007941055615682202,106,"[1.10231321 1.10231321 1.10231321 1.10231321 1.10231321 1.1849867
 1.1849867  1.1849867  1.1849867  1.1849867  1.1849867  1.26766019
 1.26766019 1.26766019 1.26766019 1.26766019 1.26766019 1.26766019
 1.26766019 1.35033368 1.35033368 1.35033368 1.35033368 1.35033368
 1.35033368 1.35033368 1.35033368 1.35033368 1.35033368 1.43300718
 1.43300718 1.43300718 1.43300718 1.43300718 1.43300718 1.43300718
 1.43300718 1.43300718 1.43300718 1.51568067 1.51568067 1.51568067
 1.51568067 1.51568067 1.51568067 1.51568067 1.51568067 1.51568067
 1.51568067 1.51568067 1.51568067 1.59835416 1.59835416 1.59835416
 1.59835416 1.59835416 1.59835416 1.59835416 1.59835416 1.59835416
 1.59835416 1.59835416 1.59835416 1.59835416 1.68102765 1.68102765
 1.68102765 1.68102765 1.68102765 1.68102765 1.68102765 1.68102765
 1.68102765 1.68102765 1.68102765 1.68102765 1.68102765 1.68102765
 1.76370114 1.76370114 1.76370114 1.76370114 1.76370114 1.76370114
 1.76370114 1.76370114 1.76370114 1.76370114 1.76370114 1.76370114
 1.76370114 1.76370114 1.84637463 1.84637463 1.84637463 1.84637463
 1.84637463 1.84637463 1.84637463 1.84637463 1.84637463 1.84637463
 1.84637463 1.84637463 1.84637463 1.84637463]","[0.82673491 0.9094084  0.99208189 1.07475538 1.15742887 0.82673491
 0.9094084  0.99208189 1.07475538 1.15742887 1.24010236 0.74406142
 0.82673491 0.9094084  0.99208189 1.07475538 1.15742887 1.24010236
 1.32277585 0.66138793 0.74406142 0.82673491 0.9094084  0.99208189
 1.07475538 1.15742887 1.24010236 1.32277585 1.40544935 0.66138793
 0.74406142 0.82673491 0.9094084  0.99208189 1.07475538 1.15742887
 1.24010236 1.32277585 1.40544935 0.57871444 0.66138793 0.74406142
 0.82673491 0.9094084  0.99208189 1.07475538 1.15742887 1.24010236
 1.32277585 1.40544935 1.48812284 0.49604095 0.57871444 0.66138793
 0.74406142 0.82673491 0.9094084  0.99208189 1.07475538 1.15742887
 1.24010236 1.32277585 1.40544935 1.48812284 0.41336745 0.49604095
 0.57871444 0.66138793 0.74406142 0.82673491 0.9094084  0.99208189
 1.07475538 1.15742887 1.24010236 1.32277585 1.40544935 1.48812284
 0.33069396 0.41336745 0.49604095 0.57871444 0.66138793 0.74406142
 0.82673491 0.9094084  0.99208189 1.07475538 1.15742887 1.24010236
 1.32277585 1.40544935 0.24802047 0.33069396 0.41336745 0.49604095
 0.57871444 0.66138793 0.74406142 0.82673491 0.9094084  0.99208189
 1.07475538 1.15742887 1.24010236 1.32277585]","[1.1030644  1.10294766 1.10284316 1.10276007 1.10270727 1.18580182
 1.1856903  1.18559516 1.18552541 1.18548965 1.18549598 1.26865739
 1.26853574 1.26842535 1.26833556 1.26827511 1.26825218 1.26827431
 1.26834809 1.3515207  1.35138521 1.35125583 1.35114242 1.35105402
 1.35099895 1.35098488 1.35101872 1.35110623 1.35125118 1.43424509
 1.43409204 1.43395058 1.43383022 1.43373954 1.43368634 1.43367767
 1.43371976 1.43381757 1.43397387 1.51712149 1.51693842 1.51676288
 1.51660513 1.51647415 1.51637794 1.51632369 1.51631781 1.5163658
 1.51647181 1.51663763 1.5168607  1.60001768 1.599797   1.59958064
 1.59937971 1.59920355 1.5990602  1.59895675 1.59889948 1.59889399
 1.59894507 1.5990563  1.59922913 1.59946096 1.68297329 1.68270518
 1.6824388  1.68218644 1.68195801 1.68176168 1.68160439 1.68149219
 1.68143041 1.68142378 1.68147627 1.6815907  1.6817678  1.68200427
 1.76600784 1.76567497 1.76534341 1.76502682 1.76473561 1.76447792
 1.76426035 1.76408844 1.76396701 1.76390035 1.76389222 1.7639458
 1.76406328 1.76424494 1.84915365 1.8487292  1.84830999 1.84791092
 1.84754243 1.84721208 1.84692565 1.84668773 1.84650219 1.84637247
 1.84630168 1.84629261 1.84634766 1.84646839]","[0.82397149 0.90659668 0.9892059  1.07178551 1.15432123 0.82365711
 0.90630094 0.98892171 1.07150596 1.15403948 1.23650624 0.74067588
 0.82335972 0.90602633 0.98866261 1.07125554 1.15379123 1.23625376
 1.31862413 0.65764082 0.74037246 0.8230918  0.90578563 0.98844171
 1.07104778 1.15359046 1.23605423 1.31842024 1.40066527 0.65732593
 0.74010795 0.82286756 0.90559295 0.98827311 1.07089678 1.15345142
 1.23592209 1.31829034 1.40053316 0.57420358 0.65706278 0.73990039
 0.82270467 0.90546563 0.9881738  1.07081922 1.15339042 1.23587332
 1.31825015 1.40049829 1.48258981 0.49098727 0.57394334 0.656875
 0.7397706  0.82262128 0.90541952 0.98815798 1.07082847 1.15342096
 1.23592249 1.31831601 1.40057913 1.48268328 0.40760835 0.49069077
 0.57374095 0.65674735 0.73970247 0.82260091 0.90543805 0.98820894
 1.07090742 1.1535252  1.23605082 1.31846851 1.40075692 1.48288815
 0.32400568 0.4072633  0.49047102 0.57361844 0.65670055 0.73971513
 0.822661   0.90553696 0.98834085 1.07106886 1.15371471 1.23626869
 1.31871659 1.40103825 0.24007942 0.32359107 0.407017   0.49035103
 0.57359355 0.65674786 0.73981807 0.82280795 0.90572013 0.98855558
 1.07131307 1.15398857 1.23657442 1.31905824]"
369.86077634537287,166.30292750576106,0.1486823157828873,0.2920644108914982,0.0009539202954972293,0.008399537279964798,0.0008036651429119416,0.008160146592140757,0.0025628563454875852,0.01388230198187207,154,"[1.01963972 1.01963972 1.01963972 1.01963972 1.01963972 1.01963972
 1.10231321 1.10231321 1.10231321 1.10231321 1.10231321 1.10231321
 1.10231321 1.10231321 1.10231321 1.10231321 1.10231321 1.10231321
 1.1849867  1.1849867  1.1849867  1.1849867  1.1849867  1.1849867
 1.1849867  1.1849867  1.1849867  1.1849867  1.1849867  1.1849867
 1.1849867  1.26766019 1.26766019 1.26766019 1.26766019 1.26766019
 1.26766019 1.26766019 1.26766019 1.26766019 1.26766019 1.26766019
 1.26766019 1.26766019 1.26766019 1.35033368 1.35033368 1.35033368
 1.35033368 1.35033368 1.35033368 1.35033368 1.35033368 1.35033368
 1.35033368 1.35033368 1.35033368 1.35033368 1.35033368 1.35033368
 1.43300718 1.43300718 1.43300718 1.43300718 1.43300718 1.43300718
 1.43300718 1.43300718 1.43300718 1.43300718 1.43300718 1.43300718
 1.43300718 1.43300718 1.43300718 1.43300718 1.51568067 1.51568067
 1.51568067 1.51568067 1.51568067 1.51568067 1.51568067 1.51568067
 1.51568067 1.51568067 1.51568067 1.51568067 1.51568067 1.51568067
 1.51568067 1.51568067 1.59835416 1.59835416 1.59835416 1.59835416
 1.59835416 1.59835416 1.59835416 1.59835416 1.59835416 1.59835416
 1.59835416 1.59835416 1.59835416 1.59835416 1.59835416 1.59835416
 1.68102765 1.68102765 1.68102765 1.68102765 1.68102765 1.68102765
 1.68102765 1.68102765 1.68102765 1.68102765 1.68102765 1.68102765
 1.68102765 1.68102765 1.68102765 1.68102765 1.76370114 1.76370114
 1.76370114 1.76370114 1.76370114 1.76370114 1.76370114 1.76370114
 1.76370114 1.76370114 1.76370114 1.76370114 1.76370114 1.76370114
 1.76370114 1.84637463 1.84637463 1.84637463 1.84637463 1.84637463
 1.84637463 1.84637463 1.84637463 1.84637463 1.84637463 1.84637463
 1.84637463 1.84637463 1.84637463 1.84637463]","[0.82673491 0.9094084  0.99208189 1.07475538 1.15742887 1.24010236
 0.33069396 0.41336745 0.49604095 0.57871444 0.66138793 0.74406142
 0.82673491 0.9094084  0.99208189 1.07475538 1.15742887 1.24010236
 0.33069396 0.41336745 0.49604095 0.57871444 0.66138793 0.74406142
 0.82673491 0.9094084  0.99208189 1.07475538 1.15742887 1.24010236
 1.32277585 0.24802047 0.33069396 0.41336745 0.49604095 0.57871444
 0.66138793 0.74406142 0.82673491 0.9094084  0.99208189 1.07475538
 1.15742887 1.24010236 1.32277585 0.24802047 0.33069396 0.41336745
 0.49604095 0.57871444 0.66138793 0.74406142 0.82673491 0.9094084
 0.99208189 1.07475538 1.15742887 1.24010236 1.32277585 1.40544935
 0.24802047 0.33069396 0.41336745 0.49604095 0.57871444 0.66138793
 0.74406142 0.82673491 0.9094084  0.99208189 1.07475538 1.15742887
 1.24010236 1.32277585 1.40544935 1.48812284 0.24802047 0.33069396
 0.41336745 0.49604095 0.57871444 0.66138793 0.74406142 0.82673491
 0.9094084  0.99208189 1.07475538 1.15742887 1.24010236 1.32277585
 1.40544935 1.48812284 0.24802047 0.33069396 0.41336745 0.49604095
 0.57871444 0.66138793 0.74406142 0.82673491 0.9094084  0.99208189
 1.07475538 1.15742887 1.24010236 1.32277585 1.40544935 1.48812284
 0.24802047 0.33069396 0.41336745 0.49604095 0.57871444 0.66138793
 0.74406142 0.82673491 0.9094084  0.99208189 1.07475538 1.15742887
 1.24010236 1.32277585 1.40544935 1.48812284 0.24802047 0.33069396
 0.41336745 0.49604095 0.57871444 0.66138793 0.74406142 0.82673491
 0.9094084  0.99208189 1.07475538 1.15742887 1.24010236 1.32277585
 1.40544935 0.24802047 0.33069396 0.41336745 0.49604095 0.57871444
 0.66138793 0.74406142 0.82673491 0.9094084  0.99208189 1.07475538
 1.15742887 1.24010236 1.32277585 1.40544935]","[1.02028311 1.0201831  1.02008353 1.01999049 1.01990961 1.01984579
 1.10324951 1.10327771 1.10326965 1.10323066 1.10316721 1.10308624
 1.10299472 1.1028995  1.10280709 1.10272358 1.10265442 1.10260418
 1.18599581 1.18601883 1.18600426 1.18595886 1.18589009 1.18580556
 1.1857127  1.1856186  1.18552984 1.18545243 1.1853916  1.18535155
 1.18533483 1.26871703 1.26877364 1.26878491 1.26875781 1.26870051
 1.26862143 1.26852882 1.2684305  1.26833369 1.26824502 1.26817034
 1.26811464 1.26808168 1.26807346 1.35153869 1.35157829 1.35157043
 1.35152414 1.35144896 1.35135424 1.35124882 1.35114078 1.35103747
 1.35094543 1.35087033 1.35081687 1.3507884  1.35078637 1.35080919
 1.43439083 1.43440408 1.43436867 1.43429568 1.43419606 1.43408002
 1.43395683 1.4338348  1.43372125 1.43362259 1.43354427 1.43349064
 1.43346467 1.43346728 1.43349624 1.4335441  1.51726727 1.51724289
 1.51716994 1.51706161 1.51693013 1.51678643 1.5166401  1.51649951
 1.51637192 1.51626356 1.51617962 1.51612414 1.51609969 1.51610669
 1.51614232 1.51619839 1.60015294 1.60007685 1.5999547  1.59980181
 1.59963142 1.59945485 1.59928163 1.59911983 1.59897623 1.59885651
 1.59876534 1.59870626 1.59868147 1.59869123 1.59873278 1.59879844
 1.68306274 1.68292239 1.68274156 1.68253684 1.68232193 1.68210807
 1.68190441 1.68171849 1.68155652 1.68142358 1.68132377 1.68126009
 1.68123427 1.68124613 1.68129254 1.68136541 1.76599674 1.76577306
 1.76551876 1.76525102 1.76498328 1.76472606 1.76448762 1.76427458
 1.76409223 1.76394487 1.76383585 1.7637676  1.76374135 1.76375665
 1.76381034 1.84893749 1.84860901 1.84826598 1.84792466 1.84759698
 1.84729177 1.84701571 1.84677396 1.84657056 1.84640873 1.84629094
 1.84621892 1.84619343 1.84621378 1.84627692]","[0.82185787 0.90417816 0.98650475 1.06881846 1.15109997 1.23332914
 0.32826353 0.41013953 0.49216881 0.5743179  0.65655678 0.73885898
 0.82120099 0.90356156 0.98592097 1.06826018 1.15056003 1.23280047
 0.32717778 0.40914619 0.49126185 0.5734898  0.65579939 0.73816387
 0.82055977 0.90296612 0.98536353 1.06773333 1.15005669 1.23231381
 1.31448344 0.24416444 0.32605765 0.40813177 0.49034551 0.57266259
 0.65505172 0.73748612 0.81994265 0.90240091 0.98484214 1.06724824
 1.14960086 1.23188059 1.31406651 0.24288267 0.32490473 0.40710052
 0.48942616 0.57184399 0.6543224  0.73683499 0.81935945 0.90187626
 0.98436755 1.06681603 1.14920403 1.23151268 1.31372147 1.39580848
 0.24154939 0.32372274 0.40605942 0.48851266 0.57104394 0.65362209
 0.73622177 0.81882188 0.90140419 0.98395203 1.06644917 1.14887886
 1.23122292 1.31346133 1.39557246 1.47753552 0.24016762 0.32252001
 0.40501957 0.48761781 0.57027656 0.65296595 0.73566229 0.81834626
 0.90100129 0.98361227 1.06616431 1.14864179 1.23102746 1.3133019
 1.39544379 1.47743214 0.23875368 0.3213171  0.40400394 0.48676555
 0.56956543 0.65237616 0.73517679 0.81795067 0.90068374 0.98336308
 1.06597574 1.14850763 1.23094262 1.31326182 1.39544362 1.47746549
 0.23728059 0.32008868 0.40298745 0.48593064 0.56888528 0.65182787
 0.73474122 0.81761215 0.90042962 0.98318339 1.06586275 1.14845553
 1.23094712 1.31331968 1.39555198 1.4776209  0.23573807 0.31883721
 0.40198133 0.48512982 0.56825602 0.65134242 0.73437723 0.81735187
 0.90025927 0.98309249 1.06584365 1.14850291 1.2310575  1.31349088
 1.3957822  0.23413817 0.31758159 0.40100641 0.48438329 0.56769594
 0.65093577 0.73409834 0.81718113 0.90018201 0.98309811 1.06592493
 1.14865543 1.23127916 1.31378125 1.39614159]"
251.0647370582792,223.63180910224054,0.19030506031061176,0.2909792688099236,0.0010923431696824642,0.006936487364502989,0.0009194230606965558,0.006792032962543641,0.0030008369407679147,0.011912742698919343,133,"[1.01963972 1.01963972 1.01963972 1.10231321 1.10231321 1.10231321
 1.10231321 1.10231321 1.10231321 1.10231321 1.10231321 1.10231321
 1.1849867  1.1849867  1.1849867  1.1849867  1.1849867  1.1849867
 1.1849867  1.1849867  1.1849867  1.1849867  1.26766019 1.26766019
 1.26766019 1.26766019 1.26766019 1.26766019 1.26766019 1.26766019
 1.26766019 1.26766019 1.26766019 1.35033368 1.35033368 1.35033368
 1.35033368 1.35033368 1.35033368 1.35033368 1.35033368 1.35033368
 1.35033368 1.35033368 1.35033368 1.35033368 1.43300718 1.43300718
 1.43300718 1.43300718 1.43300718 1.43300718 1.43300718 1.43300718
 1.43300718 1.43300718 1.43300718 1.43300718 1.43300718 1.51568067
 1.51568067 1.51568067 1.51568067 1.51568067 1.51568067 1.51568067
 1.51568067 1.51568067 1.51568067 1.51568067 1.51568067 1.51568067
 1.51568067 1.59835416 1.59835416 1.59835416 1.59835416 1.59835416
 1.59835416 1.59835416 1.59835416 1.59835416 1.59835416 1.59835416
 1.59835416 1.59835416 1.59835416 1.59835416 1.68102765 1.68102765
 1.68102765 1.68102765 1.68102765 1.68102765 1.68102765 1.68102765
 1.68102765 1.68102765 1.68102765 1.68102765 1.68102765 1.68102765
 1.68102765 1.76370114 1.76370114 1.76370114 1.76370114 1.76370114
 1.76370114 1.76370114 1.76370114 1.76370114 1.76370114 1.76370114
 1.76370114 1.76370114 1.76370114 1.76370114 1.84637463 1.84637463
 1.84637463 1.84637463 1.84637463 1.84637463 1.84637463 1.84637463
 1.84637463 1.84637463 1.84637463 1.84637463 1.84637463 1.84637463
 1.84637463]","[0.99208189 1.07475538 1.15742887 0.57871444 0.66138793 0.74406142
 0.82673491 0.9094084  0.99208189 1.07475538 1.15742887 1.24010236
 0.49604095 0.57871444 0.66138793 0.74406142 0.82673491 0.9094084
 0.99208189 1.07475538 1.15742887 1.24010236 0.49604095 0.57871444
 0.66138793 0.74406142 0.82673491 0.9094084  0.99208189 1.07475538
 1.15742887 1.24010236 1.32277585 0.41336745 0.49604095 0.57871444
 0.66138793 0.74406142 0.82673491 0.9094084  0.99208189 1.07475538
 1.15742887 1.24010236 1.32277585 1.40544935 0.41336745 0.49604095
 0.57871444 0.66138793 0.74406142 0.82673491 0.9094084  0.99208189
 1.07475538 1.15742887 1.24010236 1.32277585 1.40544935 0.41336745
 0.49604095 0.57871444 0.66138793 0.74406142 0.82673491 0.9094084
 0.99208189 1.07475538 1.15742887 1.24010236 1.32277585 1.40544935
 1.48812284 0.33069396 0.41336745 0.49604095 0.57871444 0.66138793
 0.74406142 0.82673491 0.9094084  0.99208189 1.07475538 1.15742887
 1.24010236 1.32277585 1.40544935 1.48812284 0.33069396 0.41336745
 0.49604095 0.57871444 0.66138793 0.74406142 0.82673491 0.9094084
 0.99208189 1.07475538 1.15742887 1.24010236 1.32277585 1.40544935
 1.48812284 0.24802047 0.33069396 0.41336745 0.49604095 0.57871444
 0.66138793 0.74406142 0.82673491 0.9094084  0.99208189 1.07475538
 1.15742887 1.24010236 1.32277585 1.40544935 0.24802047 0.33069396
 0.41336745 0.49604095 0.57871444 0.66138793 0.74406142 0.82673491
 0.9094084  0.99208189 1.07475538 1.15742887 1.24010236 1.32277585
 1.40544935]","[1.02012313 1.02001628 1.01992863 1.10339508 1.10331159 1.10320812
 1.10309398 1.10297815 1.10286921 1.10277526 1.10270383 1.10266157
 1.18620792 1.18614482 1.18605416 1.18594619 1.18583074 1.18571708
 1.18561388 1.18552915 1.18547014 1.18544304 1.26898632 1.26890764
 1.26880403 1.26868642 1.26856505 1.26844933 1.26834788 1.2682685
 1.26821808 1.26820227 1.26822495 1.35184358 1.35177615 1.35167481
 1.35155206 1.35141944 1.35128739 1.35116532 1.35106169 1.35098398
 1.3509386  1.35093064 1.35096324 1.35103634 1.43466888 1.43456733
 1.43443574 1.43428745 1.43413434 1.43398691 1.43385441 1.43374496
 1.43366561 1.43362227 1.43361943 1.4336595  1.43374152 1.5174919
 1.5173464  1.51717642 1.51699585 1.51681667 1.5166492  1.51650235
 1.51638381 1.51630014 1.5162567  1.51625734 1.51630378 1.51639427
 1.51652125 1.60045725 1.60029092 1.60009149 1.59987573 1.59965758
 1.59944859 1.59925844 1.59909525 1.59896589 1.59887615 1.59883065
 1.59883267 1.5988835  1.59898126 1.5991186  1.68331473 1.68307628
 1.68281515 1.68254803 1.68228819 1.68204632 1.68183109 1.68164964
 1.68150791 1.68141081 1.68136219 1.68136464 1.68141886 1.68152251
 1.68166785 1.76645288 1.76615637 1.76583144 1.76549857 1.76517322
 1.76486716 1.76458947 1.76434735 1.76414659 1.76399193 1.76388728
 1.76383564 1.76383893 1.76389741 1.76400861 1.84937547 1.84895699
 1.84853253 1.84811999 1.84773196 1.84737748 1.84706324 1.84679435
 1.84657489 1.8464082  1.84629698 1.84624334 1.84624854 1.84631249
 1.84643274]","[0.98769312 1.07012549 1.15252123 0.57495099 0.65734335 0.73978752
 0.82226121 0.90474456 0.98721924 1.06966759 1.15207165 1.23441227
 0.49188919 0.57427468 0.65672909 0.73922657 0.82174488 0.90426442
 0.98676721 1.06923592 1.15165285 1.23399904 0.49113303 0.57359945
 0.65612454 0.73868253 0.82125165 0.90381292 0.98634903 1.06884326
 1.1512784  1.23363586 1.31589488 0.40789519 0.490377   0.57293587
 0.65554096 0.73816716 0.82079369 0.90340263 0.98597768 1.06850298
 1.15096208 1.23333698 1.31560735 1.39775034 0.40703164 0.48963385
 0.57229729 0.65499202 0.73769436 0.82038505 0.90304767 0.9856673
 1.0682293  1.15071822 1.23311685 1.31540546 1.39756158 0.40618173
 0.48892074 0.57170138 0.65449566 0.73728208 0.82004357 0.90276571
 0.98543534 1.06803936 1.1505636  1.2329919  1.31530529 1.39748175
 1.47949755 0.3225324  0.40537301 0.48826495 0.57117404 0.65407563
 0.73695161 0.81978805 0.90257334 0.98529678 1.06794734 1.15051256
 1.23297755 1.31532407 1.39753017 1.47957104 0.32155117 0.4045934
 0.48765272 0.57070006 0.6537158  0.73668641 0.81960193 0.90245416
 0.9852353  1.06793674 1.15054807 1.23305606 1.31544373 1.39768979
 1.4797693  0.2373316  0.3205932  0.40386296 0.48710616 0.57030198
 0.6534381  0.73650717 0.81950437 0.90242573 0.9852669  1.0680222
 1.1506836  1.23323985 1.31567544 1.39796985 0.23610773 0.31968924
 0.40320967 0.48664909 0.56999918 0.65325777 0.73642552 0.81950392
 0.90249403 0.98539554 1.06820609 1.15092043 1.23352961 1.31601997
 1.39837212]"
192.11539833906116,233.49431172010387,0.1545645481478305,0.2569362626226701,0.0012269042392194548,0.006882486479421575,0.001026537803874925,0.006738258746081275,0.0033941069821190606,0.012136894517010777,131,"[1.01963972 1.01963972 1.01963972 1.10231321 1.10231321 1.10231321
 1.10231321 1.10231321 1.10231321 1.10231321 1.10231321 1.1849867
 1.1849867  1.1849867  1.1849867  1.1849867  1.1849867  1.1849867
 1.1849867  1.1849867  1.1849867  1.26766019 1.26766019 1.26766019
 1.26766019 1.26766019 1.26766019 1.26766019 1.26766019 1.26766019
 1.26766019 1.26766019 1.35033368 1.35033368 1.35033368 1.35033368
 1.35033368 1.35033368 1.35033368 1.35033368 1.35033368 1.35033368
 1.35033368 1.35033368 1.43300718 1.43300718 1.43300718 1.43300718
 1.43300718 1.43300718 1.43300718 1.43300718 1.43300718 1.43300718
 1.43300718 1.43300718 1.43300718 1.51568067 1.51568067 1.51568067
 1.51568067 1.51568067 1.51568067 1.51568067 1.51568067 1.51568067
 1.51568067 1.51568067 1.51568067 1.51568067 1.51568067 1.59835416
 1.59835416 1.59835416 1.59835416 1.59835416 1.59835416 1.59835416
 1.59835416 1.59835416 1.59835416 1.59835416 1.59835416 1.59835416
 1.59835416 1.59835416 1.68102765 1.68102765 1.68102765 1.68102765
 1.68102765 1.68102765 1.68102765 1.68102765 1.68102765 1.68102765
 1.68102765 1.68102765 1.68102765 1.68102765 1.68102765 1.76370114
 1.76370114 1.76370114 1.76370114 1.76370114 1.76370114 1.76370114
 1.76370114 1.76370114 1.76370114 1.76370114 1.76370114 1.76370114
 1.76370114 1.76370114 1.84637463 1.84637463 1.84637463 1.84637463
 1.84637463 1.84637463 1.84637463 1.84637463 1.84637463 1.84637463
 1.84637463 1.84637463 1.84637463 1.84637463 1.84637463]","[0.99208189 1.07475538 1.15742887 0.66138793 0.74406142 0.82673491
 0.9094084  0.99208189 1.07475538 1.15742887 1.24010236 0.57871444
 0.66138793 0.74406142 0.82673491 0.9094084  0.99208189 1.07475538
 1.15742887 1.24010236 1.32277585 0.49604095 0.57871444 0.66138793
 0.74406142 0.82673491 0.9094084  0.99208189 1.07475538 1.15742887
 1.24010236 1.32277585 0.49604095 0.57871444 0.66138793 0.74406142
 0.82673491 0.9094084  0.99208189 1.07475538 1.15742887 1.24010236
 1.32277585 1.40544935 0.41336745 0.49604095 0.57871444 0.66138793
 0.74406142 0.82673491 0.9094084  0.99208189 1.07475538 1.15742887
 1.24010236 1.32277585 1.40544935 0.41336745 0.49604095 0.57871444
 0.66138793 0.74406142 0.82673491 0.9094084  0.99208189 1.07475538
 1.15742887 1.24010236 1.32277585 1.40544935 1.48812284 0.33069396
 0.41336745 0.49604095 0.57871444 0.66138793 0.74406142 0.82673491
 0.9094084  0.99208189 1.07475538 1.15742887 1.24010236 1.32277585
 1.40544935 1.48812284 0.33069396 0.41336745 0.49604095 0.57871444
 0.66138793 0.74406142 0.82673491 0.9094084  0.99208189 1.07475538
 1.15742887 1.24010236 1.32277585 1.40544935 1.48812284 0.24802047
 0.33069396 0.41336745 0.49604095 0.57871444 0.66138793 0.74406142
 0.82673491 0.9094084  0.99208189 1.07475538 1.15742887 1.24010236
 1.32277585 1.40544935 0.24802047 0.33069396 0.41336745 0.49604095
 0.57871444 0.66138793 0.74406142 0.82673491 0.9094084  0.99208189
 1.07475538 1.15742887 1.24010236 1.32277585 1.40544935]","[1.02016117 1.02004259 1.01994606 1.10342069 1.1033037  1.10317485
 1.10304442 1.10292218 1.10281741 1.10273869 1.10269369 1.18628413
 1.18618068 1.18605772 1.18592657 1.18579786 1.18568156 1.18558684
 1.185522   1.18549418 1.18550875 1.26915686 1.26906632 1.2689474
 1.2688128  1.26867433 1.26854284 1.26842822 1.26833943 1.26828431
 1.26826938 1.26829909 1.35196868 1.35185156 1.3517102  1.351558
 1.35140703 1.35126813 1.35115096 1.35106407 1.35101478 1.35100886
 1.35104986 1.3511377  1.43489801 1.4347799  1.43462759 1.43445666
 1.4342809  1.43411238 1.43396169 1.43383808 1.43374954 1.43370273
 1.43370269 1.43375208 1.43384975 1.51774434 1.51757531 1.51737885
 1.51717113 1.51696593 1.51677506 1.51660859 1.51647517 1.51638214
 1.51633545 1.51633935 1.51639566 1.51650232 1.51665066 1.60075674
 1.60056297 1.60033202 1.60008343 1.59983328 1.59959478 1.59937885
 1.5991946  1.59904964 1.59895036 1.59890182 1.59890755 1.59896882
 1.59908324 1.59924226 1.68363588 1.6833587  1.68305717 1.68275053
 1.6824539  1.68217925 1.68193618 1.68173252 1.68157473 1.68146809
 1.68141674 1.68142339 1.68148863 1.68160962 1.68177747 1.76683339
 1.76648785 1.7661123  1.76573033 1.7653594  1.76501254 1.76469964
 1.76442838 1.76420491 1.76403421 1.76392037 1.76386649 1.76387452
 1.76394455 1.76407363 1.84976874 1.84928478 1.84879824 1.84832902
 1.84789071 1.8474928  1.84714214 1.84684387 1.84660205 1.84641996
 1.84630032 1.8462452  1.84625578 1.84633178 1.84647036]","[0.9878135  1.07026989 1.15268725 0.65735317 0.73982736 0.82233014
 0.90484099 0.98734103 1.06981211 1.15223586 1.23459275 0.57425315
 0.65673888 0.73926727 0.82181509 0.90436199 0.98688939 1.06937945
 1.15181407 1.23417388 1.31643755 0.49107637 0.57357578 0.65613419
 0.73872446 0.82132379 0.90391242 0.98647247 1.06898674 1.15143765
 1.23380631 1.31607171 0.49031553 0.57291104 0.65555222 0.73821257
 0.82087028 0.90350675 0.98610516 1.06864931 1.15112245 1.23350637
 1.3157806  1.39792236 0.40692628 0.48956973 0.57227453 0.65500876
 0.73774743 0.82047042 0.90316078 0.98580324 1.06838294 1.1508843
 1.23329002 1.31558035 1.39773301 0.40607099 0.48885867 0.57168612
 0.65452357 0.7373485  0.82014325 0.90289313 0.98558489 1.0682054
 1.15074054 1.23317418 1.31548748 1.39765868 1.47966471 0.32236267
 0.40526243 0.48821142 0.57117307 0.65412144 0.73703782 0.81990813
 0.90272084 0.9854654  1.06813101 1.15070541 1.23317389 1.31551848
 1.39771761 1.47974727 0.32138186 0.40449614 0.48762122 0.57072646
 0.65379177 0.73680374 0.81975279 0.90263124 0.9854318  1.06814633
 1.15076479 1.23327429 1.31565814 1.39789547 1.47996202 0.23708595
 0.320442   0.40379632 0.48711254 0.57036974 0.65355632 0.73666593
 0.8196948  0.90263994 0.98549787 1.0682636  1.15092966 1.23348522
 1.31591515 1.39819929 0.23588358 0.31957838 0.40319348 0.48671015
 0.57012208 0.65342926 0.73663438 0.81974067 0.90275062 0.98566511
 1.06848263 1.15119863 1.23380467 1.31628746 1.39862796]"
380.19244225265777,253.15596924387353,0.14081656677688437,0.29412641953577706,0.0008379976547417627,0.006070248496518683,0.0007168078196183002,0.005964679395733032,0.0023000718719528024,0.010046913736612095,128,"[1.01963972 1.10231321 1.10231321 1.10231321 1.10231321 1.10231321
 1.10231321 1.10231321 1.10231321 1.10231321 1.1849867  1.1849867
 1.1849867  1.1849867  1.1849867  1.1849867  1.1849867  1.1849867
 1.1849867  1.26766019 1.26766019 1.26766019 1.26766019 1.26766019
 1.26766019 1.26766019 1.26766019 1.26766019 1.26766019 1.26766019
 1.35033368 1.35033368 1.35033368 1.35033368 1.35033368 1.35033368
 1.35033368 1.35033368 1.35033368 1.35033368 1.35033368 1.35033368
 1.43300718 1.43300718 1.43300718 1.43300718 1.43300718 1.43300718
 1.43300718 1.43300718 1.43300718 1.43300718 1.43300718 1.43300718
 1.43300718 1.51568067 1.51568067 1.51568067 1.51568067 1.51568067
 1.51568067 1.51568067 1.51568067 1.51568067 1.51568067 1.51568067
 1.51568067 1.51568067 1.51568067 1.59835416 1.59835416 1.59835416
 1.59835416 1.59835416 1.59835416 1.59835416 1.59835416 1.59835416
 1.59835416 1.59835416 1.59835416 1.59835416 1.59835416 1.59835416
 1.68102765 1.68102765 1.68102765 1.68102765 1.68102765 1.68102765
 1.68102765 1.68102765 1.68102765 1.68102765 1.68102765 1.68102765
 1.68102765 1.68102765 1.68102765 1.76370114 1.76370114 1.76370114
 1.76370114 1.76370114 1.76370114 1.76370114 1.76370114 1.76370114
 1.76370114 1.76370114 1.76370114 1.76370114 1.76370114 1.84637463
 1.84637463 1.84637463 1.84637463 1.84637463 1.84637463 1.84637463
 1.84637463 1.84637463 1.84637463 1.84637463 1.84637463 1.84637463
 1.84637463 1.84637463]","[1.15742887 0.57871444 0.66138793 0.74406142 0.82673491 0.9094084
 0.99208189 1.07475538 1.15742887 1.24010236 0.57871444 0.66138793
 0.74406142 0.82673491 0.9094084  0.99208189 1.07475538 1.15742887
 1.24010236 0.49604095 0.57871444 0.66138793 0.74406142 0.82673491
 0.9094084  0.99208189 1.07475538 1.15742887 1.24010236 1.32277585
 0.49604095 0.57871444 0.66138793 0.74406142 0.82673491 0.9094084
 0.99208189 1.07475538 1.15742887 1.24010236 1.32277585 1.40544935
 0.41336745 0.49604095 0.57871444 0.66138793 0.74406142 0.82673491
 0.9094084  0.99208189 1.07475538 1.15742887 1.24010236 1.32277585
 1.40544935 0.41336745 0.49604095 0.57871444 0.66138793 0.74406142
 0.82673491 0.9094084  0.99208189 1.07475538 1.15742887 1.24010236
 1.32277585 1.40544935 1.48812284 0.33069396 0.41336745 0.49604095
 0.57871444 0.66138793 0.74406142 0.82673491 0.9094084  0.99208189
 1.07475538 1.15742887 1.24010236 1.32277585 1.40544935 1.48812284
 0.33069396 0.41336745 0.49604095 0.57871444 0.66138793 0.74406142
 0.82673491 0.9094084  0.99208189 1.07475538 1.15742887 1.24010236
 1.32277585 1.40544935 1.48812284 0.33069396 0.41336745 0.49604095
 0.57871444 0.66138793 0.74406142 0.82673491 0.9094084  0.99208189
 1.07475538 1.15742887 1.24010236 1.32277585 1.40544935 0.24802047
 0.33069396 0.41336745 0.49604095 0.57871444 0.66138793 0.74406142
 0.82673491 0.9094084  0.99208189 1.07475538 1.15742887 1.24010236
 1.32277585 1.40544935]","[1.01989527 1.10319901 1.10312969 1.10304517 1.102953   1.10286046
 1.1027745  1.10270175 1.10264845 1.10262027 1.18592036 1.18584653
 1.18575992 1.18566836 1.18557925 1.18549953 1.18543571 1.18539377
 1.18537906 1.26871775 1.26865344 1.26857056 1.26847771 1.2683829
 1.26829359 1.26821662 1.26815834 1.26812443 1.26811984 1.26814833
 1.3514722  1.35139108 1.35129436 1.35119097 1.35108901 1.3509959
 1.35091835 1.35086244 1.35083355 1.35083621 1.35087364 1.35094691
 1.43430994 1.43422835 1.43412466 1.43400908 1.43389072 1.43377772
 1.43367734 1.43359608 1.43353973 1.43351331 1.43352092 1.43356528
 1.43364679 1.51708956 1.51697469 1.51684201 1.51670203 1.51656395
 1.5164358  1.51632464 1.51623672 1.51617753 1.51615174 1.51616301
 1.51621352 1.51630306 1.51642722 1.59997789 1.59984621 1.59969036
 1.59952288 1.59935431 1.59919353 1.5990481  1.59892453 1.59882845
 1.59876477 1.59873763 1.59875029 1.59880471 1.59890068 1.59903424
 1.68278325 1.68259778 1.68239566 1.68218934 1.68198893 1.68180277
 1.68163776 1.68149978 1.68139384 1.68132422 1.6812945  1.6813074
 1.68136436 1.6814647  1.68160387 1.76558229 1.76533143 1.76507435
 1.76482278 1.76458589 1.76437099 1.76418405 1.76403004 1.76391315
 1.76383696 1.7638044  1.76381768 1.76387783 1.76398395 1.8486747
 1.84835321 1.84802597 1.84770654 1.84740489 1.84712848 1.84688309
 1.84667331 1.84650295 1.84637518 1.84629274 1.84625786 1.84627217
 1.84633636 1.84644943]","[1.15305441 0.57543487 0.65785231 0.74031386 0.82280029 0.90529449
 0.98778058 1.0702431  1.15266609 1.23503214 0.57485647 0.65732718
 0.73983409 0.82235826 0.90488297 0.98739275 1.06987244 1.15230628
 1.23467696 0.49179923 0.57428104 0.65681177 0.73936979 0.82193678
 0.90449668 0.98703463 1.06953601 1.15198544 1.23436579 1.3166573
 0.49115727 0.57371715 0.6563151  0.73893034 0.82154554 0.90414562
 0.98671656 1.06924446 1.1517145  1.23410994 1.31641122 1.39859526
 0.40793122 0.49052841 0.57317555 0.65584823 0.73852705 0.82119606
 0.90384143 0.98645028 1.06900964 1.15150546 1.23392157 1.31623879
 1.39843417 0.40721656 0.48992707 0.57267127 0.65542665 0.73817572
 0.82090432 0.9036002  0.98625185 1.06884747 1.151374   1.23381607
 1.31615507 1.39836836 1.48042948 0.3237479  0.40654288 0.48937876
 0.57222857 0.65507266 0.73789631 0.82068788 0.90343738 0.98613525
 1.06877136 1.15133401 1.23380885 1.31617783 1.39841825 1.48050254
 0.32293067 0.40588839 0.4888601  0.57182305 0.65476156 0.73766442
 0.82052305 0.90333005 0.98607813 1.06875908 1.15136287 1.23387655
 1.31628326 1.39856112 1.48068288 0.32212685 0.40526804 0.48838964
 0.57147519 0.65451451 0.73750104 0.82043008 0.90329747 0.98609864
 1.06882772 1.15147665 1.23403424 1.31648502 1.39880807 0.23797356
 0.32136251 0.4047062  0.48798893 0.57120339 0.65434685 0.73741871
 0.82041906 0.90334765 0.9862031  1.06898226 1.15167942 1.23428547
 1.31678674 1.39916372]"
329.1018953780284,348.0743417441892,0.19682704522677477,0.2985282925441139,0.0008191481157221924,0.004759691251589501,0.0007139763346237762,0.00469015248846132,0.0020351600524231017,0.007568681585062131,113,"[1.10231321 1.10231321 1.10231321 1.10231321 1.10231321 1.10231321
 1.1849867  1.1849867  1.1849867  1.1849867  1.1849867  1.1849867
 1.1849867  1.26766019 1.26766019 1.26766019 1.26766019 1.26766019
 1.26766019 1.26766019 1.26766019 1.26766019 1.35033368 1.35033368
 1.35033368 1.35033368 1.35033368 1.35033368 1.35033368 1.35033368
 1.35033368 1.35033368 1.35033368 1.43300718 1.43300718 1.43300718
 1.43300718 1.43300718 1.43300718 1.43300718 1.43300718 1.43300718
 1.43300718 1.43300718 1.51568067 1.51568067 1.51568067 1.51568067
 1.51568067 1.51568067 1.51568067 1.51568067 1.51568067 1.51568067
 1.51568067 1.51568067 1.51568067 1.59835416 1.59835416 1.59835416
 1.59835416 1.59835416 1.59835416 1.59835416 1.59835416 1.59835416
 1.59835416 1.59835416 1.59835416 1.59835416 1.59835416 1.68102765
 1.68102765 1.68102765 1.68102765 1.68102765 1.68102765 1.68102765
 1.68102765 1.68102765 1.68102765 1.68102765 1.68102765 1.68102765
 1.68102765 1.76370114 1.76370114 1.76370114 1.76370114 1.76370114
 1.76370114 1.76370114 1.76370114 1.76370114 1.76370114 1.76370114
 1.76370114 1.76370114 1.76370114 1.84637463 1.84637463 1.84637463
 1.84637463 1.84637463 1.84637463 1.84637463 1.84637463 1.84637463
 1.84637463 1.84637463 1.84637463 1.84637463 1.84637463]","[0.74406142 0.82673491 0.9094084  0.99208189 1.07475538 1.15742887
 0.74406142 0.82673491 0.9094084  0.99208189 1.07475538 1.15742887
 1.24010236 0.66138793 0.74406142 0.82673491 0.9094084  0.99208189
 1.07475538 1.15742887 1.24010236 1.32277585 0.57871444 0.66138793
 0.74406142 0.82673491 0.9094084  0.99208189 1.07475538 1.15742887
 1.24010236 1.32277585 1.40544935 0.57871444 0.66138793 0.74406142
 0.82673491 0.9094084  0.99208189 1.07475538 1.15742887 1.24010236
 1.32277585 1.40544935 0.49604095 0.57871444 0.66138793 0.74406142
 0.82673491 0.9094084  0.99208189 1.07475538 1.15742887 1.24010236
 1.32277585 1.40544935 1.48812284 0.41336745 0.49604095 0.57871444
 0.66138793 0.74406142 0.82673491 0.9094084  0.99208189 1.07475538
 1.15742887 1.24010236 1.32277585 1.40544935 1.48812284 0.41336745
 0.49604095 0.57871444 0.66138793 0.74406142 0.82673491 0.9094084
 0.99208189 1.07475538 1.15742887 1.24010236 1.32277585 1.40544935
 1.48812284 0.33069396 0.41336745 0.49604095 0.57871444 0.66138793
 0.74406142 0.82673491 0.9094084  0.99208189 1.07475538 1.15742887
 1.24010236 1.32277585 1.40544935 0.33069396 0.41336745 0.49604095
 0.57871444 0.66138793 0.74406142 0.82673491 0.9094084  0.99208189
 1.07475538 1.15742887 1.24010236 1.32277585 1.40544935]","[1.1030793  1.10297819 1.10287856 1.1027883  1.102715   1.10266595
 1.18579943 1.18569967 1.18560471 1.18552241 1.18546021 1.18542515
 1.18542376 1.26862414 1.26852174 1.26841937 1.26832532 1.26824733
 1.2681926  1.26816784 1.26817917 1.26823176 1.35145866 1.35135075
 1.35123779 1.35112879 1.35103192 1.35095469 1.35090402 1.35088622
 1.35090691 1.35097069 1.35108031 1.43419319 1.43406571 1.43393773
 1.43381812 1.43371486 1.43363512 1.43358543 1.4335717  1.43359903
 1.43367141 1.43379083 1.51705541 1.51690804 1.51675556 1.51660786
 1.5164736  1.51636041 1.51627512 1.51622387 1.51621206 1.51624431
 1.51632395 1.51645224 1.51662662 1.59993971 1.59976576 1.59958242
 1.59940093 1.59923071 1.59907977 1.59895504 1.59886265 1.59880803
 1.59879599 1.59883059 1.59891486 1.59904991 1.59923343 1.68268055
 1.68245852 1.68223558 1.68202224 1.68182715 1.68165749 1.68151941
 1.68141827 1.68135879 1.6813451  1.68138062 1.68146774 1.68160698
 1.68179536 1.76566955 1.76539402 1.7651163  1.7648483  1.76459929
 1.76437665 1.76418643 1.76403373 1.76392297 1.76385804 1.76384232
 1.76387862 1.76396879 1.76411302 1.84840979 1.84805765 1.84771851
 1.84740205 1.84711551 1.84686448 1.84665348 1.84648632 1.84636628
 1.84629633 1.84627903 1.84631654 1.84641023 1.84656003]","[0.7410649  0.82363682 0.90621055 0.98877208 1.07130768 1.15380301
 0.74069046 0.82329142 0.9058873  0.98846441 1.0710093  1.15350773
 1.23594377 0.65769644 0.7403292  0.82296375 0.90558592 0.98818264
 1.07074087 1.15324672 1.23568437 1.318035   0.57464022 0.65731158
 0.73999133 0.82266425 0.90531714 0.98793774 1.0705137  1.15303163
 1.23547603 1.3178282  1.40006524 0.57422217 0.65695677 0.73968902
 0.82240514 0.90509319 0.987742   1.07034012 1.1528749  1.23533135
 1.31769111 1.39993139 0.49103999 0.57384383 0.65664838 0.7394387
 0.82220281 0.90493037 0.98761155 1.07023606 1.15279217 1.23526567
 1.31763877 1.399889   1.48198866 0.40774243 0.49063578 0.57353018
 0.65640911 0.73926047 0.82207483 0.90484406 0.98756024 1.07021469
 1.15279698 1.23529392 1.31768831 1.39995772 1.48207361 0.40725962
 0.49027039 0.5732604  0.65621729 0.73913251 0.82199967 0.90481318
 0.98756727 1.0702551  1.15286787 1.23539375 1.31781676 1.40011546
 1.48226195 0.32365395 0.40682619 0.48996409 0.57305561 0.65609394
 0.73907515 0.82199656 0.90485569 0.98764932 1.07037282 1.15301926
 1.23557849 1.318036   1.40037148 0.32312528 0.40646865 0.4897392
 0.57293407 0.65605369 0.73909981 0.82207425 0.90497809 0.9878111
 1.07057112 1.15325338 1.23584974 1.3183475  1.40072794]"
428.46447315031173,308.02977879892813,0.18562664060187037,0.2130878160390205,0.0007216367747910546,0.00510186012992919,0.0006319240711835636,0.0050295630478587715,0.001761365802324999,0.007855001147345664,117,"[1.10231321 1.10231321 1.10231321 1.10231321 1.10231321 1.10231321
 1.10231321 1.1849867  1.1849867  1.1849867  1.1849867  1.1849867
 1.1849867  1.1849867  1.1849867  1.26766019 1.26766019 1.26766019
 1.26766019 1.26766019 1.26766019 1.26766019 1.26766019 1.26766019
 1.26766019 1.35033368 1.35033368 1.35033368 1.35033368 1.35033368
 1.35033368 1.35033368 1.35033368 1.35033368 1.35033368 1.35033368
 1.43300718 1.43300718 1.43300718 1.43300718 1.43300718 1.43300718
 1.43300718 1.43300718 1.43300718 1.43300718 1.43300718 1.43300718
 1.51568067 1.51568067 1.51568067 1.51568067 1.51568067 1.51568067
 1.51568067 1.51568067 1.51568067 1.51568067 1.51568067 1.51568067
 1.51568067 1.51568067 1.59835416 1.59835416 1.59835416 1.59835416
 1.59835416 1.59835416 1.59835416 1.59835416 1.59835416 1.59835416
 1.59835416 1.59835416 1.59835416 1.59835416 1.68102765 1.68102765
 1.68102765 1.68102765 1.68102765 1.68102765 1.68102765 1.68102765
 1.68102765 1.68102765 1.68102765 1.68102765 1.68102765 1.68102765
 1.76370114 1.76370114 1.76370114 1.76370114 1.76370114 1.76370114
 1.76370114 1.76370114 1.76370114 1.76370114 1.76370114 1.76370114
 1.76370114 1.76370114 1.84637463 1.84637463 1.84637463 1.84637463
 1.84637463 1.84637463 1.84637463 1.84637463 1.84637463 1.84637463
 1.84637463 1.84637463 1.84637463]","[0.66138793 0.74406142 0.82673491 0.9094084  0.99208189 1.07475538
 1.15742887 0.66138793 0.74406142 0.82673491 0.9094084  0.99208189
 1.07475538 1.15742887 1.24010236 0.57871444 0.66138793 0.74406142
 0.82673491 0.9094084  0.99208189 1.07475538 1.15742887 1.24010236
 1.32277585 0.57871444 0.66138793 0.74406142 0.82673491 0.9094084
 0.99208189 1.07475538 1.15742887 1.24010236 1.32277585 1.40544935
 0.49604095 0.57871444 0.66138793 0.74406142 0.82673491 0.9094084
 0.99208189 1.07475538 1.15742887 1.24010236 1.32277585 1.40544935
 0.41336745 0.49604095 0.57871444 0.66138793 0.74406142 0.82673491
 0.9094084  0.99208189 1.07475538 1.15742887 1.24010236 1.32277585
 1.40544935 1.48812284 0.41336745 0.49604095 0.57871444 0.66138793
 0.74406142 0.82673491 0.9094084  0.99208189 1.07475538 1.15742887
 1.24010236 1.32277585 1.40544935 1.48812284 0.41336745 0.49604095
 0.57871444 0.66138793 0.74406142 0.82673491 0.9094084  0.99208189
 1.07475538 1.15742887 1.24010236 1.32277585 1.40544935 1.48812284
 0.33069396 0.41336745 0.49604095 0.57871444 0.66138793 0.74406142
 0.82673491 0.9094084  0.99208189 1.07475538 1.15742887 1.24010236
 1.32277585 1.40544935 0.33069396 0.41336745 0.49604095 0.57871444
 0.66138793 0.74406142 0.82673491 0.9094084  0.99208189 1.07475538
 1.15742887 1.24010236 1.32277585]","[1.1030726  1.10299226 1.10290576 1.10282002 1.10274169 1.10267714
 1.10263247 1.18578201 1.1857005  1.18561548 1.18553396 1.18546252
 1.18540741 1.18537448 1.18536913 1.26857662 1.26849819 1.26841167
 1.26832456 1.26824384 1.26817598 1.26812704 1.26810262 1.26810776
 1.26814668 1.35130454 1.35121401 1.35111858 1.35102577 1.35094249
 1.35087505 1.35082928 1.35081048 1.35082333 1.35087154 1.35095725
 1.43412567 1.43402813 1.43392098 1.43381261 1.43371052 1.43362145
 1.4335515  1.43350622 1.43349059 1.4335089  1.4335644  1.43365862
 1.51696768 1.51685904 1.51673553 1.51660675 1.51648107 1.51636586
 1.51626769 1.51619242 1.51614534 1.5161311  1.51615358 1.51621556
 1.51631795 1.51645829 1.59970666 1.59956115 1.5994066  1.59925252
 1.59910696 1.59897682 1.59886812 1.59878616 1.59873566 1.59872079
 1.59874507 1.59881106 1.59891973 1.59906907 1.68244074 1.68225421
 1.68206539 1.68188335 1.68171559 1.68156845 1.68144734 1.68135701
 1.68130163 1.68128483 1.6813096  1.681378   1.68149043 1.68164424
 1.76538908 1.76515782 1.76492259 1.76469373 1.76447945 1.76428636
 1.76411993 1.76398479 1.76388497 1.76382398 1.76380485 1.76383008
 1.76390129 1.7640186  1.848136   1.84783726 1.84754692 1.84727375
 1.84702448 1.84680437 1.84661771 1.84646812 1.84635873 1.84629227
 1.84627114 1.84629726 1.84637186]","[0.65836309 0.74087339 0.82340331 0.90593778 0.98846283 1.07096476
 1.15342923 0.65792582 0.74047426 0.82303536 0.90559449 0.98813804
 1.07065258 1.15312396 1.23553628 0.57492697 0.6574974  0.74008894
 0.82268564 0.9052735  0.98783952 1.07037071 1.15285322 1.23527129
 1.31760624 0.57445862 0.6570864  0.73972623 0.82236316 0.90498409
 0.98757679 1.07012892 1.15262708 1.23505581 1.31739651 1.39962645
 0.49133914 0.57401187 0.65670329 0.73939679 0.82207871 0.90473713
 0.98736082 1.06993826 1.15245671 1.23490118 1.31725334 1.39949049
 0.40811453 0.49084541 0.57360127 0.65636299 0.73911581 0.82184769
 0.90454813 0.9872071  1.06981411 1.15235726 1.23482225 1.31719125
 1.39944182 1.48154635 0.40756672 0.49040508 0.57325075 0.65608738
 0.73890275 0.82168711 0.90443198 0.98712907 1.06976937 1.15234219
 1.23483412 1.31722786 1.39950089 1.48162457 0.40703918 0.48999267
 0.57293369 0.6558495  0.73873101 0.82157116 0.90436372 0.98710238
 1.06977982 1.15238682 1.23491131 1.31733709 1.39964261 1.48179989
 0.32344333 0.4065462  0.48962605 0.57266997 0.65567008 0.73862131
 0.82151996 0.9043626  0.98714529 1.06986272 1.15250749 1.23506909
 1.31753273 1.39987795 0.32283896 0.40611168 0.48932617 0.57247747
 0.65556404 0.73858593 0.8215435  0.90443667 0.98726424 1.07002329
 1.1527085  1.23531127 1.31781861]"
326.57319127138777,406.28676311374977,0.1921214220975672,0.28675199450764405,0.0007975906949620584,0.004220350005929338,0.0006987594872896593,0.004155714666513033,0.0019956944678818367,0.006808901309172943,107,"[1.10231321 1.10231321 1.10231321 1.10231321 1.10231321 1.1849867
 1.1849867  1.1849867  1.1849867  1.1849867  1.1849867  1.1849867
 1.26766019 1.26766019 1.26766019 1.26766019 1.26766019 1.26766019
 1.26766019 1.26766019 1.35033368 1.35033368 1.35033368 1.35033368
 1.35033368 1.35033368 1.35033368 1.35033368 1.35033368 1.35033368
 1.43300718 1.43300718 1.43300718 1.43300718 1.43300718 1.43300718
 1.43300718 1.43300718 1.43300718 1.43300718 1.43300718 1.51568067
 1.51568067 1.51568067 1.51568067 1.51568067 1.51568067 1.51568067
 1.51568067 1.51568067 1.51568067 1.51568067 1.51568067 1.59835416
 1.59835416 1.59835416 1.59835416 1.59835416 1.59835416 1.59835416
 1.59835416 1.59835416 1.59835416 1.59835416 1.59835416 1.59835416
 1.68102765 1.68102765 1.68102765 1.68102765 1.68102765 1.68102765
 1.68102765 1.68102765 1.68102765 1.68102765 1.68102765 1.68102765
 1.68102765 1.68102765 1.76370114 1.76370114 1.76370114 1.76370114
 1.76370114 1.76370114 1.76370114 1.76370114 1.76370114 1.76370114
 1.76370114 1.76370114 1.76370114 1.76370114 1.84637463 1.84637463
 1.84637463 1.84637463 1.84637463 1.84637463 1.84637463 1.84637463
 1.84637463 1.84637463 1.84637463 1.84637463 1.84637463]","[0.82673491 0.9094084  0.99208189 1.07475538 1.15742887 0.74406142
 0.82673491 0.9094084  0.99208189 1.07475538 1.15742887 1.24010236
 0.74406142 0.82673491 0.9094084  0.99208189 1.07475538 1.15742887
 1.24010236 1.32277585 0.66138793 0.74406142 0.82673491 0.9094084
 0.99208189 1.07475538 1.15742887 1.24010236 1.32277585 1.40544935
 0.57871444 0.66138793 0.74406142 0.82673491 0.9094084  0.99208189
 1.07475538 1.15742887 1.24010236 1.32277585 1.40544935 0.57871444
 0.66138793 0.74406142 0.82673491 0.9094084  0.99208189 1.07475538
 1.15742887 1.24010236 1.32277585 1.40544935 1.48812284 0.49604095
 0.57871444 0.66138793 0.74406142 0.82673491 0.9094084  0.99208189
 1.07475538 1.15742887 1.24010236 1.32277585 1.40544935 1.48812284
 0.41336745 0.49604095 0.57871444 0.66138793 0.74406142 0.82673491
 0.9094084  0.99208189 1.07475538 1.15742887 1.24010236 1.32277585
 1.40544935 1.48812284 0.33069396 0.41336745 0.49604095 0.57871444
 0.66138793 0.74406142 0.82673491 0.9094084  0.99208189 1.07475538
 1.15742887 1.24010236 1.32277585 1.40544935 0.33069396 0.41336745
 0.49604095 0.57871444 0.66138793 0.74406142 0.82673491 0.9094084
 0.99208189 1.07475538 1.15742887 1.24010236 1.32277585]","[1.10297274 1.10287302 1.10278359 1.10271222 1.10266644 1.18579453
 1.18569433 1.18559981 1.18551896 1.18545938 1.18542837 1.18543279
 1.26851631 1.26841397 1.2683209  1.26824496 1.26819352 1.26817353
 1.26819142 1.26825289 1.35134482 1.35123147 1.35112301 1.35102769
 1.35095312 1.35090636 1.35089395 1.35092186 1.35099517 1.35111738
 1.43418625 1.43405792 1.43393005 1.43381155 1.43371042 1.43363394
 1.43358877 1.433581   1.43361608 1.43369847 1.43383091 1.51689802
 1.51674523 1.51659827 1.51646575 1.51635533 1.51627391 1.51622771
 1.51622237 1.51626278 1.51635276 1.51649426 1.51668574 1.59975243
 1.59956841 1.59938736 1.59921861 1.59907014 1.59894886 1.59886094
 1.5988119  1.59880674 1.59884981 1.59894457 1.59909279 1.59929314
 1.68266216 1.68243914 1.68221647 1.68200454 1.68181182 1.68164546
 1.68151156 1.68141551 1.68136211 1.68135564 1.68139981 1.6814974
 1.68164954 1.68185415 1.76564334 1.76536668 1.76508936 1.76482298
 1.7645766  1.76435745 1.76417148 1.76402376 1.76391872 1.76386033
 1.76385212 1.76389712 1.76399756 1.76415416 1.84837032 1.84801925
 1.84768252 1.84736948 1.84708711 1.84684089 1.84663523 1.84647391
 1.84636025 1.84629726 1.84628767 1.84633383 1.84643741]","[0.82397966 0.9065813  0.98916956 1.07173158 1.15425387 0.74104672
 0.82367392 0.90629421 0.9888948  1.07146307 1.15398559 1.23644715
 0.74072766 0.82338442 0.90602726 0.98864397 1.07122234 1.1537492
 1.23620944 1.31858481 0.65773102 0.74043081 0.8231216  0.90579115
 0.98842802 1.07102064 1.15355632 1.23602019 1.3183941  1.40065542
 0.5746688  0.65742116 0.74016837 0.82289769 0.90559809 0.98825918
 1.07087026 1.15341931 1.23589195 1.31827031 1.40053182 0.57434079
 0.65715703 0.73995676 0.822729   0.90546427 0.98815348 1.070787
 1.1533537  1.23583994 1.31822837 1.40049674 1.482617   0.49117517
 0.57407736 0.65696126 0.73981597 0.82263299 0.90540495 0.98812461
 1.07078388 1.15337288 1.23587892 1.31828525 1.40056968 1.48270336
 0.40785506 0.49086855 0.57385796 0.65681235 0.73972427 0.82258813
 0.905399   0.98815169 1.07083987 1.1534552  1.23598634 1.31841772
 1.40072819 1.48288971 0.32432484 0.40749257 0.49062225 0.57370362
 0.65673113 0.73970172 0.82261337 0.90546409 0.98825112 1.07097019
 1.1536148  1.23617521 1.31863731 1.40098115 0.32388506 0.4072089
 0.49045848 0.57363237 0.65673191 0.73975942 0.82271712 0.90560639
 0.98842725 1.07117779 1.15385357 1.23644677 1.31894509]"
367.3175165422836,275.41870847031157,0.14064016025894807,0.29619441399092666,0.0008352006165571813,0.005708515968739951,0.0007162116929066752,0.005613696664741097,0.002315559156565783,0.00952002479007702,123,"[1.10231321 1.10231321 1.10231321 1.10231321 1.10231321 1.10231321
 1.10231321 1.10231321 1.1849867  1.1849867  1.1849867  1.1849867
 1.1849867  1.1849867  1.1849867  1.1849867  1.1849867  1.26766019
 1.26766019 1.26766019 1.26766019 1.26766019 1.26766019 1.26766019
 1.26766019 1.26766019 1.26766019 1.35033368 1.35033368 1.35033368
 1.35033368 1.35033368 1.35033368 1.35033368 1.35033368 1.35033368
 1.35033368 1.35033368 1.35033368 1.43300718 1.43300718 1.43300718
 1.43300718 1.43300718 1.43300718 1.43300718 1.43300718 1.43300718
 1.43300718 1.43300718 1.43300718 1.51568067 1.51568067 1.51568067
 1.51568067 1.51568067 1.51568067 1.51568067 1.51568067 1.51568067
 1.51568067 1.51568067 1.51568067 1.51568067 1.51568067 1.59835416
 1.59835416 1.59835416 1.59835416 1.59835416 1.59835416 1.59835416
 1.59835416 1.59835416 1.59835416 1.59835416 1.59835416 1.59835416
 1.59835416 1.68102765 1.68102765 1.68102765 1.68102765 1.68102765
 1.68102765 1.68102765 1.68102765 1.68102765 1.68102765 1.68102765
 1.68102765 1.68102765 1.68102765 1.68102765 1.76370114 1.76370114
 1.76370114 1.76370114 1.76370114 1.76370114 1.76370114 1.76370114
 1.76370114 1.76370114 1.76370114 1.76370114 1.76370114 1.76370114
 1.84637463 1.84637463 1.84637463 1.84637463 1.84637463 1.84637463
 1.84637463 1.84637463 1.84637463 1.84637463 1.84637463 1.84637463
 1.84637463 1.84637463 1.84637463]","[0.66138793 0.74406142 0.82673491 0.9094084  0.99208189 1.07475538
 1.15742887 1.24010236 0.57871444 0.66138793 0.74406142 0.82673491
 0.9094084  0.99208189 1.07475538 1.15742887 1.24010236 0.57871444
 0.66138793 0.74406142 0.82673491 0.9094084  0.99208189 1.07475538
 1.15742887 1.24010236 1.32277585 0.49604095 0.57871444 0.66138793
 0.74406142 0.82673491 0.9094084  0.99208189 1.07475538 1.15742887
 1.24010236 1.32277585 1.40544935 0.49604095 0.57871444 0.66138793
 0.74406142 0.82673491 0.9094084  0.99208189 1.07475538 1.15742887
 1.24010236 1.32277585 1.40544935 0.41336745 0.49604095 0.57871444
 0.66138793 0.74406142 0.82673491 0.9094084  0.99208189 1.07475538
 1.15742887 1.24010236 1.32277585 1.40544935 1.48812284 0.41336745
 0.49604095 0.57871444 0.66138793 0.74406142 0.82673491 0.9094084
 0.99208189 1.07475538 1.15742887 1.24010236 1.32277585 1.40544935
 1.48812284 0.33069396 0.41336745 0.49604095 0.57871444 0.66138793
 0.74406142 0.82673491 0.9094084  0.99208189 1.07475538 1.15742887
 1.24010236 1.32277585 1.40544935 1.48812284 0.33069396 0.41336745
 0.49604095 0.57871444 0.66138793 0.74406142 0.82673491 0.9094084
 0.99208189 1.07475538 1.15742887 1.24010236 1.32277585 1.40544935
 0.24802047 0.33069396 0.41336745 0.49604095 0.57871444 0.66138793
 0.74406142 0.82673491 0.9094084  0.99208189 1.07475538 1.15742887
 1.24010236 1.32277585 1.40544935]","[1.10313954 1.10305257 1.10295823 1.10286403 1.10277716 1.1027045
 1.10265254 1.10262729 1.18593381 1.18585746 1.18576849 1.18567499
 1.18558457 1.18550441 1.18544125 1.18540135 1.18539036 1.26866787
 1.26858238 1.26848723 1.26839068 1.26830038 1.26822341 1.26816631
 1.26813504 1.26813485 1.26816988 1.35149016 1.35140609 1.35130665
 1.351201   1.35109749 1.35100368 1.35092651 1.35087225 1.35084652
 1.35085415 1.35089872 1.35098176 1.43424656 1.43413961 1.43402119
 1.43390063 1.43378623 1.43368543 1.43360489 1.43355059 1.43352778
 1.43354083 1.43359278 1.43368449 1.51711105 1.51699224 1.51685602
 1.51671312 1.5165729  1.51644354 1.51633224 1.51624538 1.51618861
 1.5161668  1.51618385 1.51624228 1.51634227 1.51647994 1.59986639
 1.59970614 1.59953492 1.59936341 1.59920062 1.59905421 1.59893077
 1.59883608 1.59877515 1.59875231 1.59877105 1.59883359 1.59894013
 1.59908717 1.68280565 1.68261468 1.68240783 1.68219769 1.68199446
 1.6818065  1.68164082 1.68150331 1.68139909 1.68133254 1.6813074
 1.68132658 1.68139177 1.68150265 1.68165513 1.76559933 1.7653426
 1.76508077 1.76482558 1.76458618 1.7643699  1.76418271 1.76402961
 1.76391484 1.76384205 1.76381432 1.76383401 1.76390237 1.76401884
 1.84869019 1.84836154 1.84802861 1.84770487 1.84740017 1.84712191
 1.84687578 1.84666638 1.84649747 1.8463723  1.84629362 1.84626379
 1.84628458 1.84635686 1.84647991]","[0.65804705 0.74053569 0.82304691 0.90556417 0.98807215 1.07055589
 1.15299993 1.23538728 0.57505814 0.65755613 0.74008749 0.82263392
 0.90517926 0.98770858 1.07020725 1.15265994 1.23504976 0.57451943
 0.65707452 0.73965417 0.82224071 0.90481865 0.98737367 1.06989162
 1.15235757 1.23475478 1.31706376 0.4914079  0.5739923  0.65661146
 0.7392453  0.82187715 0.90449249 0.98707785 1.06961978 1.15210389
 1.23451382 1.31683026 1.39903012 0.49081973 0.57348784 0.65617829
 0.73887241 0.82155492 0.90421257 0.98683298 1.06940367 1.15191098
 1.23433912 1.31666912 1.39887803 0.40752879 0.49026022 0.57302141
 0.65579072 0.73855144 0.82129009 0.90399498 0.98665513 1.06925919
 1.15179449 1.23424601 1.31659536 1.39881992 1.4808928  0.40690317
 0.48975523 0.57261745 0.65547114 0.73830238 0.8211002  0.90385517
 0.98655822 1.06919967 1.15176819 1.23424976 1.31662658 1.398876
 1.48097008 0.32332722 0.40630019 0.48928244 0.57225247 0.65519561
 0.73810146 0.82096208 0.90377062 0.98652025 1.06920316 1.15180968
 1.2343272  1.3167391  1.39902361 1.48115323 0.32258667 0.4057357
 0.4888609  0.57194715 0.65498528 0.73796951 0.82089572 0.90376027
 0.98655898 1.06928634 1.15193462 1.23449294 1.31694611 1.39927338
 0.23850045 0.32189278 0.40523474 0.48851244 0.57171991 0.65485533
 0.7379188  0.8209109  0.90383176 0.98668033 1.06945375 1.1521466
 1.23475003 1.31725067 1.39962923]"
437.08257091695566,225.12395820645716,0.14096958115762148,0.29336167929225565,0.0007743891577639482,0.00649274680670896,0.0006692721802503325,0.006371429018487098,0.0018549893705728238,0.009997562944099758,135,"[1.01963972 1.01963972 1.10231321 1.10231321 1.10231321 1.10231321
 1.10231321 1.10231321 1.10231321 1.10231321 1.10231321 1.10231321
 1.1849867  1.1849867  1.1849867  1.1849867  1.1849867  1.1849867
 1.1849867  1.1849867  1.1849867  1.1849867  1.1849867  1.26766019
 1.26766019 1.26766019 1.26766019 1.26766019 1.26766019 1.26766019
 1.26766019 1.26766019 1.26766019 1.26766019 1.26766019 1.35033368
 1.35033368 1.35033368 1.35033368 1.35033368 1.35033368 1.35033368
 1.35033368 1.35033368 1.35033368 1.35033368 1.35033368 1.35033368
 1.43300718 1.43300718 1.43300718 1.43300718 1.43300718 1.43300718
 1.43300718 1.43300718 1.43300718 1.43300718 1.43300718 1.43300718
 1.43300718 1.43300718 1.51568067 1.51568067 1.51568067 1.51568067
 1.51568067 1.51568067 1.51568067 1.51568067 1.51568067 1.51568067
 1.51568067 1.51568067 1.51568067 1.51568067 1.51568067 1.59835416
 1.59835416 1.59835416 1.59835416 1.59835416 1.59835416 1.59835416
 1.59835416 1.59835416 1.59835416 1.59835416 1.59835416 1.59835416
 1.59835416 1.59835416 1.68102765 1.68102765 1.68102765 1.68102765
 1.68102765 1.68102765 1.68102765 1.68102765 1.68102765 1.68102765
 1.68102765 1.68102765 1.68102765 1.68102765 1.68102765 1.76370114
 1.76370114 1.76370114 1.76370114 1.76370114 1.76370114 1.76370114
 1.76370114 1.76370114 1.76370114 1.76370114 1.76370114 1.76370114
 1.76370114 1.84637463 1.84637463 1.84637463 1.84637463 1.84637463
 1.84637463 1.84637463 1.84637463 1.84637463 1.84637463 1.84637463
 1.84637463 1.84637463 1.84637463]","[1.07475538 1.15742887 0.49604095 0.57871444 0.66138793 0.74406142
 0.82673491 0.9094084  0.99208189 1.07475538 1.15742887 1.24010236
 0.41336745 0.49604095 0.57871444 0.66138793 0.74406142 0.82673491
 0.9094084  0.99208189 1.07475538 1.15742887 1.24010236 0.41336745
 0.49604095 0.57871444 0.66138793 0.74406142 0.82673491 0.9094084
 0.99208189 1.07475538 1.15742887 1.24010236 1.32277585 0.41336745
 0.49604095 0.57871444 0.66138793 0.74406142 0.82673491 0.9094084
 0.99208189 1.07475538 1.15742887 1.24010236 1.32277585 1.40544935
 0.33069396 0.41336745 0.49604095 0.57871444 0.66138793 0.74406142
 0.82673491 0.9094084  0.99208189 1.07475538 1.15742887 1.24010236
 1.32277585 1.40544935 0.33069396 0.41336745 0.49604095 0.57871444
 0.66138793 0.74406142 0.82673491 0.9094084  0.99208189 1.07475538
 1.15742887 1.24010236 1.32277585 1.40544935 1.48812284 0.33069396
 0.41336745 0.49604095 0.57871444 0.66138793 0.74406142 0.82673491
 0.9094084  0.99208189 1.07475538 1.15742887 1.24010236 1.32277585
 1.40544935 1.48812284 0.33069396 0.41336745 0.49604095 0.57871444
 0.66138793 0.74406142 0.82673491 0.9094084  0.99208189 1.07475538
 1.15742887 1.24010236 1.32277585 1.40544935 1.48812284 0.33069396
 0.41336745 0.49604095 0.57871444 0.66138793 0.74406142 0.82673491
 0.9094084  0.99208189 1.07475538 1.15742887 1.24010236 1.32277585
 1.40544935 0.33069396 0.41336745 0.49604095 0.57871444 0.66138793
 0.74406142 0.82673491 0.9094084  0.99208189 1.07475538 1.15742887
 1.24010236 1.32277585 1.40544935]","[1.01995387 1.01988828 1.10318277 1.10314163 1.10307923 1.10300245
 1.10291809 1.10283269 1.10275251 1.10268351 1.1026312  1.10260055
 1.18592308 1.18590332 1.1858565  1.18579009 1.18571143 1.18562756
 1.18554513 1.1854704  1.1854092  1.18536684 1.18534793 1.2686717
 1.26864019 1.26858305 1.26850838 1.2684239  1.26833685 1.26825394
 1.26818136 1.26812477 1.26808925 1.26807905 1.26809726 1.35143598
 1.3513872  1.35131475 1.35122732 1.35113296 1.35103903 1.35095223
 1.35087865 1.35082374 1.35079229 1.35078822 1.35081412 1.35087047
 1.43425026 1.4342091  1.43413689 1.43404371 1.43393876 1.43383031
 1.43372578 1.43363178 1.43355424 1.43349838 1.43346869 1.43346871
 1.4335006  1.43356426 1.51705581 1.51698129 1.51687856 1.51675848
 1.51663065 1.51650346 1.51638431 1.5162797  1.51619536 1.5161363
 1.5161067  1.51610976 1.51614717 1.51621826 1.51631829 1.59984984
 1.59973249 1.5995918  1.5994392  1.59928439 1.59913558 1.59899976
 1.59888297 1.59879041 1.59872657 1.5986952  1.59869914 1.59873994
 1.59881704 1.59892624 1.68265001 1.68248323 1.68229956 1.68211052
 1.68192552 1.68175234 1.68159749 1.68146646 1.68136393 1.68129388
 1.68125955 1.68126333 1.6813063  1.68138746 1.68150203 1.76544999
 1.76522219 1.76498669 1.76475449 1.7645343  1.76433309 1.76415656
 1.76400945 1.76389573 1.76381876 1.76378122 1.76378505 1.76383099
 1.76391787 1.84822962 1.8479294  1.84763407 1.84735326 1.84709426
 1.84686272 1.84666316 1.84649928 1.84637419 1.84629046 1.84625017
 1.84625474 1.84630463 1.8463986 ]","[1.07020716 1.15258525 0.49292882 0.57522546 0.65759275 0.740008
 0.82245149 0.90490556 0.98735382 1.06978028 1.15216849 1.23450062
 0.40996308 0.49223548 0.57459685 0.65702073 0.73948466 0.82196923
 0.90445719 0.98693256 1.06937968 1.15178234 1.23412282 0.40918365
 0.49153791 0.57397182 0.65645903 0.73897747 0.82150832 0.90403498
 0.9865421  1.06901455 1.15143649 1.23379043 1.31605637 0.40839638
 0.49084293 0.5733581  0.65591591 0.73849509 0.82107776 0.90364828
 0.98619211 1.06869485 1.1511412  1.23351406 1.31579363 1.39795686
 0.32514567 0.40760929 0.49015974 0.57276548 0.65540157 0.73804806
 0.82068838 0.9033081  0.98589378 1.06843191 1.15090795 1.23330537
 1.31560471 1.39778304 0.32423741 0.40683463 0.48950154 0.57220795
 0.65493068 0.73765155 0.82035569 0.90303018 0.9856629  1.06824147
 1.15075232 1.23317965 1.31550457 1.39770441 1.47975324 0.32334904
 0.40609698 0.48889294 0.57170915 0.6545251  0.7373252  0.82009702
 0.90282982 0.98551337 1.06813693 1.15068827 1.23315255 1.31551139
 1.39774198 1.47981709 0.3224563  0.40537059 0.48830693 0.5712414
 0.65415719 0.73704203 0.81988641 0.9026821  0.98542107 1.06809447
 1.15069169 1.23319929 1.31560001 1.39787178 1.47998759 0.3215645
 0.40466776 0.48776039 0.5708243  0.65384784 0.73682319 0.8197446
 0.902607   0.98540504 1.06813219 1.1507798  1.23333613 1.31578529
 1.39810608 0.3206964  0.40401077 0.48727372 0.57047578 0.65361243
 0.73668164 0.81968237 0.90261342 0.98547265 1.06825623 1.15095789
 1.23356797 1.31607234 1.3984511 ]"
230.77083343116524,381.81723732541315,0.14877229834503541,0.28732779101655,0.0009999502137416438,0.004641976416498975,0.0008594455125012153,0.004550158235026787,0.002866756329012121,0.008507018146372614,110,"[1.10231321 1.10231321 1.10231321 1.10231321 1.10231321 1.10231321
 1.1849867  1.1849867  1.1849867  1.1849867  1.1849867  1.1849867
 1.1849867  1.26766019 1.26766019 1.26766019 1.26766019 1.26766019
 1.26766019 1.26766019 1.26766019 1.35033368 1.35033368 1.35033368
 1.35033368 1.35033368 1.35033368 1.35033368 1.35033368 1.35033368
 1.35033368 1.43300718 1.43300718 1.43300718 1.43300718 1.43300718
 1.43300718 1.43300718 1.43300718 1.43300718 1.43300718 1.43300718
 1.51568067 1.51568067 1.51568067 1.51568067 1.51568067 1.51568067
 1.51568067 1.51568067 1.51568067 1.51568067 1.51568067 1.51568067
 1.51568067 1.59835416 1.59835416 1.59835416 1.59835416 1.59835416
 1.59835416 1.59835416 1.59835416 1.59835416 1.59835416 1.59835416
 1.59835416 1.59835416 1.68102765 1.68102765 1.68102765 1.68102765
 1.68102765 1.68102765 1.68102765 1.68102765 1.68102765 1.68102765
 1.68102765 1.68102765 1.68102765 1.68102765 1.76370114 1.76370114
 1.76370114 1.76370114 1.76370114 1.76370114 1.76370114 1.76370114
 1.76370114 1.76370114 1.76370114 1.76370114 1.76370114 1.76370114
 1.84637463 1.84637463 1.84637463 1.84637463 1.84637463 1.84637463
 1.84637463 1.84637463 1.84637463 1.84637463 1.84637463 1.84637463
 1.84637463 1.84637463]","[0.82673491 0.9094084  0.99208189 1.07475538 1.15742887 1.24010236
 0.74406142 0.82673491 0.9094084  0.99208189 1.07475538 1.15742887
 1.24010236 0.74406142 0.82673491 0.9094084  0.99208189 1.07475538
 1.15742887 1.24010236 1.32277585 0.66138793 0.74406142 0.82673491
 0.9094084  0.99208189 1.07475538 1.15742887 1.24010236 1.32277585
 1.40544935 0.57871444 0.66138793 0.74406142 0.82673491 0.9094084
 0.99208189 1.07475538 1.15742887 1.24010236 1.32277585 1.40544935
 0.49604095 0.57871444 0.66138793 0.74406142 0.82673491 0.9094084
 0.99208189 1.07475538 1.15742887 1.24010236 1.32277585 1.40544935
 1.48812284 0.49604095 0.57871444 0.66138793 0.74406142 0.82673491
 0.9094084  0.99208189 1.07475538 1.15742887 1.24010236 1.32277585
 1.40544935 1.48812284 0.41336745 0.49604095 0.57871444 0.66138793
 0.74406142 0.82673491 0.9094084  0.99208189 1.07475538 1.15742887
 1.24010236 1.32277585 1.40544935 1.48812284 0.33069396 0.41336745
 0.49604095 0.57871444 0.66138793 0.74406142 0.82673491 0.9094084
 0.99208189 1.07475538 1.15742887 1.24010236 1.32277585 1.40544935
 0.24802047 0.33069396 0.41336745 0.49604095 0.57871444 0.66138793
 0.74406142 0.82673491 0.9094084  0.99208189 1.07475538 1.15742887
 1.24010236 1.32277585]","[1.10308074 1.10296183 1.10285469 1.10276856 1.1027123  1.10269438
 1.18594079 1.18582031 1.18570618 1.185608   1.18553485 1.18549532
 1.1854974  1.26868057 1.26855629 1.2684428  1.26834953 1.2682853
 1.26825827 1.26827588 1.26834442 1.35154902 1.35141084 1.3512782
 1.35116113 1.35106878 1.35100953 1.35099102 1.35102005 1.35110208
 1.35124036 1.4344332  1.43427641 1.43411984 1.43397439 1.43384975
 1.4337546  1.4336968  1.43368337 1.43372039 1.43381252 1.43396199
 1.51734126 1.51715945 1.51697247 1.51679247 1.51662993 1.516494
 1.51639278 1.51633351 1.51632255 1.51636525 1.51646545 1.5166244
 1.51683866 1.60006382 1.59983865 1.59961713 1.59941066 1.59922882
 1.59907982 1.59897082 1.59890812 1.59889729 1.59894294 1.59904835
 1.59921443 1.59943771 1.68302946 1.68275594 1.68248336 1.68222441
 1.68198929 1.68178636 1.68162271 1.68150443 1.68143688 1.68142471
 1.68147172 1.68158044 1.68175111 1.68197962 1.76607715 1.76573741
 1.7653981  1.76507341 1.76477409 1.76450853 1.76428346 1.76410453
 1.76397657 1.76390384 1.76389005 1.7639382  1.7640502  1.7642259
 1.84924139 1.84880755 1.84837814 1.8479687  1.84759006 1.84725007
 1.84695461 1.84670835 1.8465152  1.84637857 1.84630152 1.84628676
 1.84633652 1.84645214]","[0.82374767 0.90635802 0.98895291 1.07151803 1.15403845 1.23649769
 0.74076665 0.82340645 0.90603782 0.98864637 1.071218   1.15373789
 1.23618948 0.74041004 0.82308333 0.90574005 0.98836639 1.07094874
 1.15347262 1.23592164 1.31827637 0.65735599 0.74007915 0.82279106
 0.90547776 0.98812637 1.07072406 1.15325693 1.235709   1.31806106
 1.40028977 0.57422675 0.6570112  0.73978855 0.8225441  0.90526535
 0.98794069 1.07055835 1.15310532 1.23556626 1.3179224  1.40015065
 0.49099912 0.57386163 0.65671942 0.7395565  0.82236035 0.90512035
 0.98782653 1.07046846 1.15303428 1.23550955 1.31787623 1.40011164
 1.48218825 0.49061034 0.57356907 0.65650449 0.73940402 0.82225813
 0.90505879 0.98779823 1.0704679  1.1530574  1.2355535  1.3179389
 1.40019115 1.48228206 0.40718616 0.49027672 0.57333617 0.65635191
 0.7393157  0.82222163 0.90506471 0.98783968 1.07054011 1.15315743
 1.23567993 1.31809163 1.40037108 1.48249065 0.32352322 0.40679681
 0.49002135 0.57318518 0.65628255 0.73931073 0.82226828 0.90515378
 0.98796493 1.07069775 1.15334576 1.23589907 1.31834324 1.40065799
 0.23951345 0.32305327 0.40650715 0.48986751 0.57313404 0.65630974
 0.73939861 0.82240441 0.9053298  0.98817573 1.07094096 1.15362134
 1.23620908 1.31869161]"
332.8190236205141,457.44900895274367,0.14137389923376256,0.2860767265113258,0.0007617333630268927,0.0038204531037036617,0.0006728081181398324,0.0037633358324511306,0.001941004974367111,0.0062628557978456345,104,"[1.10231321 1.10231321 1.10231321 1.10231321 1.10231321 1.1849867
 1.1849867  1.1849867  1.1849867  1.1849867  1.1849867  1.26766019
 1.26766019 1.26766019 1.26766019 1.26766019 1.26766019 1.26766019
 1.26766019 1.35033368 1.35033368 1.35033368 1.35033368 1.35033368
 1.35033368 1.35033368 1.35033368 1.35033368 1.35033368 1.43300718
 1.43300718 1.43300718 1.43300718 1.43300718 1.43300718 1.43300718
 1.43300718 1.43300718 1.43300718 1.51568067 1.51568067 1.51568067
 1.51568067 1.51568067 1.51568067 1.51568067 1.51568067 1.51568067
 1.51568067 1.51568067 1.51568067 1.59835416 1.59835416 1.59835416
 1.59835416 1.59835416 1.59835416 1.59835416 1.59835416 1.59835416
 1.59835416 1.59835416 1.59835416 1.59835416 1.68102765 1.68102765
 1.68102765 1.68102765 1.68102765 1.68102765 1.68102765 1.68102765
 1.68102765 1.68102765 1.68102765 1.68102765 1.68102765 1.68102765
 1.76370114 1.76370114 1.76370114 1.76370114 1.76370114 1.76370114
 1.76370114 1.76370114 1.76370114 1.76370114 1.76370114 1.76370114
 1.76370114 1.84637463 1.84637463 1.84637463 1.84637463 1.84637463
 1.84637463 1.84637463 1.84637463 1.84637463 1.84637463 1.84637463
 1.84637463 1.84637463]","[0.82673491 0.9094084  0.99208189 1.07475538 1.15742887 0.82673491
 0.9094084  0.99208189 1.07475538 1.15742887 1.24010236 0.74406142
 0.82673491 0.9094084  0.99208189 1.07475538 1.15742887 1.24010236
 1.32277585 0.66138793 0.74406142 0.82673491 0.9094084  0.99208189
 1.07475538 1.15742887 1.24010236 1.32277585 1.40544935 0.66138793
 0.74406142 0.82673491 0.9094084  0.99208189 1.07475538 1.15742887
 1.24010236 1.32277585 1.40544935 0.57871444 0.66138793 0.74406142
 0.82673491 0.9094084  0.99208189 1.07475538 1.15742887 1.24010236
 1.32277585 1.40544935 1.48812284 0.49604095 0.57871444 0.66138793
 0.74406142 0.82673491 0.9094084  0.99208189 1.07475538 1.15742887
 1.24010236 1.32277585 1.40544935 1.48812284 0.41336745 0.49604095
 0.57871444 0.66138793 0.74406142 0.82673491 0.9094084  0.99208189
 1.07475538 1.15742887 1.24010236 1.32277585 1.40544935 1.48812284
 0.41336745 0.49604095 0.57871444 0.66138793 0.74406142 0.82673491
 0.9094084  0.99208189 1.07475538 1.15742887 1.24010236 1.32277585
 1.40544935 0.33069396 0.41336745 0.49604095 0.57871444 0.66138793
 0.74406142 0.82673491 0.9094084  0.99208189 1.07475538 1.15742887
 1.24010236 1.32277585]","[1.10296185 1.10286338 1.10277569 1.10270657 1.10266362 1.18568238
 1.18558946 1.18551071 1.18545373 1.18542588 1.18543419 1.26850177
 1.26840092 1.26830986 1.2682364  1.26818792 1.26817143 1.26819355
 1.26826023 1.35132734 1.3512154  1.3511089  1.35101602 1.35094434
 1.35090091 1.35089236 1.3509248  1.35100361 1.3511328  1.43403832
 1.43391244 1.43379644 1.43369825 1.43362508 1.43358362 1.43358003
 1.43361992 1.43370805 1.43384766 1.51687413 1.51672343 1.51657913
 1.51644973 1.51634278 1.51626513 1.51622303 1.51622218 1.51626763
 1.5163635  1.51651225 1.51671314 1.59972306 1.59954135 1.59936328
 1.59919799 1.59905332 1.59893609 1.59885242 1.59880785 1.59880744
 1.59885573 1.59895643 1.59911184 1.59932139 1.68262579 1.68240549
 1.68218634 1.68197844 1.68179009 1.68162828 1.68149905 1.68140773
 1.68135914 1.68135765 1.68140711 1.68151059 1.68166967 1.681883
 1.76532428 1.76505135 1.76478993 1.76454879 1.76433499 1.76415437
 1.76401193 1.76391209 1.76385883 1.76385576 1.76390607 1.76401223
 1.76417538 1.84831563 1.84797049 1.84764019 1.84733376 1.84705797
 1.84681815 1.84661867 1.84646324 1.84635521 1.84629761 1.84629327
 1.84634465 1.84645367]","[0.82421858 0.90683762 0.9894427  1.07202166 1.15456167 0.82394072
 0.90657596 0.98919118 1.0717744  1.15431284 1.23679189 0.74100805
 0.82367791 0.90633309 0.98896206 1.07155324 1.15409406 1.23656997
 1.31896325 0.65802877 0.74073971 0.82344048 0.90611955 0.98876613
 1.07136924 1.15391675 1.23639431 1.31878426 1.40106427 0.65774996
 0.74050458 0.8232405  0.90594738 0.98861544 1.07123451 1.15379309
 1.23627729 1.31866966 1.40094791 0.57469516 0.65751586 0.74031892
 0.82309414 0.90583264 0.98852588 1.07116471 1.15373848 1.23623398
 1.31863425 1.4009173  1.48305495 0.4915626  0.57446562 0.65734897
 0.7402026  0.82301869 0.90579041 0.98851097 1.07117271 1.15376616
 1.23627903 1.31869492 1.4009919  1.48314101 0.40828554 0.4912951
 0.57427903 0.65722741 0.7401335  0.82299226 0.90579919 0.98854946
 1.07123709 1.15385409 1.23638945 1.31882797 1.40114875 1.48332374
 0.4079698  0.49108734 0.57415628 0.65717186 0.74013154 0.82303368
 0.90587657 0.9886577  1.07137305 1.15401638 1.23657825 1.31904487
 1.4013966  0.32443111 0.40773309 0.49096132 0.57411517 0.65719644
 0.74020768 0.82315125 0.90602865 0.98883999 1.0715835  1.1542549
 1.23684662 1.31934665]"
375.59389784599006,195.2583398589257,0.16207344075706773,0.2345094047014524,0.0009207951627484626,0.007455132641356169,0.000778916546729944,0.007282226166264128,0.002443863488659881,0.01223130964542335,145,"[1.01963972 1.01963972 1.01963972 1.10231321 1.10231321 1.10231321
 1.10231321 1.10231321 1.10231321 1.10231321 1.10231321 1.10231321
 1.10231321 1.10231321 1.1849867  1.1849867  1.1849867  1.1849867
 1.1849867  1.1849867  1.1849867  1.1849867  1.1849867  1.1849867
 1.1849867  1.1849867  1.26766019 1.26766019 1.26766019 1.26766019
 1.26766019 1.26766019 1.26766019 1.26766019 1.26766019 1.26766019
 1.26766019 1.26766019 1.26766019 1.35033368 1.35033368 1.35033368
 1.35033368 1.35033368 1.35033368 1.35033368 1.35033368 1.35033368
 1.35033368 1.35033368 1.35033368 1.35033368 1.35033368 1.43300718
 1.43300718 1.43300718 1.43300718 1.43300718 1.43300718 1.43300718
 1.43300718 1.43300718 1.43300718 1.43300718 1.43300718 1.43300718
 1.43300718 1.43300718 1.51568067 1.51568067 1.51568067 1.51568067
 1.51568067 1.51568067 1.51568067 1.51568067 1.51568067 1.51568067
 1.51568067 1.51568067 1.51568067 1.51568067 1.51568067 1.59835416
 1.59835416 1.59835416 1.59835416 1.59835416 1.59835416 1.59835416
 1.59835416 1.59835416 1.59835416 1.59835416 1.59835416 1.59835416
 1.59835416 1.59835416 1.59835416 1.68102765 1.68102765 1.68102765
 1.68102765 1.68102765 1.68102765 1.68102765 1.68102765 1.68102765
 1.68102765 1.68102765 1.68102765 1.68102765 1.68102765 1.68102765
 1.68102765 1.76370114 1.76370114 1.76370114 1.76370114 1.76370114
 1.76370114 1.76370114 1.76370114 1.76370114 1.76370114 1.76370114
 1.76370114 1.76370114 1.76370114 1.76370114 1.84637463 1.84637463
 1.84637463 1.84637463 1.84637463 1.84637463 1.84637463 1.84637463
 1.84637463 1.84637463 1.84637463 1.84637463 1.84637463 1.84637463
 1.84637463]","[0.99208189 1.07475538 1.15742887 0.41336745 0.49604095 0.57871444
 0.66138793 0.74406142 0.82673491 0.9094084  0.99208189 1.07475538
 1.15742887 1.24010236 0.41336745 0.49604095 0.57871444 0.66138793
 0.74406142 0.82673491 0.9094084  0.99208189 1.07475538 1.15742887
 1.24010236 1.32277585 0.33069396 0.41336745 0.49604095 0.57871444
 0.66138793 0.74406142 0.82673491 0.9094084  0.99208189 1.07475538
 1.15742887 1.24010236 1.32277585 0.33069396 0.41336745 0.49604095
 0.57871444 0.66138793 0.74406142 0.82673491 0.9094084  0.99208189
 1.07475538 1.15742887 1.24010236 1.32277585 1.40544935 0.33069396
 0.41336745 0.49604095 0.57871444 0.66138793 0.74406142 0.82673491
 0.9094084  0.99208189 1.07475538 1.15742887 1.24010236 1.32277585
 1.40544935 1.48812284 0.33069396 0.41336745 0.49604095 0.57871444
 0.66138793 0.74406142 0.82673491 0.9094084  0.99208189 1.07475538
 1.15742887 1.24010236 1.32277585 1.40544935 1.48812284 0.24802047
 0.33069396 0.41336745 0.49604095 0.57871444 0.66138793 0.74406142
 0.82673491 0.9094084  0.99208189 1.07475538 1.15742887 1.24010236
 1.32277585 1.40544935 1.48812284 0.24802047 0.33069396 0.41336745
 0.49604095 0.57871444 0.66138793 0.74406142 0.82673491 0.9094084
 0.99208189 1.07475538 1.15742887 1.24010236 1.32277585 1.40544935
 1.48812284 0.24802047 0.33069396 0.41336745 0.49604095 0.57871444
 0.66138793 0.74406142 0.82673491 0.9094084  0.99208189 1.07475538
 1.15742887 1.24010236 1.32277585 1.40544935 0.24802047 0.33069396
 0.41336745 0.49604095 0.57871444 0.66138793 0.74406142 0.82673491
 0.9094084  0.99208189 1.07475538 1.15742887 1.24010236 1.32277585
 1.40544935]","[1.02006801 1.01997851 1.01990318 1.10326888 1.1032576  1.10321555
 1.10314972 1.10306737 1.10297574 1.10288184 1.10279236 1.10271361
 1.10265135 1.10261062 1.18600739 1.18598909 1.18594059 1.18586979
 1.18578452 1.18569239 1.1856006  1.18551589 1.18544445 1.18539183
 1.18536267 1.18536026 1.268763   1.26876963 1.26873852 1.26867833
 1.26859777 1.26850522 1.2684086  1.26831519 1.26823172 1.26816422
 1.26811797 1.26809721 1.26810466 1.35156285 1.35154976 1.35149947
 1.35142188 1.35132648 1.35122213 1.35111691 1.35101819 1.35093256
 1.35086586 1.35082306 1.35080799 1.35082281 1.35086702 1.4343815
 1.43434067 1.43426411 1.43416292 1.43404729 1.43392642 1.43380851
 1.43370086 1.43360989 1.43354119 1.43349937 1.43348787 1.43350834
 1.43355962 1.43363579 1.51721028 1.51713228 1.51702132 1.51688956
 1.51674772 1.51660522 1.51647027 1.51635002 1.5162507  1.51617761
 1.51613504 1.516126   1.51615165 1.51621022 1.51629505 1.60011373
 1.60003062 1.59990457 1.59975065 1.59958181 1.59940901 1.59924149
 1.59908708 1.59895241 1.59884316 1.59876405 1.59871889 1.5987103
 1.59873924 1.598804   1.59889842 1.68300421 1.68285839 1.68267583
 1.68247257 1.68226175 1.6820541  1.6818584  1.68168189 1.68153063
 1.68140965 1.68132311 1.68127426 1.68126522 1.6812965  1.68136598
 1.681467   1.76591218 1.76568628 1.76543385 1.76517117 1.76491091
 1.76466296 1.76443518 1.76423387 1.76406417 1.76393032 1.76383576
 1.76378313 1.76377405 1.76380872 1.76388489 1.84881849 1.84849351
 1.84815787 1.84782663 1.84751083 1.84721868 1.84695646 1.84672906
 1.84654041 1.8463937  1.84629151 1.84623578 1.84622763 1.84626696
 1.84635158]","[0.98721884 1.06959009 1.15192843 0.41042803 0.49255452 0.57478976
 0.65710508 0.73947561 0.82187955 0.90429734 0.98671081 1.06910236
 1.1514541  1.23374698 0.40955464 0.49176112 0.57406832 0.65644728
 0.73887313 0.82132427 0.90378144 0.98622688 1.06864336 1.15101325
 1.23331768 1.31553579 0.32649282 0.40866393 0.49096089 0.5733492
 0.65579969 0.73828765 0.82079196 0.903294   0.98577665 1.06822324
 1.15061658 1.23293812 1.31516723 0.32547649 0.407761   0.49016078
 0.57264054 0.65517113 0.73772849 0.82029241 0.90284522 0.98537068
 1.0678529  1.15027535 1.23261995 1.31486637 1.39699192 0.32443881
 0.40685388 0.48937035 0.57195266 0.65457248 0.73720698 0.81983727
 0.90244697 0.98502103 1.06754459 1.15000195 1.23237571 1.31464598
 1.39679028 1.47878498 0.32338995 0.40595489 0.48860316 0.57130013
 0.65401907 0.73673897 0.81944272 0.90211563 0.98474412 1.06731461
 1.14981249 1.23222122 1.31452154 1.39669126 1.47870662 0.23972055
 0.3223526  0.40508837 0.48788395 0.5707069  0.6535332  0.7363446
 0.81912667 0.9018671  0.98455443 1.0671769  1.1497214  1.23217244
 1.31451133 1.39671571 1.47876047 0.23844854 0.32130396 0.40423079
 0.48718834 0.57014812 0.65309008 0.73599969 0.8188658  0.90167899
 0.98443029 1.06711006 1.149707   1.23220713 1.31459286 1.39684243
 1.47893054 0.23713191 0.3202497  0.40339521 0.48653402 0.56964404
 0.65271106 0.73572563 0.81868093 0.90157119 0.98439051 1.06713187
 1.14978615 1.23234119 1.31478076 1.39708376 0.23578916 0.31921235
 0.40260435 0.48594202 0.56921319 0.65241193 0.73553561 0.81858289
 0.9015525  0.98444224 1.06724817 1.1499638  1.23257918 1.31507987
 1.39744579]"
257.6204926590964,308.103703732759,0.17493030967400325,0.2563184984321445,0.0009942455615797592,0.005410139202128375,0.0008491679071265678,0.005310572957353459,0.002793708243864046,0.009508715999426653,118,"[1.01963972 1.10231321 1.10231321 1.10231321 1.10231321 1.10231321
 1.10231321 1.10231321 1.1849867  1.1849867  1.1849867  1.1849867
 1.1849867  1.1849867  1.1849867  1.1849867  1.26766019 1.26766019
 1.26766019 1.26766019 1.26766019 1.26766019 1.26766019 1.26766019
 1.26766019 1.35033368 1.35033368 1.35033368 1.35033368 1.35033368
 1.35033368 1.35033368 1.35033368 1.35033368 1.35033368 1.35033368
 1.43300718 1.43300718 1.43300718 1.43300718 1.43300718 1.43300718
 1.43300718 1.43300718 1.43300718 1.43300718 1.43300718 1.43300718
 1.51568067 1.51568067 1.51568067 1.51568067 1.51568067 1.51568067
 1.51568067 1.51568067 1.51568067 1.51568067 1.51568067 1.51568067
 1.51568067 1.59835416 1.59835416 1.59835416 1.59835416 1.59835416
 1.59835416 1.59835416 1.59835416 1.59835416 1.59835416 1.59835416
 1.59835416 1.59835416 1.59835416 1.68102765 1.68102765 1.68102765
 1.68102765 1.68102765 1.68102765 1.68102765 1.68102765 1.68102765
 1.68102765 1.68102765 1.68102765 1.68102765 1.68102765 1.68102765
 1.76370114 1.76370114 1.76370114 1.76370114 1.76370114 1.76370114
 1.76370114 1.76370114 1.76370114 1.76370114 1.76370114 1.76370114
 1.76370114 1.76370114 1.84637463 1.84637463 1.84637463 1.84637463
 1.84637463 1.84637463 1.84637463 1.84637463 1.84637463 1.84637463
 1.84637463 1.84637463 1.84637463 1.84637463]","[1.15742887 0.74406142 0.82673491 0.9094084  0.99208189 1.07475538
 1.15742887 1.24010236 0.66138793 0.74406142 0.82673491 0.9094084
 0.99208189 1.07475538 1.15742887 1.24010236 0.66138793 0.74406142
 0.82673491 0.9094084  0.99208189 1.07475538 1.15742887 1.24010236
 1.32277585 0.57871444 0.66138793 0.74406142 0.82673491 0.9094084
 0.99208189 1.07475538 1.15742887 1.24010236 1.32277585 1.40544935
 0.49604095 0.57871444 0.66138793 0.74406142 0.82673491 0.9094084
 0.99208189 1.07475538 1.15742887 1.24010236 1.32277585 1.40544935
 0.49604095 0.57871444 0.66138793 0.74406142 0.82673491 0.9094084
 0.99208189 1.07475538 1.15742887 1.24010236 1.32277585 1.40544935
 1.48812284 0.41336745 0.49604095 0.57871444 0.66138793 0.74406142
 0.82673491 0.9094084  0.99208189 1.07475538 1.15742887 1.24010236
 1.32277585 1.40544935 1.48812284 0.33069396 0.41336745 0.49604095
 0.57871444 0.66138793 0.74406142 0.82673491 0.9094084  0.99208189
 1.07475538 1.15742887 1.24010236 1.32277585 1.40544935 1.48812284
 0.33069396 0.41336745 0.49604095 0.57871444 0.66138793 0.74406142
 0.82673491 0.9094084  0.99208189 1.07475538 1.15742887 1.24010236
 1.32277585 1.40544935 0.24802047 0.33069396 0.41336745 0.49604095
 0.57871444 0.66138793 0.74406142 0.82673491 0.9094084  0.99208189
 1.07475538 1.15742887 1.24010236 1.32277585]","[1.01991765 1.10317495 1.10306071 1.10294728 1.10284356 1.10275801
 1.10269871 1.10267319 1.18601806 1.18590894 1.18579492 1.18568548
 1.1855895  1.18551535 1.18547081 1.18546297 1.26876179 1.26864452
 1.26852636 1.2684168  1.26832464 1.26825798 1.26822423 1.26822994
 1.2682804  1.35162622 1.35150256 1.35137212 1.35124531 1.35113153
 1.3510393  1.35097639 1.35094973 1.35096531 1.35102762 1.35113874
 1.4345105  1.43437652 1.43422937 1.43408072 1.43394085 1.4338189
 1.43372303 1.43366052 1.43363778 1.43366016 1.43373145 1.43385277
 1.51727437 1.51710447 1.51692774 1.51675574 1.51659846 1.51646461
 1.51636187 1.516297   1.51627584 1.51630307 1.51638175 1.51651217
 1.51668974 1.60020139 1.60000102 1.59978877 1.59957788 1.59937931
 1.59920231 1.59905475 1.59894347 1.59887439 1.59885261 1.5988822
 1.59896575 1.59910333 1.59929048 1.6832007  1.6829605  1.68270312
 1.6824441  1.68219578 1.68196814 1.68176937 1.68160635 1.68148496
 1.68141026 1.68138654 1.68141714 1.68150397 1.68164653 1.68183979
 1.7660043  1.76568446 1.76536184 1.76505046 1.76476106 1.76450198
 1.76427996 1.76410056 1.76396849 1.76388783 1.76386198 1.76389358
 1.763984   1.76413244 1.84916834 1.84875881 1.84834934 1.84795567
 1.84758892 1.84725715 1.84696645 1.84672159 1.84652652 1.84638459
 1.84629875 1.8462715  1.84630475 1.84639939]","[1.15372962 0.74069752 0.82325719 0.90581983 0.98836974 1.07089164
 1.15336973 1.23578674 0.65768644 0.74026796 0.82286143 0.90545013
 0.98801867 1.07055206 1.15303465 1.23544919 0.65722366 0.73985306
 0.8224855  0.90510489 0.9876965  1.07024583 1.15273765 1.23515493
 1.31747782 0.57410787 0.65678086 0.73946452 0.8221414  0.90479646
 0.9874159  1.06998603 1.15249223 1.23491792 1.31724353 1.39944575
 0.49089803 0.57362589 0.65637182 0.73911613 0.82184293 0.90453862
 0.98719068 1.06978649 1.15231233 1.23475228 1.31708724 1.39929417
 0.49036315 0.57318779 0.65601443 0.73882563 0.82160762 0.90434866
 0.98703785 1.06966393 1.15221433 1.23467405 1.31702469 1.39924363
 1.48130418 0.40696313 0.48989002 0.57281956 0.65573224 0.73861392
 0.82145377 0.90424265 0.98697185 1.069632   1.15221205 1.23469816
 1.31707268 1.39931312 1.48139197 0.32333684 0.4064014  0.48946516
 0.57250578 0.65550861 0.73846378 0.82136404 0.9042033  0.98697541
 1.06967315 1.15228731 1.23480562 1.31721168 1.39948394 1.48159525
 0.32264883 0.40589941 0.48911083 0.57226863 0.65536487 0.7383952
 0.82135688 0.90424747 0.98706386 1.06980137 1.15245291 1.23500808
 1.31745198 1.39976412 0.23851176 0.32203554 0.40548565 0.48885046
 0.57212673 0.65531537 0.73841889 0.82143994 0.90438033 0.98724037
 1.07001824 1.1527093  1.23530528 1.31779317]"
252.73717236086776,403.1415980480675,0.20177805143973912,0.2736477306682762,0.0009486413687407517,0.004412583362125861,0.0008181460095750023,0.004325442443779924,0.0027157346004318406,0.008057244332723534,108,"[1.10231321 1.10231321 1.10231321 1.10231321 1.10231321 1.1849867
 1.1849867  1.1849867  1.1849867  1.1849867  1.1849867  1.1849867
 1.26766019 1.26766019 1.26766019 1.26766019 1.26766019 1.26766019
 1.26766019 1.26766019 1.35033368 1.35033368 1.35033368 1.35033368
 1.35033368 1.35033368 1.35033368 1.35033368 1.35033368 1.35033368
 1.43300718 1.43300718 1.43300718 1.43300718 1.43300718 1.43300718
 1.43300718 1.43300718 1.43300718 1.43300718 1.43300718 1.51568067
 1.51568067 1.51568067 1.51568067 1.51568067 1.51568067 1.51568067
 1.51568067 1.51568067 1.51568067 1.51568067 1.51568067 1.59835416
 1.59835416 1.59835416 1.59835416 1.59835416 1.59835416 1.59835416
 1.59835416 1.59835416 1.59835416 1.59835416 1.59835416 1.59835416
 1.68102765 1.68102765 1.68102765 1.68102765 1.68102765 1.68102765
 1.68102765 1.68102765 1.68102765 1.68102765 1.68102765 1.68102765
 1.68102765 1.68102765 1.76370114 1.76370114 1.76370114 1.76370114
 1.76370114 1.76370114 1.76370114 1.76370114 1.76370114 1.76370114
 1.76370114 1.76370114 1.76370114 1.76370114 1.84637463 1.84637463
 1.84637463 1.84637463 1.84637463 1.84637463 1.84637463 1.84637463
 1.84637463 1.84637463 1.84637463 1.84637463 1.84637463 1.84637463]","[0.82673491 0.9094084  0.99208189 1.07475538 1.15742887 0.74406142
 0.82673491 0.9094084  0.99208189 1.07475538 1.15742887 1.24010236
 0.74406142 0.82673491 0.9094084  0.99208189 1.07475538 1.15742887
 1.24010236 1.32277585 0.66138793 0.74406142 0.82673491 0.9094084
 0.99208189 1.07475538 1.15742887 1.24010236 1.32277585 1.40544935
 0.57871444 0.66138793 0.74406142 0.82673491 0.9094084  0.99208189
 1.07475538 1.15742887 1.24010236 1.32277585 1.40544935 0.57871444
 0.66138793 0.74406142 0.82673491 0.9094084  0.99208189 1.07475538
 1.15742887 1.24010236 1.32277585 1.40544935 1.48812284 0.49604095
 0.57871444 0.66138793 0.74406142 0.82673491 0.9094084  0.99208189
 1.07475538 1.15742887 1.24010236 1.32277585 1.40544935 1.48812284
 0.41336745 0.49604095 0.57871444 0.66138793 0.74406142 0.82673491
 0.9094084  0.99208189 1.07475538 1.15742887 1.24010236 1.32277585
 1.40544935 1.48812284 0.33069396 0.41336745 0.49604095 0.57871444
 0.66138793 0.74406142 0.82673491 0.9094084  0.99208189 1.07475538
 1.15742887 1.24010236 1.32277585 1.40544935 0.24802047 0.33069396
 0.41336745 0.49604095 0.57871444 0.66138793 0.74406142 0.82673491
 0.9094084  0.99208189 1.07475538 1.15742887 1.24010236 1.32277585]","[1.10305025 1.10293645 1.1028343  1.10275267 1.10270015 1.18589994
 1.18578482 1.18567611 1.18558302 1.18551429 1.18547821 1.1854826
 1.26863453 1.26851622 1.26840856 1.26832059 1.26826077 1.26823702
 1.2682566  1.26832579 1.35149188 1.35136036 1.35123446 1.35112376
 1.35103702 1.3509823  1.35096701 1.35099782 1.35108026 1.35121783
 1.43436408 1.43421482 1.43406612 1.43392835 1.43381074 1.43372162
 1.43366855 1.43365839 1.43369713 1.43378953 1.43393816 1.51708555
 1.51690785 1.51673709 1.51658324 1.51645506 1.51636034 1.51630608
 1.51629851 1.51634295 1.51644337 1.51660143 1.51681448 1.59997547
 1.59976138 1.59955105 1.59935529 1.59918325 1.59904277 1.59894076
 1.59888336 1.59887604 1.59892343 1.59902898 1.59919405 1.599416
 1.68292464 1.68266468 1.68240582 1.68216008 1.68193716 1.68174508
 1.68159067 1.68147983 1.68141782 1.68140924 1.68145795 1.68156667
 1.68173605 1.68196279 1.7659523  1.76562954 1.76530728 1.76499892
 1.7647147  1.76446266 1.76424932 1.76408017 1.76395997 1.76389291
 1.76388272 1.76393248 1.76404429 1.76421839 1.84909036 1.84867864
 1.84827092 1.84788191 1.84752197 1.84719867 1.84691776 1.84668384
 1.8465008  1.84637205 1.84630066 1.84628941 1.84634061 1.84645579]","[0.82389065 0.90650519 0.98910451 1.07167488 1.15420198 0.74092592
 0.82356843 0.90620246 0.98881425 1.07139029 1.15391632 1.23637629
 0.7405895  0.82326344 0.90592111 0.98854937 1.07113514 1.15366448
 1.23612145 1.31848708 0.65755613 0.74027754 0.82298777 0.90567355
 0.98832258 1.07092253 1.15345999 1.23591939 1.3182819  1.40052435
 0.57445164 0.65723143 0.74000394 0.82275528 0.90547354 0.98814765
 1.07076626 1.15331677 1.2357842  1.31815011 1.40039151 0.57410846
 0.65695752 0.73978645 0.82258341 0.90533826 0.98804143 1.07068288
 1.15325103 1.23573177 1.31810729 1.40035501 1.48244708 0.49089057
 0.57383555 0.6567579  0.7396458  0.82249022 0.90528348 0.98801809
 1.07068574 1.15327629 1.23577672 1.31816994 1.40043355 1.48253902
 0.40750802 0.490578   0.573618   0.65661622 0.7395649  0.82245841
 0.90529189 0.98806023 1.07075711 1.15337412 1.23589972 1.31831809
 1.40060785 1.48274114 0.32389915 0.40714252 0.49033899 0.57347774
 0.65655334 0.73956318 0.82250579 0.90537968 0.98818252 1.07091031
 1.15355664 1.23611172 1.31856124 1.40088504 0.23996323 0.32345818
 0.40687162 0.49019657 0.57343274 0.65658284 0.73965054 0.82263923
 0.90555127 0.98838739 1.07114621 1.15382355 1.23641164 1.31889806]"
353.4776429876791,239.36284476819046,0.16725317819484614,0.2033807514599895,0.0008855193496586423,0.00635928380179905,0.0007582937346392106,0.00624072143749556,0.002433432903864441,0.010620845272258428,130,"[1.01963972 1.01963972 1.10231321 1.10231321 1.10231321 1.10231321
 1.10231321 1.10231321 1.10231321 1.10231321 1.10231321 1.1849867
 1.1849867  1.1849867  1.1849867  1.1849867  1.1849867  1.1849867
 1.1849867  1.1849867  1.1849867  1.26766019 1.26766019 1.26766019
 1.26766019 1.26766019 1.26766019 1.26766019 1.26766019 1.26766019
 1.26766019 1.26766019 1.35033368 1.35033368 1.35033368 1.35033368
 1.35033368 1.35033368 1.35033368 1.35033368 1.35033368 1.35033368
 1.35033368 1.35033368 1.35033368 1.43300718 1.43300718 1.43300718
 1.43300718 1.43300718 1.43300718 1.43300718 1.43300718 1.43300718
 1.43300718 1.43300718 1.43300718 1.43300718 1.51568067 1.51568067
 1.51568067 1.51568067 1.51568067 1.51568067 1.51568067 1.51568067
 1.51568067 1.51568067 1.51568067 1.51568067 1.51568067 1.51568067
 1.59835416 1.59835416 1.59835416 1.59835416 1.59835416 1.59835416
 1.59835416 1.59835416 1.59835416 1.59835416 1.59835416 1.59835416
 1.59835416 1.59835416 1.59835416 1.68102765 1.68102765 1.68102765
 1.68102765 1.68102765 1.68102765 1.68102765 1.68102765 1.68102765
 1.68102765 1.68102765 1.68102765 1.68102765 1.68102765 1.68102765
 1.76370114 1.76370114 1.76370114 1.76370114 1.76370114 1.76370114
 1.76370114 1.76370114 1.76370114 1.76370114 1.76370114 1.76370114
 1.76370114 1.76370114 1.84637463 1.84637463 1.84637463 1.84637463
 1.84637463 1.84637463 1.84637463 1.84637463 1.84637463 1.84637463
 1.84637463 1.84637463 1.84637463 1.84637463]","[1.07475538 1.15742887 0.57871444 0.66138793 0.74406142 0.82673491
 0.9094084  0.99208189 1.07475538 1.15742887 1.24010236 0.49604095
 0.57871444 0.66138793 0.74406142 0.82673491 0.9094084  0.99208189
 1.07475538 1.15742887 1.24010236 0.49604095 0.57871444 0.66138793
 0.74406142 0.82673491 0.9094084  0.99208189 1.07475538 1.15742887
 1.24010236 1.32277585 0.41336745 0.49604095 0.57871444 0.66138793
 0.74406142 0.82673491 0.9094084  0.99208189 1.07475538 1.15742887
 1.24010236 1.32277585 1.40544935 0.41336745 0.49604095 0.57871444
 0.66138793 0.74406142 0.82673491 0.9094084  0.99208189 1.07475538
 1.15742887 1.24010236 1.32277585 1.40544935 0.41336745 0.49604095
 0.57871444 0.66138793 0.74406142 0.82673491 0.9094084  0.99208189
 1.07475538 1.15742887 1.24010236 1.32277585 1.40544935 1.48812284
 0.33069396 0.41336745 0.49604095 0.57871444 0.66138793 0.74406142
 0.82673491 0.9094084  0.99208189 1.07475538 1.15742887 1.24010236
 1.32277585 1.40544935 1.48812284 0.33069396 0.41336745 0.49604095
 0.57871444 0.66138793 0.74406142 0.82673491 0.9094084  0.99208189
 1.07475538 1.15742887 1.24010236 1.32277585 1.40544935 1.48812284
 0.33069396 0.41336745 0.49604095 0.57871444 0.66138793 0.74406142
 0.82673491 0.9094084  0.99208189 1.07475538 1.15742887 1.24010236
 1.32277585 1.40544935 0.24802047 0.33069396 0.41336745 0.49604095
 0.57871444 0.66138793 0.74406142 0.82673491 0.9094084  0.99208189
 1.07475538 1.15742887 1.24010236 1.32277585]","[1.01997418 1.01990187 1.10323414 1.10316278 1.10307527 1.10297942
 1.10288277 1.10279253 1.10271553 1.10265816 1.10262622 1.18601448
 1.18596037 1.18588402 1.18579397 1.18569832 1.18560479 1.18552058
 1.18545241 1.18540643 1.18538805 1.26876497 1.2686987  1.2686126
 1.26851565 1.26841621 1.26832204 1.26824028 1.26817746 1.26813945
 1.26813122 1.26815644 1.351583   1.35152584 1.35144175 1.35134086
 1.3512325  1.3511252  1.35102666 1.35094389 1.35088318 1.35085003
 1.35084899 1.35088315 1.35095323 1.43437301 1.43428866 1.43418063
 1.43405964 1.43393526 1.43381602 1.43370951 1.43362251 1.43356099
 1.43353009 1.43353388 1.43357494 1.43365325 1.51716113 1.51704165
 1.51690292 1.51675604 1.51661067 1.51647526 1.51635719 1.51626294
 1.51619816 1.5161676  1.5161749  1.51622204 1.51630839 1.51642874
 1.6000634  1.59992665 1.59976384 1.59958825 1.59941102 1.59924151
 1.59908767 1.59895628 1.59885322 1.5987835  1.59875134 1.59875992
 1.59881099 1.59890389 1.59903385 1.68288011 1.68268626 1.68247429
 1.68225741 1.68204635 1.68184986 1.6816752  1.68152849 1.6814149
 1.68133881 1.68130383 1.6813126  1.68136634 1.68146391 1.68160001
 1.7656898  1.76542657 1.76515633 1.76489153 1.76464186 1.76441502
 1.76421722 1.76405359 1.76392846 1.76384543 1.76380746 1.76381662
 1.76387374 1.76397751 1.84880806 1.84847023 1.84812596 1.84778972
 1.84747203 1.84718073 1.84692183 1.84670008 1.84651933 1.84638284
 1.84629332 1.84625295 1.84626327 1.84632474]","[1.07042432 1.15282762 0.57527433 0.65767535 0.74012312 0.82259754
 0.90508075 0.98755616 1.07000766 1.15241868 1.23477132 0.49226709
 0.5746625  0.65711955 0.7396152  0.82212965 0.90464536 0.98714615
 1.06961625 1.15203932 1.23439753 0.49158519 0.57405332 0.65657357
 0.73912323 0.82168305 0.90423619 0.98676709 1.0692605  1.1517005
 1.23406953 1.31634748 0.40842295 0.49090538 0.57345562 0.65604677
 0.73865694 0.82126788 0.90386369 0.98642973 1.06895151 1.15141368
 1.23379913 1.316088   1.3982572  0.40764972 0.49023828 0.57288052
 0.65555062 0.73822808 0.82089604 0.90353994 0.98614627 1.06870156
 1.15119128 1.23359892 1.31590505 1.39808678 0.40689063 0.48959865
 0.5723434  0.65510098 0.7378528  0.82058389 0.90328131 0.98593304
 1.06852684 1.15104922 1.23348453 1.31581395 1.3980149  1.48006159
 0.32337576 0.40617157 0.48901218 0.57186878 0.65472039 0.73755132
 0.82034921 0.90310352 0.98580427 1.06844096 1.15100156 1.23347146
 1.31583244 1.39806188 1.48013286 0.32250379 0.40547218 0.48845697
 0.57143372 0.65438559 0.73730059 0.82016961 0.90298486 0.98573874
 1.06842281 1.15102676 1.23353747 1.31593789 1.39820618 1.48031561
 0.32164469 0.40480803 0.48795211 0.57105909 0.65411796 0.73712168
 0.82006528 0.90294441 0.98575438 1.06848918 1.15114062 1.23369732
 1.31614369 1.39845879 0.23739963 0.32082493 0.404204   0.48751955
 0.57076355 0.65393296 0.73702713 0.82004622 0.90299003 0.98585727
 1.0686448  1.15134687 1.23395426 1.31645319]"
217.0732727868803,467.5445935998559,0.18615167214629533,0.2070247342990484,0.00097583015471191,0.003979332320515141,0.0008494472826681297,0.003902197176789536,0.002435867920186352,0.006809576314972421,101,"[1.10231321 1.10231321 1.10231321 1.10231321 1.1849867  1.1849867
 1.1849867  1.1849867  1.1849867  1.1849867  1.26766019 1.26766019
 1.26766019 1.26766019 1.26766019 1.26766019 1.26766019 1.26766019
 1.35033368 1.35033368 1.35033368 1.35033368 1.35033368 1.35033368
 1.35033368 1.35033368 1.35033368 1.43300718 1.43300718 1.43300718
 1.43300718 1.43300718 1.43300718 1.43300718 1.43300718 1.43300718
 1.43300718 1.51568067 1.51568067 1.51568067 1.51568067 1.51568067
 1.51568067 1.51568067 1.51568067 1.51568067 1.51568067 1.51568067
 1.51568067 1.59835416 1.59835416 1.59835416 1.59835416 1.59835416
 1.59835416 1.59835416 1.59835416 1.59835416 1.59835416 1.59835416
 1.59835416 1.59835416 1.68102765 1.68102765 1.68102765 1.68102765
 1.68102765 1.68102765 1.68102765 1.68102765 1.68102765 1.68102765
 1.68102765 1.68102765 1.68102765 1.76370114 1.76370114 1.76370114
 1.76370114 1.76370114 1.76370114 1.76370114 1.76370114 1.76370114
 1.76370114 1.76370114 1.76370114 1.76370114 1.84637463 1.84637463
 1.84637463 1.84637463 1.84637463 1.84637463 1.84637463 1.84637463
 1.84637463 1.84637463 1.84637463 1.84637463 1.84637463]","[0.9094084  0.99208189 1.07475538 1.15742887 0.82673491 0.9094084
 0.99208189 1.07475538 1.15742887 1.24010236 0.74406142 0.82673491
 0.9094084  0.99208189 1.07475538 1.15742887 1.24010236 1.32277585
 0.74406142 0.82673491 0.9094084  0.99208189 1.07475538 1.15742887
 1.24010236 1.32277585 1.40544935 0.66138793 0.74406142 0.82673491
 0.9094084  0.99208189 1.07475538 1.15742887 1.24010236 1.32277585
 1.40544935 0.57871444 0.66138793 0.74406142 0.82673491 0.9094084
 0.99208189 1.07475538 1.15742887 1.24010236 1.32277585 1.40544935
 1.48812284 0.49604095 0.57871444 0.66138793 0.74406142 0.82673491
 0.9094084  0.99208189 1.07475538 1.15742887 1.24010236 1.32277585
 1.40544935 1.48812284 0.41336745 0.49604095 0.57871444 0.66138793
 0.74406142 0.82673491 0.9094084  0.99208189 1.07475538 1.15742887
 1.24010236 1.32277585 1.40544935 0.33069396 0.41336745 0.49604095
 0.57871444 0.66138793 0.74406142 0.82673491 0.9094084  0.99208189
 1.07475538 1.15742887 1.24010236 1.32277585 0.33069396 0.41336745
 0.49604095 0.57871444 0.66138793 0.74406142 0.82673491 0.9094084
 0.99208189 1.07475538 1.15742887 1.24010236 1.32277585]","[1.10296608 1.10285768 1.10277235 1.10271952 1.18583029 1.18571401
 1.18561554 1.18554441 1.18550977 1.18552028 1.26869604 1.26856864
 1.26845368 1.26836104 1.26829995 1.2682791  1.26830658 1.26838949
 1.35142724 1.3512919  1.35117403 1.35108314 1.35102801 1.35101679
 1.35105684 1.35115443 1.3513138  1.4342963  1.43413571 1.43398803
 1.43386322 1.4337703  1.43371748 1.43371221 1.43376114 1.43386964
 1.43404086 1.51718219 1.51698976 1.51680606 1.51664181 1.51650637
 1.51640812 1.51635457 1.51635249 1.5164077  1.51652469 1.51670559
 1.51694808 1.60008871 1.5998565  1.59962977 1.59942009 1.59923716
 1.59908936 1.59898403 1.59892773 1.59892632 1.59898488 1.59910725
 1.59929512 1.599546   1.68305462 1.68277226 1.68249292 1.68222933
 1.68199172 1.68178852 1.68162687 1.68151301 1.68145247 1.68145016
 1.68151028 1.68163585 1.68182781 1.76609981 1.7657493  1.76540175
 1.76507122 1.76476835 1.76450144 1.76427718 1.76410123 1.7639785
 1.76391338 1.76390979 1.76397106 1.76409953 1.8488105  1.84837166
 1.84795564 1.84757295 1.84723114 1.84693594 1.84669191 1.84650292
 1.84637242 1.84630356 1.84629925 1.84636197 1.84649344]","[0.90678497 0.98941328 1.07201079 1.15456337 0.82384143 0.90650399
 0.98914197 1.07174207 1.15429021 1.23677048 0.74085744 0.82356001
 0.90624353 0.98889505 1.07150173 1.15404978 1.23652338 1.31890356
 0.74057189 0.82330821 0.90601705 0.98868637 1.07130405 1.15385686
 1.23632935 1.31870269 1.40095359 0.65752669 0.74032613 0.82310085
 0.90583927 0.98853058 1.07116372 1.15372627 1.23620342 1.31857674
 1.40082314 0.57440815 0.65728558 0.74013869 0.82295601 0.90572783
 0.98844494 1.07109762 1.15367454 1.23616178 1.3185416  1.40079136
 1.48288291 0.49119828 0.57417387 0.65712172 0.74003056 0.82289193
 0.90569865 0.98844369 1.07111912 1.15371509 1.23621882 1.31861334
 1.40087627 1.48297893 0.40783068 0.49093446 0.57400179 0.6570217
 0.73998726 0.82289358 0.90573643 0.98851125 1.07121215 1.15383107
 1.23635673 1.31877348 1.40105999 0.32424568 0.40752703 0.49075295
 0.57391398 0.65700596 0.74002736 0.82297764 0.90585605 0.98866084
 1.0713885  1.154033   1.23658483 1.31902989 0.32388439 0.40732946
 0.49067666 0.57392772 0.657087   0.74015948 0.82314956 0.90606037
 0.9888933  1.07164741 1.15431889 1.23690028 1.31937936]"
377.7135031612998,389.7311732101057,0.15621964612874592,0.28173547712093755,0.0007414087095902453,0.004280515772166813,0.0006513785033389396,0.004217544116013225,0.001837353125167418,0.006786972302969374,110,"[1.10231321 1.10231321 1.10231321 1.10231321 1.10231321 1.10231321
 1.1849867  1.1849867  1.1849867  1.1849867  1.1849867  1.1849867
 1.1849867  1.26766019 1.26766019 1.26766019 1.26766019 1.26766019
 1.26766019 1.26766019 1.26766019 1.26766019 1.35033368 1.35033368
 1.35033368 1.35033368 1.35033368 1.35033368 1.35033368 1.35033368
 1.35033368 1.35033368 1.43300718 1.43300718 1.43300718 1.43300718
 1.43300718 1.43300718 1.43300718 1.43300718 1.43300718 1.43300718
 1.43300718 1.51568067 1.51568067 1.51568067 1.51568067 1.51568067
 1.51568067 1.51568067 1.51568067 1.51568067 1.51568067 1.51568067
 1.51568067 1.51568067 1.59835416 1.59835416 1.59835416 1.59835416
 1.59835416 1.59835416 1.59835416 1.59835416 1.59835416 1.59835416
 1.59835416 1.59835416 1.59835416 1.68102765 1.68102765 1.68102765
 1.68102765 1.68102765 1.68102765 1.68102765 1.68102765 1.68102765
 1.68102765 1.68102765 1.68102765 1.68102765 1.68102765 1.76370114
 1.76370114 1.76370114 1.76370114 1.76370114 1.76370114 1.76370114
 1.76370114 1.76370114 1.76370114 1.76370114 1.76370114 1.76370114
 1.76370114 1.84637463 1.84637463 1.84637463 1.84637463 1.84637463
 1.84637463 1.84637463 1.84637463 1.84637463 1.84637463 1.84637463
 1.84637463 1.84637463]","[0.74406142 0.82673491 0.9094084  0.99208189 1.07475538 1.15742887
 0.74406142 0.82673491 0.9094084  0.99208189 1.07475538 1.15742887
 1.24010236 0.66138793 0.74406142 0.82673491 0.9094084  0.99208189
 1.07475538 1.15742887 1.24010236 1.32277585 0.66138793 0.74406142
 0.82673491 0.9094084  0.99208189 1.07475538 1.15742887 1.24010236
 1.32277585 1.40544935 0.57871444 0.66138793 0.74406142 0.82673491
 0.9094084  0.99208189 1.07475538 1.15742887 1.24010236 1.32277585
 1.40544935 0.49604095 0.57871444 0.66138793 0.74406142 0.82673491
 0.9094084  0.99208189 1.07475538 1.15742887 1.24010236 1.32277585
 1.40544935 1.48812284 0.49604095 0.57871444 0.66138793 0.74406142
 0.82673491 0.9094084  0.99208189 1.07475538 1.15742887 1.24010236
 1.32277585 1.40544935 1.48812284 0.41336745 0.49604095 0.57871444
 0.66138793 0.74406142 0.82673491 0.9094084  0.99208189 1.07475538
 1.15742887 1.24010236 1.32277585 1.40544935 1.48812284 0.33069396
 0.41336745 0.49604095 0.57871444 0.66138793 0.74406142 0.82673491
 0.9094084  0.99208189 1.07475538 1.15742887 1.24010236 1.32277585
 1.40544935 0.33069396 0.41336745 0.49604095 0.57871444 0.66138793
 0.74406142 0.82673491 0.9094084  0.99208189 1.07475538 1.15742887
 1.24010236 1.32277585]","[1.1030254  1.10293151 1.10283956 1.10275691 1.10269067 1.10264773
 1.18573835 1.1856464  1.18555948 1.1854849  1.18542961 1.18540025
 1.18540312 1.26854804 1.26845369 1.26835996 1.26827451 1.26820451
 1.26815671 1.26813744 1.26815261 1.26820743 1.35126704 1.35116354
 1.35106428 1.3509768  1.35090806 1.35086451 1.35085217 1.3508765
 1.35094218 1.35105246 1.43409232 1.43397539 1.43385862 1.43375014
 1.43365727 1.43358669 1.43354452 1.43353639 1.43356731 1.43364143
 1.43376131 1.51693494 1.51679957 1.51666015 1.5165257  1.51640414
 1.51630252 1.5162272  1.51618396 1.51617802 1.51621394 1.51629528
 1.51642393 1.51659856 1.59963554 1.59946772 1.5993022  1.59914754
 1.59901108 1.59889924 1.59881772 1.59877168 1.59876578 1.59880412
 1.59888997 1.59902514 1.59920863 1.68252497 1.68232188 1.6821185
 1.68192436 1.68174732 1.68159401 1.68147015 1.68138079 1.68133045
 1.68132315 1.68136241 1.68145089 1.68158978 1.68177734 1.7654825
 1.7652307  1.76497735 1.76473319 1.76450663 1.76430448 1.76413237
 1.7639951  1.7638969  1.76384154 1.7638324  1.76387237 1.7639636
 1.76410691 1.84821198 1.84789106 1.847582   1.84729362 1.84703263
 1.84680428 1.84661289 1.84646212 1.84635521 1.84629509 1.84628438
 1.84632536 1.84641969]","[0.7413464  0.82393234 0.90651905 0.98909371 1.07164369 1.1541557
 0.74101257 0.82362411 0.90623009 0.98881799 1.07137543 1.15388922
 1.2363444  0.65805013 0.74069079 0.82333207 0.90596113 0.98856599
 1.07113467 1.15365426 1.23610985 1.31848348 0.65770786 0.74039047
 0.82306585 0.90572201 0.98834778 1.07093175 1.15346145 1.23592222
 1.31829614 1.40056081 0.57466065 0.65739344 0.74012297 0.82283681
 0.90552416 0.9881748  1.07077817 1.1533224  1.23579328 1.31817314
 1.40043959 0.49153081 0.57432699 0.65712249 0.73990398 0.8226607
 0.90538328 0.98806269 1.07068938 1.15325231 1.23573793 1.31812906
 1.4004036  1.48253354 0.49117798 0.57405521 0.65691717 0.73975313
 0.82255463 0.90531431 0.98802488 1.07067821 1.15326445 1.23577097
 1.31818111 1.40047275 1.48261702 0.40787649 0.49085912 0.5738216
 0.65675309 0.73964606 0.82249473 0.90529399 0.98803849 1.07072175
 1.15333539 1.23586805 1.31830424 1.40062285 1.48279584 0.32436871
 0.40749732 0.4905934  0.57364659 0.65665099 0.73960309 0.82250045
 0.90534071 0.98812079 1.07083621 1.1534803  1.23604327 1.31851102
 1.40086366 0.32390699 0.40718796 0.49040243 0.5735481  0.65662539
 0.73963583 0.82258093 0.90546151 0.98827714 1.0710256  1.15370221
 1.23629906 1.31880382]"
182.30434832916566,315.1779737231565,0.15222602123462436,0.28826743317547426,0.0011581150530027703,0.005488921657803888,0.000982524034508545,0.005372158165349616,0.0032960427475723364,0.010068829247654454,117,"[1.01963972 1.01963972 1.10231321 1.10231321 1.10231321 1.10231321
 1.10231321 1.10231321 1.10231321 1.1849867  1.1849867  1.1849867
 1.1849867  1.1849867  1.1849867  1.1849867  1.26766019 1.26766019
 1.26766019 1.26766019 1.26766019 1.26766019 1.26766019 1.26766019
 1.26766019 1.35033368 1.35033368 1.35033368 1.35033368 1.35033368
 1.35033368 1.35033368 1.35033368 1.35033368 1.35033368 1.35033368
 1.43300718 1.43300718 1.43300718 1.43300718 1.43300718 1.43300718
 1.43300718 1.43300718 1.43300718 1.43300718 1.43300718 1.51568067
 1.51568067 1.51568067 1.51568067 1.51568067 1.51568067 1.51568067
 1.51568067 1.51568067 1.51568067 1.51568067 1.51568067 1.51568067
 1.59835416 1.59835416 1.59835416 1.59835416 1.59835416 1.59835416
 1.59835416 1.59835416 1.59835416 1.59835416 1.59835416 1.59835416
 1.59835416 1.59835416 1.68102765 1.68102765 1.68102765 1.68102765
 1.68102765 1.68102765 1.68102765 1.68102765 1.68102765 1.68102765
 1.68102765 1.68102765 1.68102765 1.68102765 1.68102765 1.76370114
 1.76370114 1.76370114 1.76370114 1.76370114 1.76370114 1.76370114
 1.76370114 1.76370114 1.76370114 1.76370114 1.76370114 1.76370114
 1.76370114 1.84637463 1.84637463 1.84637463 1.84637463 1.84637463
 1.84637463 1.84637463 1.84637463 1.84637463 1.84637463 1.84637463
 1.84637463 1.84637463 1.84637463]","[1.07475538 1.15742887 0.74406142 0.82673491 0.9094084  0.99208189
 1.07475538 1.15742887 1.24010236 0.74406142 0.82673491 0.9094084
 0.99208189 1.07475538 1.15742887 1.24010236 0.66138793 0.74406142
 0.82673491 0.9094084  0.99208189 1.07475538 1.15742887 1.24010236
 1.32277585 0.57871444 0.66138793 0.74406142 0.82673491 0.9094084
 0.99208189 1.07475538 1.15742887 1.24010236 1.32277585 1.40544935
 0.57871444 0.66138793 0.74406142 0.82673491 0.9094084  0.99208189
 1.07475538 1.15742887 1.24010236 1.32277585 1.40544935 0.49604095
 0.57871444 0.66138793 0.74406142 0.82673491 0.9094084  0.99208189
 1.07475538 1.15742887 1.24010236 1.32277585 1.40544935 1.48812284
 0.41336745 0.49604095 0.57871444 0.66138793 0.74406142 0.82673491
 0.9094084  0.99208189 1.07475538 1.15742887 1.24010236 1.32277585
 1.40544935 1.48812284 0.33069396 0.41336745 0.49604095 0.57871444
 0.66138793 0.74406142 0.82673491 0.9094084  0.99208189 1.07475538
 1.15742887 1.24010236 1.32277585 1.40544935 1.48812284 0.33069396
 0.41336745 0.49604095 0.57871444 0.66138793 0.74406142 0.82673491
 0.9094084  0.99208189 1.07475538 1.15742887 1.24010236 1.32277585
 1.40544935 0.24802047 0.33069396 0.41336745 0.49604095 0.57871444
 0.66138793 0.74406142 0.82673491 0.9094084  0.99208189 1.07475538
 1.15742887 1.24010236 1.32277585]","[1.02002944 1.01994008 1.10329777 1.10316456 1.10303234 1.10291155
 1.10281216 1.10274364 1.10271481 1.18605216 1.18591791 1.18578915
 1.18567642 1.18558959 1.18553783 1.18552942 1.26894593 1.26880673
 1.26866658 1.26853683 1.26842791 1.2683494  1.26830999 1.2683173
 1.26837732 1.35185327 1.35170553 1.35154988 1.35139881 1.35126352
 1.35115414 1.35107976 1.35104849 1.35106717 1.35114083 1.35127144
 1.43462273 1.43444639 1.43426862 1.43410177 1.43395665 1.43384287
 1.4337689  1.43374212 1.43376857 1.43385231 1.43399416 1.51756806
 1.51736399 1.51715234 1.516947   1.51675982 1.51660101 1.51647946
 1.51640291 1.51637793 1.51640972 1.51650141 1.51665279 1.51685768
 1.60055026 1.60030921 1.60005477 1.59980287 1.59956657 1.59935668
 1.59918232 1.59905126 1.5989702  1.59894478 1.59897936 1.59907644
 1.59923536 1.59944988 1.68361222 1.6833221  1.68301286 1.68270324
 1.68240788 1.68213838 1.68190411 1.68171279 1.68157096 1.68148418
 1.68145707 1.68149308 1.68159396 1.68175844 1.68197983 1.7664283
 1.76604366 1.76565831 1.76528876 1.76494729 1.76464325 1.76438402
 1.76417558 1.76402299 1.76393051 1.76390171 1.7639392  1.7640441
 1.76421488 1.84967067 1.8491777  1.84868922 1.8482234  1.84779259
 1.84740541 1.84706815 1.84678564 1.84656181 1.8464     1.84630312
 1.84627364 1.84631335 1.84642287]","[1.07128948 1.15378268 0.7406324  0.8232175  0.90580411 0.9883755
 1.07091544 1.15340728 1.23583289 0.74018684 0.82280741 0.9054209
 0.98801083 1.07056124 1.15305562 1.23547588 0.65709609 0.73975667
 0.82241829 0.90506356 0.98767665 1.07024216 1.15274405 1.23516453
 1.31748312 0.57392782 0.6566374  0.73935604 0.82206464 0.90474695
 0.98738822 1.06997395 1.15248886 1.23491573 1.31723452 1.3994217
 0.5734291  0.65621764 0.73900125 0.8217626  0.90448711 0.9871615
 1.06977258 1.15230612 1.23474574 1.31707202 1.39926188 0.49010386
 0.57298129 0.65585703 0.73871196 0.82153128 0.9043026  0.98701458
 1.06965568 1.15221302 1.23467135 1.31701209 1.39921273 1.4812474
 0.40662653 0.48962024 0.57261201 0.65558034 0.73851002 0.82138971
 0.90421007 0.98696235 1.06963714 1.15222336 1.2347071  1.31707069
 1.3992919  1.4813442  0.32290591 0.40605749 0.48920164 0.57231362
 0.65537787 0.73838432 0.82132596 0.90419706 0.98699186 1.06970346
 1.15232284 1.23483783 1.31723212 1.39948437 1.48156826 0.32221256
 0.40556904 0.48887288 0.57210916 0.65527048 0.73835345 0.82135639
 0.90427788 0.9871156  1.06986554 1.15252104 1.23507194 1.31750349
 1.39979539 0.23795164 0.32161974 0.40519208 0.48865805 0.57201656
 0.65527091 0.73842585 0.82148598 0.90445471 0.98733359 1.0701217
 1.15281504 1.23540569 1.31788083]"
206.8539454216164,295.8111624694621,0.17577422553830022,0.2403135959578519,0.001106770980165671,0.005688561769768975,0.0009400624028929451,0.0055752851656186405,0.0031419259348131057,0.010221898927073203,119,"[1.01963972 1.01963972 1.10231321 1.10231321 1.10231321 1.10231321
 1.10231321 1.10231321 1.10231321 1.1849867  1.1849867  1.1849867
 1.1849867  1.1849867  1.1849867  1.1849867  1.1849867  1.26766019
 1.26766019 1.26766019 1.26766019 1.26766019 1.26766019 1.26766019
 1.26766019 1.26766019 1.35033368 1.35033368 1.35033368 1.35033368
 1.35033368 1.35033368 1.35033368 1.35033368 1.35033368 1.35033368
 1.35033368 1.43300718 1.43300718 1.43300718 1.43300718 1.43300718
 1.43300718 1.43300718 1.43300718 1.43300718 1.43300718 1.43300718
 1.43300718 1.51568067 1.51568067 1.51568067 1.51568067 1.51568067
 1.51568067 1.51568067 1.51568067 1.51568067 1.51568067 1.51568067
 1.51568067 1.51568067 1.59835416 1.59835416 1.59835416 1.59835416
 1.59835416 1.59835416 1.59835416 1.59835416 1.59835416 1.59835416
 1.59835416 1.59835416 1.59835416 1.59835416 1.68102765 1.68102765
 1.68102765 1.68102765 1.68102765 1.68102765 1.68102765 1.68102765
 1.68102765 1.68102765 1.68102765 1.68102765 1.68102765 1.68102765
 1.68102765 1.76370114 1.76370114 1.76370114 1.76370114 1.76370114
 1.76370114 1.76370114 1.76370114 1.76370114 1.76370114 1.76370114
 1.76370114 1.76370114 1.76370114 1.84637463 1.84637463 1.84637463
 1.84637463 1.84637463 1.84637463 1.84637463 1.84637463 1.84637463
 1.84637463 1.84637463 1.84637463 1.84637463 1.84637463]","[1.07475538 1.15742887 0.74406142 0.82673491 0.9094084  0.99208189
 1.07475538 1.15742887 1.24010236 0.66138793 0.74406142 0.82673491
 0.9094084  0.99208189 1.07475538 1.15742887 1.24010236 0.66138793
 0.74406142 0.82673491 0.9094084  0.99208189 1.07475538 1.15742887
 1.24010236 1.32277585 0.57871444 0.66138793 0.74406142 0.82673491
 0.9094084  0.99208189 1.07475538 1.15742887 1.24010236 1.32277585
 1.40544935 0.49604095 0.57871444 0.66138793 0.74406142 0.82673491
 0.9094084  0.99208189 1.07475538 1.15742887 1.24010236 1.32277585
 1.40544935 0.49604095 0.57871444 0.66138793 0.74406142 0.82673491
 0.9094084  0.99208189 1.07475538 1.15742887 1.24010236 1.32277585
 1.40544935 1.48812284 0.41336745 0.49604095 0.57871444 0.66138793
 0.74406142 0.82673491 0.9094084  0.99208189 1.07475538 1.15742887
 1.24010236 1.32277585 1.40544935 1.48812284 0.33069396 0.41336745
 0.49604095 0.57871444 0.66138793 0.74406142 0.82673491 0.9094084
 0.99208189 1.07475538 1.15742887 1.24010236 1.32277585 1.40544935
 1.48812284 0.33069396 0.41336745 0.49604095 0.57871444 0.66138793
 0.74406142 0.82673491 0.9094084  0.99208189 1.07475538 1.15742887
 1.24010236 1.32277585 1.40544935 0.24802047 0.33069396 0.41336745
 0.49604095 0.57871444 0.66138793 0.74406142 0.82673491 0.9094084
 0.99208189 1.07475538 1.15742887 1.24010236 1.32277585]","[1.02002033 1.01993358 1.10325746 1.10313134 1.10300573 1.10289044
 1.10279482 1.10272772 1.10269734 1.1861257  1.18600465 1.18587775
 1.18575553 1.18564789 1.18556405 1.1855126  1.18550121 1.26888368
 1.26875268 1.26862027 1.26849711 1.26839295 1.26831679 1.26827675
 1.2682799  1.26833173 1.35177574 1.35163725 1.35149076 1.35134798
 1.35121944 1.35111464 1.35104214 1.35100951 1.35102315 1.35108766
 1.35120471 1.43468993 1.43453967 1.43437419 1.4342067  1.43404879
 1.43391068 1.43380141 1.43372899 1.43370035 1.43372114 1.43379509
 1.43392282 1.5174692  1.51727806 1.517079   1.51688508 1.51670751
 1.51655597 1.51643891 1.51636367 1.51633649 1.51636223 1.51644379
 1.51658085 1.51676733 1.60043354 1.60020808 1.59996903 1.59973144
 1.59950766 1.599308   1.59914115 1.59901456 1.59893462 1.5989067
 1.59893494 1.59902167 1.59916619 1.59936249 1.6834761  1.68320521
 1.68291497 1.68262311 1.68234358 1.68208748 1.68186383 1.6816801
 1.68154261 1.68145669 1.6814268  1.68145625 1.68154664 1.68169672
 1.68189999 1.76629419 1.76593319 1.76556979 1.76521981 1.76489513
 1.76460487 1.76435625 1.76415516 1.76400653 1.76391455 1.76388268
 1.76391341 1.76400782 1.76416438 1.84951656 1.8490536  1.84859236
 1.84815048 1.84774013 1.84736989 1.84704611 1.84677367 1.84655654
 1.84639807 1.84630117 1.84626826 1.84630108 1.84640021]","[1.07110599 1.1535812  0.74051917 0.8230821  0.9056481  0.98820039
 1.07072275 1.1531985  1.23560955 0.65747353 0.74006027 0.82265968
 0.90525378 0.98782609 1.07036066 1.15284097 1.23524899 0.6569784
 0.73961688 0.82225836 0.90488551 0.9874825  1.07003395 1.1525238
 1.2349343  1.31724508 0.57381897 0.65650497 0.7392022  0.82189168
 0.90455718 0.98718391 1.06975737 1.15226222 1.23468126 1.31699451
 1.39917856 0.49055743 0.57330341 0.65606865 0.73883159 0.82157493
 0.90428402 0.98694551 1.06954612 1.15207153 1.23450534 1.31682813
 1.39901691 0.48998444 0.57283589 0.65568878 0.73852401 0.82132666
 0.90408418 0.98678504 1.06941754 1.15196867 1.23442309 1.31676218
 1.39896345 1.48100113 0.40651367 0.48947756 0.57244344 0.65538973
 0.73830104 0.82116573 0.90397418 0.98671733 1.06938556 1.15196756
 1.2344493  1.316813   1.39903641 1.48109298 0.32279851 0.40591474
 0.48902871 0.57211558 0.65515934 0.73814943 0.82107837 0.90393995
 0.98672801 1.06943534 1.15205265 1.23456761 1.31696375 1.39921969
 1.48130908 0.32206653 0.40538705 0.48866186 0.57187521 0.65501884
 0.73808854 0.82108192 0.90399693 0.98683081 1.06957911 1.15223491
 1.2347878  1.3172229  1.39951982 0.23779857 0.32142249 0.40496076
 0.48840109 0.57174083 0.65498188 0.7381279  0.82118259 0.90414865
 0.98702709 1.06981659 1.15251282 1.23510763 1.31758804]"
282.35462261155936,172.04849348129645,0.14507699741432473,0.2907750094425289,0.0011013936096539215,0.008387777665495422,0.0009211774229727802,0.008170894192594836,0.002984555144247114,0.014150656484872515,150,"[1.01963972 1.01963972 1.01963972 1.01963972 1.01963972 1.01963972
 1.10231321 1.10231321 1.10231321 1.10231321 1.10231321 1.10231321
 1.10231321 1.10231321 1.10231321 1.10231321 1.10231321 1.1849867
 1.1849867  1.1849867  1.1849867  1.1849867  1.1849867  1.1849867
 1.1849867  1.1849867  1.1849867  1.1849867  1.1849867  1.1849867
 1.26766019 1.26766019 1.26766019 1.26766019 1.26766019 1.26766019
 1.26766019 1.26766019 1.26766019 1.26766019 1.26766019 1.26766019
 1.26766019 1.35033368 1.35033368 1.35033368 1.35033368 1.35033368
 1.35033368 1.35033368 1.35033368 1.35033368 1.35033368 1.35033368
 1.35033368 1.35033368 1.35033368 1.43300718 1.43300718 1.43300718
 1.43300718 1.43300718 1.43300718 1.43300718 1.43300718 1.43300718
 1.43300718 1.43300718 1.43300718 1.43300718 1.43300718 1.43300718
 1.51568067 1.51568067 1.51568067 1.51568067 1.51568067 1.51568067
 1.51568067 1.51568067 1.51568067 1.51568067 1.51568067 1.51568067
 1.51568067 1.51568067 1.51568067 1.51568067 1.59835416 1.59835416
 1.59835416 1.59835416 1.59835416 1.59835416 1.59835416 1.59835416
 1.59835416 1.59835416 1.59835416 1.59835416 1.59835416 1.59835416
 1.59835416 1.59835416 1.68102765 1.68102765 1.68102765 1.68102765
 1.68102765 1.68102765 1.68102765 1.68102765 1.68102765 1.68102765
 1.68102765 1.68102765 1.68102765 1.68102765 1.68102765 1.68102765
 1.76370114 1.76370114 1.76370114 1.76370114 1.76370114 1.76370114
 1.76370114 1.76370114 1.76370114 1.76370114 1.76370114 1.76370114
 1.76370114 1.76370114 1.76370114 1.84637463 1.84637463 1.84637463
 1.84637463 1.84637463 1.84637463 1.84637463 1.84637463 1.84637463
 1.84637463 1.84637463 1.84637463 1.84637463 1.84637463 1.84637463]","[0.82673491 0.9094084  0.99208189 1.07475538 1.15742887 1.24010236
 0.41336745 0.49604095 0.57871444 0.66138793 0.74406142 0.82673491
 0.9094084  0.99208189 1.07475538 1.15742887 1.24010236 0.33069396
 0.41336745 0.49604095 0.57871444 0.66138793 0.74406142 0.82673491
 0.9094084  0.99208189 1.07475538 1.15742887 1.24010236 1.32277585
 0.33069396 0.41336745 0.49604095 0.57871444 0.66138793 0.74406142
 0.82673491 0.9094084  0.99208189 1.07475538 1.15742887 1.24010236
 1.32277585 0.33069396 0.41336745 0.49604095 0.57871444 0.66138793
 0.74406142 0.82673491 0.9094084  0.99208189 1.07475538 1.15742887
 1.24010236 1.32277585 1.40544935 0.33069396 0.41336745 0.49604095
 0.57871444 0.66138793 0.74406142 0.82673491 0.9094084  0.99208189
 1.07475538 1.15742887 1.24010236 1.32277585 1.40544935 1.48812284
 0.24802047 0.33069396 0.41336745 0.49604095 0.57871444 0.66138793
 0.74406142 0.82673491 0.9094084  0.99208189 1.07475538 1.15742887
 1.24010236 1.32277585 1.40544935 1.48812284 0.24802047 0.33069396
 0.41336745 0.49604095 0.57871444 0.66138793 0.74406142 0.82673491
 0.9094084  0.99208189 1.07475538 1.15742887 1.24010236 1.32277585
 1.40544935 1.48812284 0.24802047 0.33069396 0.41336745 0.49604095
 0.57871444 0.66138793 0.74406142 0.82673491 0.9094084  0.99208189
 1.07475538 1.15742887 1.24010236 1.32277585 1.40544935 1.48812284
 0.24802047 0.33069396 0.41336745 0.49604095 0.57871444 0.66138793
 0.74406142 0.82673491 0.9094084  0.99208189 1.07475538 1.15742887
 1.24010236 1.32277585 1.40544935 0.24802047 0.33069396 0.41336745
 0.49604095 0.57871444 0.66138793 0.74406142 0.82673491 0.9094084
 0.99208189 1.07475538 1.15742887 1.24010236 1.32277585 1.40544935]","[1.02035577 1.02024101 1.02012704 1.02002094 1.0199293  1.01985791
 1.10340945 1.10340028 1.10335499 1.10328123 1.10318718 1.10308106
 1.1029709  1.10286436 1.10276859 1.10269003 1.10263407 1.18614386
 1.18617102 1.18615391 1.18610059 1.18601996 1.18592106 1.18581269
 1.18570321 1.1856004  1.18551135 1.18544226 1.18539806 1.18538189
 1.26894722 1.26896034 1.26892812 1.26886033 1.26876708 1.26865819
 1.26854295 1.26842994 1.26832697 1.26824095 1.26817777 1.26814188
 1.2681357  1.35178087 1.35177107 1.35171576 1.35162646 1.3515144
 1.35139012 1.35126325 1.35114248 1.35103551 1.35094902 1.35088853
 1.35085797 1.35085906 1.35089002 1.43463815 1.43459525 1.43450797
 1.43438949 1.4342521  1.43410686 1.43396359 1.43383094 1.43371641
 1.43362635 1.43356584 1.4335383  1.43354483 1.43358282 1.43364368
 1.51753986 1.51750962 1.51742183 1.51729253 1.51713646 1.5169667
 1.51679464 1.51663011 1.51648157 1.51635621 1.51626001 1.5161976
 1.51617188 1.51618333 1.51622865 1.51629843 1.60046853 1.60037654
 1.60023037 1.60004852 1.59984691 1.59963898 1.59943597 1.59924724
 1.59908065 1.5989427  1.59883869 1.59877264 1.59874695 1.5987618
 1.59881387 1.59889408 1.68341995 1.68325061 1.68303439 1.68279132
 1.68253773 1.68228678 1.6820491  1.68183331 1.68164643 1.68149417
 1.68138108 1.68131048 1.68128421 1.68130195 1.68135999 1.68144893
 1.76639035 1.76612189 1.76581937 1.76550329 1.76518933 1.76488957
 1.76461332 1.76436793 1.76415922 1.76399184 1.76386941 1.7637945
 1.76376839 1.76379042 1.76385685 1.84935918 1.84896775 1.84856282
 1.84816321 1.84778235 1.84742995 1.84711316 1.84683742 1.84660693
 1.84642498 1.84629411 1.84621605 1.84619149 1.84621952 1.84629658]","[0.82191824 0.90426737 0.9866214  1.06896074 1.15126571 1.23351585
 0.41005832 0.49211378 0.57429165 0.6565607  0.73889336 0.82126528
 0.90365451 0.98604074 1.06840446 1.15072614 1.23298541 0.3270721
 0.40906336 0.49120636 0.57346439 0.65580528 0.73820108 0.82062732
 0.90306225 0.98548589 1.0678791  1.15022267 1.23249652 1.31467921
 0.32594439 0.40804375 0.49028737 0.57263688 0.65505928 0.7375264
 0.82001407 0.9025011  0.98496813 1.06739664 1.14976798 1.23206251
 1.31425921 0.32477934 0.40700477 0.48936446 0.5718183  0.65433278
 0.7368801  0.81943688 0.90198289 0.98449973 1.06696979 1.14937516
 1.23169687 1.3139144  1.39600608 0.32358208 0.40595514 0.4884483
 0.57102039 0.65363823 0.73627512 0.81890903 0.90152112 0.98409436
 1.06661231 1.14905812 1.23141364 1.31365894 1.39577278 1.47773507
 0.23997081 0.32236298 0.40490811 0.48755383 0.57025919 0.65299244
 0.7357287  0.81844796 0.90113329 0.98376941 1.06634143 1.14883379
 1.23122937 1.31350902 1.39565185 1.47763771 0.23852705 0.32114434
 0.40388835 0.48670645 0.56955953 0.65241861 0.73526192 0.81807248
 0.90083616 0.98354017 1.06617173 1.14871701 1.23116016 1.31348268
 1.39566352 1.47768113 0.23702768 0.31990795 0.40287801 0.48588787
 0.56890259 0.65189777 0.73485602 0.81776432 0.90061202 0.98338931
 1.06608596 1.14869023 1.23118793 1.31356169 1.39579085 1.4778532
 0.23546919 0.31866216 0.40189278 0.48511789 0.56831007 0.65145199
 0.73453249 0.81754387 0.90047993 0.98333457 1.06610062 1.1487689
 1.23132719 1.31375947 1.39604548 0.23386982 0.31743099 0.4009572
 0.48441903 0.56780139 0.65109739 0.73430433 0.81742136 0.90044776
 0.98338188 1.06622022 1.14895655 1.23158109 1.31407953 1.39643233]"
476.3462905845558,434.2293905752275,0.2043447420387215,0.2885031979912633,0.0006160839441289186,0.003814373180246567,0.0005457361459224999,0.0037653826994791376,0.0015510886322698259,0.005968931165485747,105,"[1.10231321 1.10231321 1.10231321 1.10231321 1.10231321 1.1849867
 1.1849867  1.1849867  1.1849867  1.1849867  1.1849867  1.1849867
 1.26766019 1.26766019 1.26766019 1.26766019 1.26766019 1.26766019
 1.26766019 1.26766019 1.35033368 1.35033368 1.35033368 1.35033368
 1.35033368 1.35033368 1.35033368 1.35033368 1.35033368 1.43300718
 1.43300718 1.43300718 1.43300718 1.43300718 1.43300718 1.43300718
 1.43300718 1.43300718 1.43300718 1.43300718 1.51568067 1.51568067
 1.51568067 1.51568067 1.51568067 1.51568067 1.51568067 1.51568067
 1.51568067 1.51568067 1.51568067 1.51568067 1.59835416 1.59835416
 1.59835416 1.59835416 1.59835416 1.59835416 1.59835416 1.59835416
 1.59835416 1.59835416 1.59835416 1.59835416 1.59835416 1.68102765
 1.68102765 1.68102765 1.68102765 1.68102765 1.68102765 1.68102765
 1.68102765 1.68102765 1.68102765 1.68102765 1.68102765 1.68102765
 1.68102765 1.76370114 1.76370114 1.76370114 1.76370114 1.76370114
 1.76370114 1.76370114 1.76370114 1.76370114 1.76370114 1.76370114
 1.76370114 1.76370114 1.84637463 1.84637463 1.84637463 1.84637463
 1.84637463 1.84637463 1.84637463 1.84637463 1.84637463 1.84637463
 1.84637463 1.84637463 1.84637463]","[0.82673491 0.9094084  0.99208189 1.07475538 1.15742887 0.74406142
 0.82673491 0.9094084  0.99208189 1.07475538 1.15742887 1.24010236
 0.74406142 0.82673491 0.9094084  0.99208189 1.07475538 1.15742887
 1.24010236 1.32277585 0.66138793 0.74406142 0.82673491 0.9094084
 0.99208189 1.07475538 1.15742887 1.24010236 1.32277585 0.57871444
 0.66138793 0.74406142 0.82673491 0.9094084  0.99208189 1.07475538
 1.15742887 1.24010236 1.32277585 1.40544935 0.57871444 0.66138793
 0.74406142 0.82673491 0.9094084  0.99208189 1.07475538 1.15742887
 1.24010236 1.32277585 1.40544935 1.48812284 0.49604095 0.57871444
 0.66138793 0.74406142 0.82673491 0.9094084  0.99208189 1.07475538
 1.15742887 1.24010236 1.32277585 1.40544935 1.48812284 0.41336745
 0.49604095 0.57871444 0.66138793 0.74406142 0.82673491 0.9094084
 0.99208189 1.07475538 1.15742887 1.24010236 1.32277585 1.40544935
 1.48812284 0.41336745 0.49604095 0.57871444 0.66138793 0.74406142
 0.82673491 0.9094084  0.99208189 1.07475538 1.15742887 1.24010236
 1.32277585 1.40544935 0.33069396 0.41336745 0.49604095 0.57871444
 0.66138793 0.74406142 0.82673491 0.9094084  0.99208189 1.07475538
 1.15742887 1.24010236 1.32277585]","[1.1028609  1.10278123 1.10271013 1.10265382 1.10261839 1.18564529
 1.18556594 1.18549139 1.18542799 1.18538182 1.18535877 1.18536447
 1.2683506  1.26827034 1.26819768 1.26813883 1.26809967 1.26808583
 1.26810264 1.268155   1.35114019 1.35105164 1.35096717 1.35089327
 1.35083598 1.35080095 1.35079353 1.3508187  1.35088096 1.43393965
 1.43383958 1.43374009 1.43364813 1.43357    1.4335115  1.43347803
 1.43347464 1.43350596 1.43357603 1.4336878  1.51663692 1.51651788
 1.51640347 1.51630047 1.51621499 1.51615263 1.51611852 1.51611741
 1.51615357 1.51623056 1.51635073 1.51651405 1.59944093 1.59929749
 1.59915639 1.59902492 1.59890938 1.59881535 1.59874787 1.59871155
 1.59871067 1.59874913 1.59883031 1.59895661 1.59912846 1.68229358
 1.68212034 1.68194708 1.68178187 1.68163143 1.68150155 1.68139726
 1.68132305 1.68128304 1.68128099 1.68132029 1.68140375 1.68153317
 1.68170816 1.76499177 1.76477596 1.76456787 1.76437476 1.76420253
 1.76405619 1.76394007 1.763858   1.76381351 1.76380977 1.76384966
 1.76393554 1.76406879 1.84792572 1.84765252 1.84738888 1.84714243
 1.84691908 1.8467236  1.84655994 1.84643154 1.84634145 1.84629247
 1.84628717 1.84632785 1.8464164 ]","[0.8242164  0.90680857 0.98938971 1.07194849 1.15447291 0.74133082
 0.82394493 0.90655384 0.98914644 1.07171161 1.15423742 1.23671017
 0.74104788 0.823688   0.90631707 0.98892447 1.07149945 1.15403029
 1.23650329 1.31890168 0.65810758 0.74078409 0.82345401 0.90610681
 0.98873253 1.07132094 1.15386066 1.23633817 1.31873664 0.57511144
 0.657832   0.74054949 0.82325306 0.90593321 0.98858082 1.07118633
 1.15373889 1.2362253  1.31862889 1.40092813 0.57482044 0.65759572
 0.74035869 0.82309992 0.90581112 0.98848417 1.07111035 1.15367947
 1.23617888 1.31859231 1.40089842 1.4830694  0.49174073 0.57458713
 0.65742018 0.74023062 0.82301104 0.90575485 0.98845543 1.07110531
 1.15369533 1.23621359 1.31864424 1.40096585 1.48314962 0.4085257
 0.49146306 0.5743831  0.65727654 0.7401368  0.8229587  0.90573756
 0.98846837 1.0711451  1.15375982 1.23630182 1.3187563  1.40110287
 1.48331374 0.40819321 0.49122867 0.57422767 0.65718502 0.7400975
 0.82296272 0.90577828 0.98854114 1.07124694 1.15388929 1.23645886
 1.31894219 1.40132008 0.32472503 0.40791951 0.49105792 0.57413807
 0.65715999 0.7401246  0.82303279 0.90588489 0.9886801  1.07141603
 1.15408806 1.23668858 1.31920577]"
227.6607787956765,315.9791511416493,0.19036896101274792,0.2716073156497032,0.00104990528802945,0.0053672190452132805,0.0008954919836505304,0.005262199474267023,0.002966596071591221,0.009603878942292032,117,"[1.01963972 1.10231321 1.10231321 1.10231321 1.10231321 1.10231321
 1.10231321 1.10231321 1.1849867  1.1849867  1.1849867  1.1849867
 1.1849867  1.1849867  1.1849867  1.1849867  1.26766019 1.26766019
 1.26766019 1.26766019 1.26766019 1.26766019 1.26766019 1.26766019
 1.26766019 1.35033368 1.35033368 1.35033368 1.35033368 1.35033368
 1.35033368 1.35033368 1.35033368 1.35033368 1.35033368 1.35033368
 1.43300718 1.43300718 1.43300718 1.43300718 1.43300718 1.43300718
 1.43300718 1.43300718 1.43300718 1.43300718 1.43300718 1.51568067
 1.51568067 1.51568067 1.51568067 1.51568067 1.51568067 1.51568067
 1.51568067 1.51568067 1.51568067 1.51568067 1.51568067 1.51568067
 1.59835416 1.59835416 1.59835416 1.59835416 1.59835416 1.59835416
 1.59835416 1.59835416 1.59835416 1.59835416 1.59835416 1.59835416
 1.59835416 1.59835416 1.68102765 1.68102765 1.68102765 1.68102765
 1.68102765 1.68102765 1.68102765 1.68102765 1.68102765 1.68102765
 1.68102765 1.68102765 1.68102765 1.68102765 1.68102765 1.76370114
 1.76370114 1.76370114 1.76370114 1.76370114 1.76370114 1.76370114
 1.76370114 1.76370114 1.76370114 1.76370114 1.76370114 1.76370114
 1.76370114 1.84637463 1.84637463 1.84637463 1.84637463 1.84637463
 1.84637463 1.84637463 1.84637463 1.84637463 1.84637463 1.84637463
 1.84637463 1.84637463 1.84637463]","[1.15742887 0.74406142 0.82673491 0.9094084  0.99208189 1.07475538
 1.15742887 1.24010236 0.66138793 0.74406142 0.82673491 0.9094084
 0.99208189 1.07475538 1.15742887 1.24010236 0.66138793 0.74406142
 0.82673491 0.9094084  0.99208189 1.07475538 1.15742887 1.24010236
 1.32277585 0.57871444 0.66138793 0.74406142 0.82673491 0.9094084
 0.99208189 1.07475538 1.15742887 1.24010236 1.32277585 1.40544935
 0.57871444 0.66138793 0.74406142 0.82673491 0.9094084  0.99208189
 1.07475538 1.15742887 1.24010236 1.32277585 1.40544935 0.49604095
 0.57871444 0.66138793 0.74406142 0.82673491 0.9094084  0.99208189
 1.07475538 1.15742887 1.24010236 1.32277585 1.40544935 1.48812284
 0.41336745 0.49604095 0.57871444 0.66138793 0.74406142 0.82673491
 0.9094084  0.99208189 1.07475538 1.15742887 1.24010236 1.32277585
 1.40544935 1.48812284 0.33069396 0.41336745 0.49604095 0.57871444
 0.66138793 0.74406142 0.82673491 0.9094084  0.99208189 1.07475538
 1.15742887 1.24010236 1.32277585 1.40544935 1.48812284 0.33069396
 0.41336745 0.49604095 0.57871444 0.66138793 0.74406142 0.82673491
 0.9094084  0.99208189 1.07475538 1.15742887 1.24010236 1.32277585
 1.40544935 0.24802047 0.33069396 0.41336745 0.49604095 0.57871444
 0.66138793 0.74406142 0.82673491 0.9094084  0.99208189 1.07475538
 1.15742887 1.24010236 1.32277585]","[1.0199254  1.10321826 1.10309709 1.10297692 1.10286721 1.10277699
 1.10271488 1.10268892 1.18607542 1.18595922 1.18583793 1.18572168
 1.18561996 1.18554169 1.1854952  1.18548804 1.26882643 1.26870127
 1.26857532 1.26845877 1.26836098 1.26829062 1.2682556  1.2682629
 1.26831813 1.35170588 1.35157352 1.35143413 1.35129884 1.3511777
 1.35107982 1.35101347 1.35098602 1.35100382 1.35107166 1.35119167
 1.43446253 1.43430498 1.43414609 1.43399688 1.43386709 1.4337654
 1.43369954 1.43367631 1.43370136 1.43377864 1.43390931 1.51737689
 1.51719477 1.51700571 1.51682208 1.51665453 1.51651229 1.51640351
 1.51633529 1.51631379 1.51634393 1.51642886 1.51656883 1.51675883
 1.60032305 1.60010811 1.59988093 1.59965567 1.59944402 1.59925577
 1.59909926 1.59898165 1.59890919 1.59888719 1.59891988 1.59900991
 1.59915717 1.59935674 1.683344   1.68308591 1.68281015 1.68253334
 1.68226862 1.68202653 1.68181566 1.68164322 1.68151533 1.68143726
 1.68141344 1.68144731 1.6815408  1.68169322 1.6818991  1.76615092
 1.76580813 1.76546344 1.76513173 1.76482424 1.7645497  1.76431504
 1.76412601 1.76398745 1.76390354 1.76387777 1.7639128  1.76401
 1.76416839 1.84934123 1.84890225 1.84846505 1.84804617 1.84765714
 1.84730621 1.84699955 1.84674197 1.84653741 1.84638925 1.84630046
 1.84627354 1.84631041 1.84641192]","[1.15380368 0.74071509 0.82328787 0.90586279 0.98842389 1.07095568
 1.15344215 1.23586581 0.65769042 0.74028585 0.82289248 0.90549324
 0.98807247 1.07061494 1.1531048  1.23552455 0.65722758 0.73987138
 0.82251714 0.90514844 0.98775027 1.07030793 1.15280596 1.23522714
 1.31755144 0.57409636 0.65678547 0.73948421 0.82217469 0.90484159
 0.98747086 1.07004862 1.15256009 1.23498852 1.31731421 1.39951376
 0.57361538 0.65637879 0.739139   0.82187976 0.90458725 0.98724876
 1.06985158 1.15238185 1.23482356 1.31715751 1.39936062 0.4903353
 0.57318068 0.65602625 0.73885417 0.82165041 0.90440314 0.98710138
 1.06973385 1.15228792 1.23474856 1.31709731 1.39931157 1.4813648
 0.40691403 0.48986621 0.57281882 0.65575184 0.73865094 0.82150521
 0.90430555 0.98704331 1.06970917 1.15229211 1.23477831 1.31715013
 1.39938515 1.48145608 0.32326236 0.40635881 0.48945138 0.57251718
 0.65554142 0.73851431 0.82142879 0.90427896 0.98705886 1.06976147
 1.15237765 1.23489522 1.31729783 1.39956398 1.48166673 0.32258354
 0.405871   0.48911405 0.57229831 0.65541621 0.73846383 0.82143888
 0.90433933 0.98716239 1.06990364 1.15255621 1.23510978 1.31754956
 1.39985509 0.23841659 0.32198927 0.40548004 0.48887795 0.57218067
 0.65539004 0.73850944 0.82154222 0.90449079 0.98735593 1.07013613
 1.15282703 1.2354205  1.31790362]"
377.375380583733,236.5683474590317,0.18079975201242185,0.24897145363704531,0.0008373759275027094,0.006361752841499923,0.0007216988694305854,0.006256885264261679,0.0020175170484353355,0.009849878321497252,130,"[1.01963972 1.10231321 1.10231321 1.10231321 1.10231321 1.10231321
 1.10231321 1.10231321 1.10231321 1.10231321 1.1849867  1.1849867
 1.1849867  1.1849867  1.1849867  1.1849867  1.1849867  1.1849867
 1.1849867  1.1849867  1.26766019 1.26766019 1.26766019 1.26766019
 1.26766019 1.26766019 1.26766019 1.26766019 1.26766019 1.26766019
 1.26766019 1.35033368 1.35033368 1.35033368 1.35033368 1.35033368
 1.35033368 1.35033368 1.35033368 1.35033368 1.35033368 1.35033368
 1.35033368 1.35033368 1.43300718 1.43300718 1.43300718 1.43300718
 1.43300718 1.43300718 1.43300718 1.43300718 1.43300718 1.43300718
 1.43300718 1.43300718 1.43300718 1.51568067 1.51568067 1.51568067
 1.51568067 1.51568067 1.51568067 1.51568067 1.51568067 1.51568067
 1.51568067 1.51568067 1.51568067 1.51568067 1.51568067 1.51568067
 1.59835416 1.59835416 1.59835416 1.59835416 1.59835416 1.59835416
 1.59835416 1.59835416 1.59835416 1.59835416 1.59835416 1.59835416
 1.59835416 1.59835416 1.59835416 1.68102765 1.68102765 1.68102765
 1.68102765 1.68102765 1.68102765 1.68102765 1.68102765 1.68102765
 1.68102765 1.68102765 1.68102765 1.68102765 1.68102765 1.68102765
 1.76370114 1.76370114 1.76370114 1.76370114 1.76370114 1.76370114
 1.76370114 1.76370114 1.76370114 1.76370114 1.76370114 1.76370114
 1.76370114 1.76370114 1.84637463 1.84637463 1.84637463 1.84637463
 1.84637463 1.84637463 1.84637463 1.84637463 1.84637463 1.84637463
 1.84637463 1.84637463 1.84637463 1.84637463]","[1.15742887 0.57871444 0.66138793 0.74406142 0.82673491 0.9094084
 0.99208189 1.07475538 1.15742887 1.24010236 0.49604095 0.57871444
 0.66138793 0.74406142 0.82673491 0.9094084  0.99208189 1.07475538
 1.15742887 1.24010236 0.49604095 0.57871444 0.66138793 0.74406142
 0.82673491 0.9094084  0.99208189 1.07475538 1.15742887 1.24010236
 1.32277585 0.41336745 0.49604095 0.57871444 0.66138793 0.74406142
 0.82673491 0.9094084  0.99208189 1.07475538 1.15742887 1.24010236
 1.32277585 1.40544935 0.41336745 0.49604095 0.57871444 0.66138793
 0.74406142 0.82673491 0.9094084  0.99208189 1.07475538 1.15742887
 1.24010236 1.32277585 1.40544935 0.33069396 0.41336745 0.49604095
 0.57871444 0.66138793 0.74406142 0.82673491 0.9094084  0.99208189
 1.07475538 1.15742887 1.24010236 1.32277585 1.40544935 1.48812284
 0.33069396 0.41336745 0.49604095 0.57871444 0.66138793 0.74406142
 0.82673491 0.9094084  0.99208189 1.07475538 1.15742887 1.24010236
 1.32277585 1.40544935 1.48812284 0.33069396 0.41336745 0.49604095
 0.57871444 0.66138793 0.74406142 0.82673491 0.9094084  0.99208189
 1.07475538 1.15742887 1.24010236 1.32277585 1.40544935 1.48812284
 0.33069396 0.41336745 0.49604095 0.57871444 0.66138793 0.74406142
 0.82673491 0.9094084  0.99208189 1.07475538 1.15742887 1.24010236
 1.32277585 1.40544935 0.33069396 0.41336745 0.49604095 0.57871444
 0.66138793 0.74406142 0.82673491 0.9094084  0.99208189 1.07475538
 1.15742887 1.24010236 1.32277585 1.40544935]","[1.01989748 1.10320502 1.10313636 1.10305213 1.10295984 1.10286672
 1.10277969 1.10270531 1.10264972 1.10261846 1.18597945 1.18592751
 1.1858542  1.18576767 1.18567571 1.1855857  1.18550456 1.18543874
 1.18539413 1.18537591 1.26872548 1.26866197 1.2685794  1.26848635
 1.26839083 1.26830027 1.26822153 1.26816087 1.26812392 1.26811544
 1.26813895 1.35153646 1.3514818  1.35140128 1.35130459 1.35120065
 1.35109761 1.35100288 1.35092318 1.35086452 1.35083223 1.35083064
 1.35086275 1.35092921 1.43432093 1.43424029 1.43413687 1.43402092
 1.4339016  1.43378709 1.43368468 1.43360086 1.4335414  1.43351123
 1.43351428 1.43355303 1.43362748 1.51718739 1.51710379 1.51698949
 1.51685661 1.51671576 1.51657621 1.51644606 1.51633241 1.51624152
 1.51617885 1.51614898 1.51615542 1.51620011 1.51628243 1.5163974
 1.59999528 1.59986452 1.59970863 1.59954031 1.59937021 1.59920735
 1.59905936 1.5989328  1.59883332 1.59876579 1.59873428 1.59874191
 1.59879037 1.5988791  1.59900354 1.68280639 1.682621   1.68241797
 1.68220994 1.68200721 1.68181823 1.68165002 1.6815085  1.6813987
 1.68132488 1.68129054 1.68129825 1.68134924 1.68144245 1.68157278
 1.76561256 1.7653605  1.7651013  1.7648469  1.7646067  1.76438814
 1.76419728 1.76403915 1.76391794 1.7638372  1.76379981 1.76380783
 1.76386207 1.76396131 1.84839215 1.84806188 1.8477387  1.84743283
 1.84715194 1.84690191 1.84668743 1.84651231 1.84637976 1.84629246
 1.84625258 1.84626163 1.84632008 1.84642666]","[1.15278381 0.57527713 0.65767051 0.74011071 0.82257784 0.90505414
 0.98752317 1.06996891 1.15237489 1.23472327 0.49227644 0.57466419
 0.65711347 0.73960151 0.82210871 0.90461769 0.9871124  1.06957717
 1.15199574 1.23435039 0.49159413 0.57405419 0.65656637 0.73910826
 0.82166082 0.90420735 0.98673242 1.0692209  1.15165692 1.234023
 1.3162991  0.40844019 0.49091409 0.5734556  0.65603823 0.73864034
 0.82124391 0.90383319 0.98639363 1.06891081 1.15136948 1.23375254
 1.3160402  1.39820937 0.40766765 0.49024652 0.57287914 0.65554009
 0.73820913 0.82086957 0.90350696 0.98610788 1.06865889 1.15114552
 1.23355128 1.31585677 1.39803906 0.3242801  0.40690883 0.48960569
 0.57233976 0.65508746 0.73783046 0.82055385 0.90324481 0.98589133
 1.06848116 1.15100085 1.23343473 1.31576398 1.397966   1.48001488
 0.32340682 0.40618924 0.48901697 0.57186169 0.65470266 0.73752434
 0.82031442 0.90306233 0.98575809 1.06839116 1.15094949 1.23341843
 1.31577973 1.39801072 1.48008432 0.32253459 0.40548686 0.48845689
 0.57142053 0.65436108 0.73726655 0.82012774 0.90293681 0.98568605
 1.06836693 1.15096908 1.23347933 1.31588057 1.3981509  1.48026346
 0.32167187 0.40481631 0.48794387 0.57103679 0.65408396 0.73707816
 0.82001422 0.90288762 0.98569348 1.06842567 1.15107587 1.23363266
 1.31608034 1.39839791 0.32084409 0.40420169 0.48749943 0.57072893
 0.65388676 0.73697188 0.8199841  0.90292295 0.98578687 1.06857255
 1.15127409 1.23388217 1.31638292 1.39875664]"
262.1150047280301,450.8262185221722,0.16845922945040206,0.24370622851127643,0.0008910519873370096,0.004009211422393832,0.0007786707489889441,0.003940228361623327,0.0022250414677669195,0.006679713233372853,104,"[1.10231321 1.10231321 1.10231321 1.10231321 1.1849867  1.1849867
 1.1849867  1.1849867  1.1849867  1.1849867  1.26766019 1.26766019
 1.26766019 1.26766019 1.26766019 1.26766019 1.26766019 1.26766019
 1.35033368 1.35033368 1.35033368 1.35033368 1.35033368 1.35033368
 1.35033368 1.35033368 1.35033368 1.35033368 1.43300718 1.43300718
 1.43300718 1.43300718 1.43300718 1.43300718 1.43300718 1.43300718
 1.43300718 1.43300718 1.51568067 1.51568067 1.51568067 1.51568067
 1.51568067 1.51568067 1.51568067 1.51568067 1.51568067 1.51568067
 1.51568067 1.51568067 1.59835416 1.59835416 1.59835416 1.59835416
 1.59835416 1.59835416 1.59835416 1.59835416 1.59835416 1.59835416
 1.59835416 1.59835416 1.59835416 1.68102765 1.68102765 1.68102765
 1.68102765 1.68102765 1.68102765 1.68102765 1.68102765 1.68102765
 1.68102765 1.68102765 1.68102765 1.68102765 1.68102765 1.76370114
 1.76370114 1.76370114 1.76370114 1.76370114 1.76370114 1.76370114
 1.76370114 1.76370114 1.76370114 1.76370114 1.76370114 1.76370114
 1.76370114 1.84637463 1.84637463 1.84637463 1.84637463 1.84637463
 1.84637463 1.84637463 1.84637463 1.84637463 1.84637463 1.84637463
 1.84637463 1.84637463]","[0.9094084  0.99208189 1.07475538 1.15742887 0.82673491 0.9094084
 0.99208189 1.07475538 1.15742887 1.24010236 0.74406142 0.82673491
 0.9094084  0.99208189 1.07475538 1.15742887 1.24010236 1.32277585
 0.66138793 0.74406142 0.82673491 0.9094084  0.99208189 1.07475538
 1.15742887 1.24010236 1.32277585 1.40544935 0.66138793 0.74406142
 0.82673491 0.9094084  0.99208189 1.07475538 1.15742887 1.24010236
 1.32277585 1.40544935 0.57871444 0.66138793 0.74406142 0.82673491
 0.9094084  0.99208189 1.07475538 1.15742887 1.24010236 1.32277585
 1.40544935 1.48812284 0.49604095 0.57871444 0.66138793 0.74406142
 0.82673491 0.9094084  0.99208189 1.07475538 1.15742887 1.24010236
 1.32277585 1.40544935 1.48812284 0.41336745 0.49604095 0.57871444
 0.66138793 0.74406142 0.82673491 0.9094084  0.99208189 1.07475538
 1.15742887 1.24010236 1.32277585 1.40544935 1.48812284 0.33069396
 0.41336745 0.49604095 0.57871444 0.66138793 0.74406142 0.82673491
 0.9094084  0.99208189 1.07475538 1.15742887 1.24010236 1.32277585
 1.40544935 0.33069396 0.41336745 0.49604095 0.57871444 0.66138793
 0.74406142 0.82673491 0.9094084  0.99208189 1.07475538 1.15742887
 1.24010236 1.32277585]","[1.10292206 1.10282259 1.10274403 1.10269498 1.18576606 1.18566001
 1.18556998 1.18550465 1.18547233 1.18548091 1.26861106 1.26849542
 1.26839089 1.2683064  1.26825035 1.26823066 1.2682547  1.26832903
 1.35146323 1.35133445 1.35121185 1.35110483 1.35102203 1.35097146
 1.35096055 1.35099609 1.35108389 1.351228   1.43418319 1.43403806
 1.4339043  1.43379098 1.43370632 1.43365781 1.43365234 1.43369606
 1.43379402 1.43394933 1.51704724 1.51687349 1.51670723 1.5165582
 1.51643497 1.51634524 1.51629596 1.5162934  1.51634304 1.51644914
 1.51661392 1.51683564 1.59992891 1.59971937 1.59951425 1.59932407
 1.59915772 1.59902291 1.59892644 1.59887443 1.59887238 1.5989251
 1.59903636 1.59920803 1.59943838 1.68286797 1.68261349 1.6823609
 1.68212181 1.68190562 1.68172017 1.68157213 1.68146737 1.6814111
 1.681408   1.6814621  1.68157641 1.68175209 1.68198666 1.76588239
 1.76556659 1.76525215 1.76495197 1.76467593 1.76443183 1.76422603
 1.76406394 1.76395028 1.76388927 1.76388469 1.76393981 1.76405698
 1.76423692 1.84859967 1.84820225 1.84782371 1.847474   1.84716045
 1.84688865 1.84666314 1.84648777 1.84636595 1.84630082 1.84629523
 1.84635164 1.84647185]","[0.90675418 0.9893685  1.07195412 1.15449736 0.82382974 0.90647681
 0.98910144 1.0716908  1.15423127 1.23670739 0.74086641 0.82355137
 0.90621945 0.98885819 1.0714552  1.1539971  1.23646854 1.318851
 0.65785256 0.74058283 0.82330088 0.9059942  0.98865118 1.0712601
 1.15380809 1.23628009 1.31865769 1.40091795 0.65755873 0.74033617
 0.82309185 0.90581458 0.9884939  1.07111903 1.15367786 1.23615586
 1.31853496 1.40079234 0.57446372 0.65731432 0.74014393 0.82294149
 0.90569752 0.98840301 1.07104836 1.15362245 1.23611157 1.31849824
 1.40076002 1.48286873 0.49128179 0.57422407 0.65714266 0.74002664
 0.82286768 0.90565865 0.98839249 1.07106128 1.15365527 1.23616179
 1.31856402 1.40083971 1.48296003 0.40794573 0.49100735 0.57403789
 0.65702661 0.7399665  0.82285244 0.90567999 0.98844434 1.07113948
 1.1537573  1.23628654 1.31871166 1.40101145 1.48315785 0.32439868
 0.40762564 0.49080489 0.57392687 0.6569869  0.73998287 0.82291359
 0.90577781 0.98857335 1.07129641 1.15394079 1.23649693 1.31895078
 1.40128239 0.32401425 0.40739911 0.49069715 0.57390877 0.657037
 0.74008561 0.82305802 0.90595658 0.98878205 1.07153307 1.15420559
 1.23679204 1.31928019]"
271.4519092384194,424.31863945953165,0.1970613960994211,0.2232831715750634,0.0008808243162575794,0.004171514644687054,0.0007701611042962769,0.004102152984392587,0.0022019680876494974,0.006890944323652171,106,"[1.10231321 1.10231321 1.10231321 1.10231321 1.10231321 1.1849867
 1.1849867  1.1849867  1.1849867  1.1849867  1.1849867  1.26766019
 1.26766019 1.26766019 1.26766019 1.26766019 1.26766019 1.26766019
 1.26766019 1.35033368 1.35033368 1.35033368 1.35033368 1.35033368
 1.35033368 1.35033368 1.35033368 1.35033368 1.35033368 1.43300718
 1.43300718 1.43300718 1.43300718 1.43300718 1.43300718 1.43300718
 1.43300718 1.43300718 1.43300718 1.43300718 1.51568067 1.51568067
 1.51568067 1.51568067 1.51568067 1.51568067 1.51568067 1.51568067
 1.51568067 1.51568067 1.51568067 1.51568067 1.59835416 1.59835416
 1.59835416 1.59835416 1.59835416 1.59835416 1.59835416 1.59835416
 1.59835416 1.59835416 1.59835416 1.59835416 1.59835416 1.68102765
 1.68102765 1.68102765 1.68102765 1.68102765 1.68102765 1.68102765
 1.68102765 1.68102765 1.68102765 1.68102765 1.68102765 1.68102765
 1.68102765 1.76370114 1.76370114 1.76370114 1.76370114 1.76370114
 1.76370114 1.76370114 1.76370114 1.76370114 1.76370114 1.76370114
 1.76370114 1.76370114 1.76370114 1.84637463 1.84637463 1.84637463
 1.84637463 1.84637463 1.84637463 1.84637463 1.84637463 1.84637463
 1.84637463 1.84637463 1.84637463 1.84637463]","[0.82673491 0.9094084  0.99208189 1.07475538 1.15742887 0.82673491
 0.9094084  0.99208189 1.07475538 1.15742887 1.24010236 0.74406142
 0.82673491 0.9094084  0.99208189 1.07475538 1.15742887 1.24010236
 1.32277585 0.66138793 0.74406142 0.82673491 0.9094084  0.99208189
 1.07475538 1.15742887 1.24010236 1.32277585 1.40544935 0.57871444
 0.66138793 0.74406142 0.82673491 0.9094084  0.99208189 1.07475538
 1.15742887 1.24010236 1.32277585 1.40544935 0.57871444 0.66138793
 0.74406142 0.82673491 0.9094084  0.99208189 1.07475538 1.15742887
 1.24010236 1.32277585 1.40544935 1.48812284 0.49604095 0.57871444
 0.66138793 0.74406142 0.82673491 0.9094084  0.99208189 1.07475538
 1.15742887 1.24010236 1.32277585 1.40544935 1.48812284 0.41336745
 0.49604095 0.57871444 0.66138793 0.74406142 0.82673491 0.9094084
 0.99208189 1.07475538 1.15742887 1.24010236 1.32277585 1.40544935
 1.48812284 0.33069396 0.41336745 0.49604095 0.57871444 0.66138793
 0.74406142 0.82673491 0.9094084  0.99208189 1.07475538 1.15742887
 1.24010236 1.32277585 1.40544935 0.33069396 0.41336745 0.49604095
 0.57871444 0.66138793 0.74406142 0.82673491 0.9094084  0.99208189
 1.07475538 1.15742887 1.24010236 1.32277585]","[1.10302609 1.10291633 1.10281812 1.10274009 1.10269057 1.18575683
 1.18565238 1.18556332 1.1854981  1.1854648  1.18547109 1.26859835
 1.26848471 1.26838163 1.26829783 1.26824153 1.26822042 1.26824164
 1.26831148 1.35144707 1.35132074 1.35120011 1.35109442 1.3510121
 1.35096097 1.35094829 1.35098061 1.35106349 1.3512007  1.43430992
 1.43416652 1.43402397 1.4338922  1.43378011 1.43369574 1.43364644
 1.43363892 1.43367912 1.43377188 1.43392005 1.51702759 1.5168571
 1.51669355 1.51654651 1.51642443 1.51633484 1.51628458 1.51627976
 1.51632568 1.51642643 1.51658398 1.51679634 1.59990612 1.59970064
 1.59949903 1.59931166 1.5991473  1.59901354 1.59891708 1.59886393
 1.59885946 1.59890833 1.59901415 1.5991786  1.59939975 1.68284224
 1.68259281 1.68234466 1.68210926 1.68189592 1.6817124  1.68156529
 1.68146038 1.68140282 1.68139717 1.68144734 1.68155621 1.68172476
 1.68195035 1.76585397 1.7655444  1.76523543 1.76493987 1.76466752
 1.76442616 1.76422212 1.76406076 1.76394676 1.76388429 1.76387706
 1.76392822 1.76404003 1.76421306 1.8485766  1.84818583 1.84781285
 1.84746765 1.84715755 1.8468882  1.84666412 1.84648918 1.84636678
 1.84630001 1.84629166 1.84634414 1.84645912]","[0.82401595 0.90663479 0.98923858 1.07181412 1.15434754 0.82371003
 0.90634705 0.98896229 1.07154273 1.15407459 1.23654226 0.7407453
 0.82342057 0.90607979 0.98871034 1.07129965 1.15383418 1.23629845
 1.31867384 0.65772881 0.74044959 0.82315919 0.90584491 0.98849495
 1.07109741 1.15363929 1.2361054  1.31847724 1.40073184 0.57464463
 0.65742141 0.7401907  0.82293927 0.90565572 0.9883294  1.07094937
 1.15350336 1.23597674 1.31835133 1.40060432 0.57432038 0.65716305
 0.73998599 0.82277789 0.90552907 0.9882303  1.07087183 1.15344238
 1.23592813 1.3183115  1.40057004 1.48267569 0.49113012 0.57406462
 0.65697696 0.73985592 0.82269291 0.90548055 0.98821161 1.07087799
 1.15346979 1.2359742  1.31837434 1.4006479  1.48276613 0.40778213
 0.4908361  0.57386088 0.65684534 0.73978212 0.82266582 0.90549176
 0.98825494 1.07094918 1.15356621 1.23609467 1.3185189  1.40081765
 1.4829629  0.32421823 0.4074378  0.49061204 0.57373081 0.65678901
 0.73978413 0.82271471 0.90557926 0.98837541 1.07109921 1.1537443
 1.23630102 1.3187552  1.40108682 0.32380302 0.40718416 0.49048069
 0.57369235 0.65682169 0.73987214 0.82284683 0.9057479  0.98857595
 1.07132948 1.15400431 1.23659276 1.3190825 ]"
373.6752375133143,406.6003321665601,0.18940615739990108,0.2104881864148015,0.0007385145670690907,0.004150105225803221,0.0006488303125589617,0.004089351525351413,0.001838164021465305,0.006604559381724051,108,"[1.10231321 1.10231321 1.10231321 1.10231321 1.10231321 1.1849867
 1.1849867  1.1849867  1.1849867  1.1849867  1.1849867  1.1849867
 1.26766019 1.26766019 1.26766019 1.26766019 1.26766019 1.26766019
 1.26766019 1.26766019 1.26766019 1.35033368 1.35033368 1.35033368
 1.35033368 1.35033368 1.35033368 1.35033368 1.35033368 1.35033368
 1.35033368 1.43300718 1.43300718 1.43300718 1.43300718 1.43300718
 1.43300718 1.43300718 1.43300718 1.43300718 1.43300718 1.43300718
 1.51568067 1.51568067 1.51568067 1.51568067 1.51568067 1.51568067
 1.51568067 1.51568067 1.51568067 1.51568067 1.51568067 1.51568067
 1.59835416 1.59835416 1.59835416 1.59835416 1.59835416 1.59835416
 1.59835416 1.59835416 1.59835416 1.59835416 1.59835416 1.59835416
 1.59835416 1.68102765 1.68102765 1.68102765 1.68102765 1.68102765
 1.68102765 1.68102765 1.68102765 1.68102765 1.68102765 1.68102765
 1.68102765 1.68102765 1.68102765 1.76370114 1.76370114 1.76370114
 1.76370114 1.76370114 1.76370114 1.76370114 1.76370114 1.76370114
 1.76370114 1.76370114 1.76370114 1.76370114 1.76370114 1.84637463
 1.84637463 1.84637463 1.84637463 1.84637463 1.84637463 1.84637463
 1.84637463 1.84637463 1.84637463 1.84637463 1.84637463 1.84637463]","[0.82673491 0.9094084  0.99208189 1.07475538 1.15742887 0.74406142
 0.82673491 0.9094084  0.99208189 1.07475538 1.15742887 1.24010236
 0.66138793 0.74406142 0.82673491 0.9094084  0.99208189 1.07475538
 1.15742887 1.24010236 1.32277585 0.66138793 0.74406142 0.82673491
 0.9094084  0.99208189 1.07475538 1.15742887 1.24010236 1.32277585
 1.40544935 0.57871444 0.66138793 0.74406142 0.82673491 0.9094084
 0.99208189 1.07475538 1.15742887 1.24010236 1.32277585 1.40544935
 0.57871444 0.66138793 0.74406142 0.82673491 0.9094084  0.99208189
 1.07475538 1.15742887 1.24010236 1.32277585 1.40544935 1.48812284
 0.49604095 0.57871444 0.66138793 0.74406142 0.82673491 0.9094084
 0.99208189 1.07475538 1.15742887 1.24010236 1.32277585 1.40544935
 1.48812284 0.41336745 0.49604095 0.57871444 0.66138793 0.74406142
 0.82673491 0.9094084  0.99208189 1.07475538 1.15742887 1.24010236
 1.32277585 1.40544935 1.48812284 0.33069396 0.41336745 0.49604095
 0.57871444 0.66138793 0.74406142 0.82673491 0.9094084  0.99208189
 1.07475538 1.15742887 1.24010236 1.32277585 1.40544935 0.33069396
 0.41336745 0.49604095 0.57871444 0.66138793 0.74406142 0.82673491
 0.9094084  0.99208189 1.07475538 1.15742887 1.24010236 1.32277585]","[1.10293279 1.10284035 1.10275747 1.10269136 1.10264899 1.18574066
 1.18564811 1.18556083 1.18548619 1.18543123 1.18540269 1.18540697
 1.26855134 1.26845627 1.26836202 1.26827633 1.26820644 1.26815915
 1.26814092 1.26815774 1.26821497 1.35127042 1.35116623 1.35106654
 1.35097894 1.35091044 1.35086758 1.35085645 1.35088263 1.35095093
 1.35106479 1.43409646 1.43397865 1.43386123 1.43375239 1.4336595
 1.43358929 1.43354796 1.43354119 1.43357412 1.43365101 1.43377461
 1.51680329 1.516663   1.51652796 1.51640612 1.51630459 1.51622977
 1.51618749 1.51618304 1.51622108 1.5163053  1.51643773 1.5166173
 1.59963964 1.59947069 1.59930433 1.59914915 1.59901251 1.59890087
 1.59881997 1.59877501 1.59877071 1.59881125 1.59890003 1.59903899
 1.59922738 1.68252917 1.68232466 1.68212018 1.68192527 1.68174781
 1.68159445 1.68147092 1.6813823  1.68133314 1.68132753 1.68136905
 1.68146046 1.68160311 1.68179544 1.76548641 1.76523285 1.76497814
 1.76473299 1.76450581 1.76430341 1.7641314  1.76399462 1.76389729
 1.76384322 1.76383583 1.76387808 1.76397222 1.76411917 1.84821279
 1.84789027 1.84758006 1.84729094 1.84702958 1.84680121 1.84661015
 1.84646005 1.84635416 1.84629544 1.84628655 1.84632981 1.84642697]","[0.82401893 0.90661335 0.98919538 1.07175257 1.15427186 0.74110164
 0.82372051 0.90633331 0.98892773 1.07149159 1.15401188 1.23647381
 0.6581426  0.74079027 0.82343789 0.90607283 0.98868332 1.07125758
 1.15378284 1.23624438 1.31862439 0.6578116  0.74050011 0.82318076
 0.90584182 0.98847227 1.07106092 1.15359542 1.23606131 1.31844079
 1.40071154 0.57477007 0.65750833 0.74024254 0.82296054 0.90565172
 0.98830605 1.07091314 1.15346127 1.2359364  1.31832096 1.40059265
 0.57444887 0.65724843 0.74003331 0.82279297 0.90551825 0.98820029
 1.07082969 1.15339556 1.23588452 1.31827949 1.40055843 1.48269332
 0.49130906 0.57418965 0.65705413 0.73989205 0.82269518 0.90545633
 0.98816838 1.07082336 1.15341155 1.23592045 1.31833351 1.40062872
 1.48277717 0.40801988 0.49100498 0.57396892 0.65690122 0.73979457
 0.82264342 0.90544283 0.98818758 1.07087134 1.15348585 1.23601988
 1.31845805 1.40077935 1.48295575 0.32452876 0.40765859 0.49075471
 0.57380719 0.65681041 0.73976113 0.82265707 0.90549602 0.98827502
 1.07098971 1.15363352 1.23619678 1.31866552 1.40101994 0.3240894
 0.40736828 0.49057989 0.57372229 0.65679617 0.73980324 0.82274515
 0.90562283 0.98843594 1.07118234 1.15385745 1.23645346 1.31895814]"
421.46110645833784,432.2242342839082,0.18371695219672324,0.23217416411028993,0.0006665790066439366,0.003878661308826419,0.0005896854308759995,0.0038266151014820613,0.0016862317069514798,0.006159391137126435,105,"[1.10231321 1.10231321 1.10231321 1.10231321 1.10231321 1.1849867
 1.1849867  1.1849867  1.1849867  1.1849867  1.1849867  1.1849867
 1.26766019 1.26766019 1.26766019 1.26766019 1.26766019 1.26766019
 1.26766019 1.26766019 1.35033368 1.35033368 1.35033368 1.35033368
 1.35033368 1.35033368 1.35033368 1.35033368 1.35033368 1.43300718
 1.43300718 1.43300718 1.43300718 1.43300718 1.43300718 1.43300718
 1.43300718 1.43300718 1.43300718 1.43300718 1.51568067 1.51568067
 1.51568067 1.51568067 1.51568067 1.51568067 1.51568067 1.51568067
 1.51568067 1.51568067 1.51568067 1.51568067 1.59835416 1.59835416
 1.59835416 1.59835416 1.59835416 1.59835416 1.59835416 1.59835416
 1.59835416 1.59835416 1.59835416 1.59835416 1.59835416 1.68102765
 1.68102765 1.68102765 1.68102765 1.68102765 1.68102765 1.68102765
 1.68102765 1.68102765 1.68102765 1.68102765 1.68102765 1.68102765
 1.68102765 1.76370114 1.76370114 1.76370114 1.76370114 1.76370114
 1.76370114 1.76370114 1.76370114 1.76370114 1.76370114 1.76370114
 1.76370114 1.76370114 1.84637463 1.84637463 1.84637463 1.84637463
 1.84637463 1.84637463 1.84637463 1.84637463 1.84637463 1.84637463
 1.84637463 1.84637463 1.84637463]","[0.82673491 0.9094084  0.99208189 1.07475538 1.15742887 0.74406142
 0.82673491 0.9094084  0.99208189 1.07475538 1.15742887 1.24010236
 0.74406142 0.82673491 0.9094084  0.99208189 1.07475538 1.15742887
 1.24010236 1.32277585 0.66138793 0.74406142 0.82673491 0.9094084
 0.99208189 1.07475538 1.15742887 1.24010236 1.32277585 0.57871444
 0.66138793 0.74406142 0.82673491 0.9094084  0.99208189 1.07475538
 1.15742887 1.24010236 1.32277585 1.40544935 0.57871444 0.66138793
 0.74406142 0.82673491 0.9094084  0.99208189 1.07475538 1.15742887
 1.24010236 1.32277585 1.40544935 1.48812284 0.49604095 0.57871444
 0.66138793 0.74406142 0.82673491 0.9094084  0.99208189 1.07475538
 1.15742887 1.24010236 1.32277585 1.40544935 1.48812284 0.41336745
 0.49604095 0.57871444 0.66138793 0.74406142 0.82673491 0.9094084
 0.99208189 1.07475538 1.15742887 1.24010236 1.32277585 1.40544935
 1.48812284 0.41336745 0.49604095 0.57871444 0.66138793 0.74406142
 0.82673491 0.9094084  0.99208189 1.07475538 1.15742887 1.24010236
 1.32277585 1.40544935 0.33069396 0.41336745 0.49604095 0.57871444
 0.66138793 0.74406142 0.82673491 0.9094084  0.99208189 1.07475538
 1.15742887 1.24010236 1.32277585]","[1.10289546 1.10280949 1.10273272 1.10267188 1.10263354 1.18569137
 1.18560547 1.18552474 1.18545605 1.18540597 1.18538084 1.18538675
 1.26840156 1.26831446 1.26823557 1.26817163 1.26812899 1.26811373
 1.26813157 1.2681877  1.35120304 1.35110679 1.35101496 1.3509346
 1.35087224 1.35083398 1.35082558 1.35085237 1.35091908 1.43401531
 1.43390646 1.43379824 1.4336982  1.43361319 1.43354946 1.43351284
 1.43350872 1.43354204 1.43361703 1.43373667 1.51671682 1.51658737
 1.516463   1.51635107 1.51625817 1.5161903  1.51615297 1.51615124
 1.51618959 1.51627176 1.51640006 1.51657413 1.5995362  1.59938022
 1.59922686 1.59908403 1.59895855 1.59885642 1.59878305 1.59874336
 1.59874187 1.59878268 1.59886925 1.59900389 1.59918661 1.68240622
 1.68221759 1.68202913 1.68184961 1.68168631 1.68154542 1.68143233
 1.68135182 1.68130825 1.68130557 1.68134731 1.68143635 1.68157435
 1.68176053 1.76510598 1.76487122 1.76464525 1.76443583 1.76424932
 1.76409101 1.76396547 1.76387677 1.76382856 1.76382418 1.76386659
 1.76395817 1.76410017 1.84806086 1.84776372 1.84747763 1.84721074
 1.84696932 1.84675836 1.84658199 1.84644376 1.84634683 1.8462941
 1.84628821 1.84633151 1.84642588]","[0.82417493 0.90677273 0.98935864 1.07192095 1.15444726 0.74127604
 0.8238967  0.90651145 0.98910874 1.07167707 1.15420412 1.23667577
 0.74098602 0.82363336 0.90626862 0.98888076 1.07145866 1.15399021
 1.23646133 1.31885483 0.65803036 0.7407159  0.82339392 0.90605342
 0.98868408 1.07127532 1.1538154  1.23629044 1.31868324 0.57501641
 0.65774839 0.74047639 0.82318911 0.90587663 0.98852951 1.07113792
 1.15369066 1.23617423 1.31857162 1.40086095 0.57471857 0.65750752
 0.74028265 0.82303418 0.9057535  0.98843226 1.0710615  1.15363079
 1.23612721 1.31853417 1.40083004 1.48298683 0.49161615 0.5744804
 0.65732955 0.74015393 0.82294588 0.90569864 0.98840542 1.07105862
 1.15364888 1.23616409 1.31858814 1.40089934 1.4830688  0.40837361
 0.49133461 0.57427595 0.65718797 0.74006389 0.82289848 0.90568702
 0.98842449 1.07110478 1.15371987 1.23625888 1.31870678 1.40104293
 1.48323941 0.40803785 0.4911016  0.57412513 0.65710323 0.74003279
 0.82291157 0.90573732 0.98850711 1.07121663 1.15385947 1.2364262
 1.31890316 1.40127094 0.32453457 0.40776718 0.49093811 0.57404548
 0.65708977 0.74007233 0.8229945  0.90585693 0.98865908 1.07139871
 1.15407129 1.23666913 1.31918031]"
456.1872510132539,274.4698735941875,0.14509544663662322,0.20352200976691232,0.0007212025585582907,0.005536878325000717,0.0006294904770719379,0.005451455488541517,0.0017265459473692069,0.008484095497332589,123,"[1.10231321 1.10231321 1.10231321 1.10231321 1.10231321 1.10231321
 1.10231321 1.10231321 1.10231321 1.1849867  1.1849867  1.1849867
 1.1849867  1.1849867  1.1849867  1.1849867  1.1849867  1.1849867
 1.26766019 1.26766019 1.26766019 1.26766019 1.26766019 1.26766019
 1.26766019 1.26766019 1.26766019 1.26766019 1.26766019 1.35033368
 1.35033368 1.35033368 1.35033368 1.35033368 1.35033368 1.35033368
 1.35033368 1.35033368 1.35033368 1.35033368 1.35033368 1.43300718
 1.43300718 1.43300718 1.43300718 1.43300718 1.43300718 1.43300718
 1.43300718 1.43300718 1.43300718 1.43300718 1.43300718 1.43300718
 1.51568067 1.51568067 1.51568067 1.51568067 1.51568067 1.51568067
 1.51568067 1.51568067 1.51568067 1.51568067 1.51568067 1.51568067
 1.51568067 1.51568067 1.59835416 1.59835416 1.59835416 1.59835416
 1.59835416 1.59835416 1.59835416 1.59835416 1.59835416 1.59835416
 1.59835416 1.59835416 1.59835416 1.59835416 1.68102765 1.68102765
 1.68102765 1.68102765 1.68102765 1.68102765 1.68102765 1.68102765
 1.68102765 1.68102765 1.68102765 1.68102765 1.68102765 1.68102765
 1.76370114 1.76370114 1.76370114 1.76370114 1.76370114 1.76370114
 1.76370114 1.76370114 1.76370114 1.76370114 1.76370114 1.76370114
 1.76370114 1.76370114 1.84637463 1.84637463 1.84637463 1.84637463
 1.84637463 1.84637463 1.84637463 1.84637463 1.84637463 1.84637463
 1.84637463 1.84637463 1.84637463]","[0.57871444 0.66138793 0.74406142 0.82673491 0.9094084  0.99208189
 1.07475538 1.15742887 1.24010236 0.57871444 0.66138793 0.74406142
 0.82673491 0.9094084  0.99208189 1.07475538 1.15742887 1.24010236
 0.49604095 0.57871444 0.66138793 0.74406142 0.82673491 0.9094084
 0.99208189 1.07475538 1.15742887 1.24010236 1.32277585 0.49604095
 0.57871444 0.66138793 0.74406142 0.82673491 0.9094084  0.99208189
 1.07475538 1.15742887 1.24010236 1.32277585 1.40544935 0.41336745
 0.49604095 0.57871444 0.66138793 0.74406142 0.82673491 0.9094084
 0.99208189 1.07475538 1.15742887 1.24010236 1.32277585 1.40544935
 0.41336745 0.49604095 0.57871444 0.66138793 0.74406142 0.82673491
 0.9094084  0.99208189 1.07475538 1.15742887 1.24010236 1.32277585
 1.40544935 1.48812284 0.41336745 0.49604095 0.57871444 0.66138793
 0.74406142 0.82673491 0.9094084  0.99208189 1.07475538 1.15742887
 1.24010236 1.32277585 1.40544935 1.48812284 0.33069396 0.41336745
 0.49604095 0.57871444 0.66138793 0.74406142 0.82673491 0.9094084
 0.99208189 1.07475538 1.15742887 1.24010236 1.32277585 1.40544935
 0.33069396 0.41336745 0.49604095 0.57871444 0.66138793 0.74406142
 0.82673491 0.9094084  0.99208189 1.07475538 1.15742887 1.24010236
 1.32277585 1.40544935 0.33069396 0.41336745 0.49604095 0.57871444
 0.66138793 0.74406142 0.82673491 0.9094084  0.99208189 1.07475538
 1.15742887 1.24010236 1.32277585]","[1.10311607 1.10305282 1.10297634 1.10289346 1.10281075 1.10273449
 1.10267069 1.10262505 1.10260285 1.18582691 1.18576012 1.1856824
 1.18560076 1.18552183 1.18545186 1.18539673 1.1853619  1.18535236
 1.2686071  1.26854874 1.26847437 1.26839166 1.26830775 1.26822925
 1.26816234 1.26811271 1.2680856  1.26808564 1.26811652 1.35134783
 1.35127494 1.35118878 1.35109724 1.35100751 1.35092618 1.35085926
 1.35081224 1.35079009 1.35079708 1.35083646 1.35090977 1.43416361
 1.43409006 1.4339976  1.43389519 1.43379086 1.43369179 1.43360445
 1.43353465 1.43348767 1.43346814 1.43348    1.43352606 1.4336073
 1.51692559 1.51682297 1.51670522 1.51658156 1.51646007 1.51634784
 1.51625119 1.51617577 1.51612658 1.51610801 1.5161236  1.51617573
 1.51626479 1.51638772 1.59966447 1.59952599 1.59937786 1.59922927
 1.59908802 1.59896081 1.59885346 1.59877106 1.59871812 1.59869856
 1.59871559 1.59877143 1.59886658 1.5989985  1.68256548 1.68240105
 1.68222254 1.68204073 1.68186446 1.68170108 1.68155675 1.68143676
 1.6813457  1.68128755 1.68126575 1.68128303 1.68134111 1.68143998
 1.76534525 1.76512397 1.76489748 1.76467597 1.76446751 1.76427864
 1.76411475 1.76398039 1.76387947 1.76381538 1.76379098 1.76380854
 1.76386941 1.76397333 1.84810118 1.84781318 1.84753182 1.84726589
 1.84702212 1.84680578 1.84662115 1.84647183 1.84636087 1.84629092
 1.84626425 1.8462826  1.84634695]","[0.57568941 0.65812483 0.7406004  0.82309841 0.90560312 0.98809989
 1.07057436 1.15301163 1.23539527 0.57516145 0.65764577 0.74016276
 0.82269512 0.90522752 0.9877457  1.07023565 1.15268263 1.23507022
 0.49214212 0.57463715 0.65717629 0.73973983 0.8223111  0.90487543
 0.98741917 1.06992877 1.15238982 1.23478606 1.31709842 0.49155811
 0.57412435 0.65672461 0.73934009 0.82195509 0.90455587 0.98712956
 1.06966326 1.15214303 1.23455294 1.31687402 1.39908337 0.40838655
 0.49098747 0.57363287 0.65630081 0.73897386 0.82163762 0.90427951
 0.98688766 1.06945001 1.15195329 1.23438206 1.31671762 1.39893714
 0.40774025 0.49044367 0.57317676 0.65591946 0.7386561  0.82137392
 0.90406172 0.98670889 1.06930436 1.15183575 1.23428828 1.31664378
 1.39887965 1.48096859 0.40713544 0.48995163 0.57277971 0.65560227
 0.73840619 0.82118096 0.90391743 0.98660673 1.0692393  1.15180397
 1.23428688 1.31667034 1.39893166 1.48104238 0.32362097 0.40654669
 0.48948421 0.5724136  0.65532101 0.73819641 0.82103197 0.90382084
 0.98655612 1.06922998 1.15183275 1.23435187 1.31677079 1.39906771
 0.32289781 0.40598698 0.48905848 0.57209795 0.65509632 0.73804761
 0.82094738 0.9037916  0.9865758  1.06929421 1.15193897 1.23449914
 1.31695954 1.39929941 0.32220987 0.40547922 0.48869493 0.57185049
 0.65494324 0.73797236 0.82093757 0.90383825 0.98667276 1.06943777
 1.15212758 1.23473319 1.3172412 ]"
364.17547487377857,367.2258801519661,0.13999940911883466,0.20762229006402785,0.0007730626119388381,0.0045009277545921276,0.0006765677251022219,0.004435939247036336,0.0018972652539550605,0.00713422043591877,111,"[1.10231321 1.10231321 1.10231321 1.10231321 1.10231321 1.10231321
 1.1849867  1.1849867  1.1849867  1.1849867  1.1849867  1.1849867
 1.1849867  1.26766019 1.26766019 1.26766019 1.26766019 1.26766019
 1.26766019 1.26766019 1.26766019 1.26766019 1.35033368 1.35033368
 1.35033368 1.35033368 1.35033368 1.35033368 1.35033368 1.35033368
 1.35033368 1.35033368 1.35033368 1.43300718 1.43300718 1.43300718
 1.43300718 1.43300718 1.43300718 1.43300718 1.43300718 1.43300718
 1.43300718 1.43300718 1.51568067 1.51568067 1.51568067 1.51568067
 1.51568067 1.51568067 1.51568067 1.51568067 1.51568067 1.51568067
 1.51568067 1.51568067 1.51568067 1.59835416 1.59835416 1.59835416
 1.59835416 1.59835416 1.59835416 1.59835416 1.59835416 1.59835416
 1.59835416 1.59835416 1.59835416 1.59835416 1.59835416 1.68102765
 1.68102765 1.68102765 1.68102765 1.68102765 1.68102765 1.68102765
 1.68102765 1.68102765 1.68102765 1.68102765 1.68102765 1.68102765
 1.76370114 1.76370114 1.76370114 1.76370114 1.76370114 1.76370114
 1.76370114 1.76370114 1.76370114 1.76370114 1.76370114 1.76370114
 1.76370114 1.76370114 1.84637463 1.84637463 1.84637463 1.84637463
 1.84637463 1.84637463 1.84637463 1.84637463 1.84637463 1.84637463
 1.84637463 1.84637463 1.84637463]","[0.74406142 0.82673491 0.9094084  0.99208189 1.07475538 1.15742887
 0.74406142 0.82673491 0.9094084  0.99208189 1.07475538 1.15742887
 1.24010236 0.66138793 0.74406142 0.82673491 0.9094084  0.99208189
 1.07475538 1.15742887 1.24010236 1.32277585 0.57871444 0.66138793
 0.74406142 0.82673491 0.9094084  0.99208189 1.07475538 1.15742887
 1.24010236 1.32277585 1.40544935 0.57871444 0.66138793 0.74406142
 0.82673491 0.9094084  0.99208189 1.07475538 1.15742887 1.24010236
 1.32277585 1.40544935 0.49604095 0.57871444 0.66138793 0.74406142
 0.82673491 0.9094084  0.99208189 1.07475538 1.15742887 1.24010236
 1.32277585 1.40544935 1.48812284 0.41336745 0.49604095 0.57871444
 0.66138793 0.74406142 0.82673491 0.9094084  0.99208189 1.07475538
 1.15742887 1.24010236 1.32277585 1.40544935 1.48812284 0.41336745
 0.49604095 0.57871444 0.66138793 0.74406142 0.82673491 0.9094084
 0.99208189 1.07475538 1.15742887 1.24010236 1.32277585 1.40544935
 0.33069396 0.41336745 0.49604095 0.57871444 0.66138793 0.74406142
 0.82673491 0.9094084  0.99208189 1.07475538 1.15742887 1.24010236
 1.32277585 1.40544935 0.33069396 0.41336745 0.49604095 0.57871444
 0.66138793 0.74406142 0.82673491 0.9094084  0.99208189 1.07475538
 1.15742887 1.24010236 1.32277585]","[1.10304079 1.10294507 1.10285105 1.1027662  1.10269773 1.10265261
 1.1857557  1.1856617  1.18557253 1.18549563 1.18543805 1.1854065
 1.1854073  1.26856939 1.26847299 1.26837691 1.26828898 1.26821649
 1.2681663  1.26814479 1.26815788 1.2682107  1.3513922  1.35129063
 1.35118463 1.35108266 1.35099239 1.35092094 1.35087485 1.35086018
 1.35088239 1.35094605 1.35105416 1.4341207  1.43400106 1.43388124
 1.43376958 1.43367356 1.43359999 1.43355509 1.4335445  1.43357323
 1.43364529 1.43376299 1.51696889 1.5168305  1.5166876  1.51654946
 1.51642419 1.51631901 1.51624038 1.51619418 1.51618563 1.51621927
 1.51629851 1.51642497 1.5165968  1.59983632 1.59967288 1.59950098
 1.59933108 1.59917199 1.59903123 1.59891535 1.59883019 1.59878094
 1.59877229 1.59880828 1.59889204 1.59902508 1.59920589 1.68256999
 1.68236196 1.68215325 1.6819537  1.6817714  1.68161315 1.68148478
 1.68139142 1.68133763 1.68132746 1.68136433 1.68145078 1.68158771
 1.76553732 1.7652793  1.76501931 1.76476845 1.7645354  1.76432714
 1.76414944 1.7640072  1.76390468 1.76384568 1.76383355 1.76387114
 1.76396045 1.76410203 1.84827189 1.84794238 1.84762481 1.84732829
 1.8470597  1.84682443 1.84662685 1.84647069 1.84635919 1.84629527
 1.84628154 1.84632019 1.84641277]","[0.74121369 0.82379044 0.90636862 0.98893489 1.07147617 1.15397873
 0.74086109 0.82346504 0.90606387 0.98864459 1.07119435 1.15369954
 1.23614479 0.65788697 0.74052106 0.82315651 0.90577995 0.98837895
 1.0709411  1.15345305 1.23589954 1.31826223 0.57485434 0.65752501
 0.74020324 0.82287471 0.90552695 0.98814831 1.07072701 1.15325018
 1.23570281 1.31806665 1.40031909 0.57446154 0.65719164 0.7399192
 0.82263124 0.90531649 0.98796434 1.07056384 1.15310278 1.23556663
 1.31793741 1.40019254 0.49131129 0.57410683 0.65690267 0.73968482
 0.82244202 0.90516448 0.98784283 1.07046718 1.15302619 1.23550601
 1.31788921 1.40015349 1.48227095 0.40805438 0.49093433 0.5738148
 0.65668043 0.73951989 0.82232433 0.90508601 0.98779736 1.07044999
 1.15303379 1.23553585 1.31793928 1.40022181 1.48235464 0.40760273
 0.49059247 0.57356247 0.65650122 0.73940073 0.82225491 0.9050584
 0.98780563 1.07048994 1.15310271 1.23563238 1.31806321 1.40037393
 0.32405518 0.40719636 0.49030517 0.57337047 0.6563859  0.73934769
 0.82225322 0.90509999 0.98788482 1.07060309 1.15324799 1.23580954
 1.31827343 1.40061958 0.32355974 0.40686096 0.49009423 0.57325684
 0.65634908 0.73937241 0.82232835 0.90521775 0.98804016 1.07079333
 1.1534725  1.23606961 1.31857215]"
359.12392995275735,253.8356529748291,0.20682871567649835,0.21422367183297478,0.0008477440824425783,0.006040629499539844,0.0007334525478683939,0.005942831766570373,0.002049031736286011,0.009405559948018893,126,"[1.01963972 1.10231321 1.10231321 1.10231321 1.10231321 1.10231321
 1.10231321 1.10231321 1.10231321 1.10231321 1.1849867  1.1849867
 1.1849867  1.1849867  1.1849867  1.1849867  1.1849867  1.1849867
 1.1849867  1.26766019 1.26766019 1.26766019 1.26766019 1.26766019
 1.26766019 1.26766019 1.26766019 1.26766019 1.26766019 1.26766019
 1.35033368 1.35033368 1.35033368 1.35033368 1.35033368 1.35033368
 1.35033368 1.35033368 1.35033368 1.35033368 1.35033368 1.35033368
 1.43300718 1.43300718 1.43300718 1.43300718 1.43300718 1.43300718
 1.43300718 1.43300718 1.43300718 1.43300718 1.43300718 1.43300718
 1.43300718 1.51568067 1.51568067 1.51568067 1.51568067 1.51568067
 1.51568067 1.51568067 1.51568067 1.51568067 1.51568067 1.51568067
 1.51568067 1.51568067 1.51568067 1.59835416 1.59835416 1.59835416
 1.59835416 1.59835416 1.59835416 1.59835416 1.59835416 1.59835416
 1.59835416 1.59835416 1.59835416 1.59835416 1.59835416 1.59835416
 1.68102765 1.68102765 1.68102765 1.68102765 1.68102765 1.68102765
 1.68102765 1.68102765 1.68102765 1.68102765 1.68102765 1.68102765
 1.68102765 1.68102765 1.68102765 1.76370114 1.76370114 1.76370114
 1.76370114 1.76370114 1.76370114 1.76370114 1.76370114 1.76370114
 1.76370114 1.76370114 1.76370114 1.76370114 1.76370114 1.84637463
 1.84637463 1.84637463 1.84637463 1.84637463 1.84637463 1.84637463
 1.84637463 1.84637463 1.84637463 1.84637463 1.84637463 1.84637463]","[1.15742887 0.57871444 0.66138793 0.74406142 0.82673491 0.9094084
 0.99208189 1.07475538 1.15742887 1.24010236 0.57871444 0.66138793
 0.74406142 0.82673491 0.9094084  0.99208189 1.07475538 1.15742887
 1.24010236 0.49604095 0.57871444 0.66138793 0.74406142 0.82673491
 0.9094084  0.99208189 1.07475538 1.15742887 1.24010236 1.32277585
 0.49604095 0.57871444 0.66138793 0.74406142 0.82673491 0.9094084
 0.99208189 1.07475538 1.15742887 1.24010236 1.32277585 1.40544935
 0.41336745 0.49604095 0.57871444 0.66138793 0.74406142 0.82673491
 0.9094084  0.99208189 1.07475538 1.15742887 1.24010236 1.32277585
 1.40544935 0.41336745 0.49604095 0.57871444 0.66138793 0.74406142
 0.82673491 0.9094084  0.99208189 1.07475538 1.15742887 1.24010236
 1.32277585 1.40544935 1.48812284 0.33069396 0.41336745 0.49604095
 0.57871444 0.66138793 0.74406142 0.82673491 0.9094084  0.99208189
 1.07475538 1.15742887 1.24010236 1.32277585 1.40544935 1.48812284
 0.33069396 0.41336745 0.49604095 0.57871444 0.66138793 0.74406142
 0.82673491 0.9094084  0.99208189 1.07475538 1.15742887 1.24010236
 1.32277585 1.40544935 1.48812284 0.33069396 0.41336745 0.49604095
 0.57871444 0.66138793 0.74406142 0.82673491 0.9094084  0.99208189
 1.07475538 1.15742887 1.24010236 1.32277585 1.40544935 0.33069396
 0.41336745 0.49604095 0.57871444 0.66138793 0.74406142 0.82673491
 0.9094084  0.99208189 1.07475538 1.15742887 1.24010236 1.32277585]","[1.01989924 1.10322457 1.10315299 1.10306567 1.10297043 1.1028748
 1.10278599 1.10271085 1.10265582 1.1026268  1.18594922 1.18587282
 1.18578319 1.18568843 1.18559621 1.18551372 1.18544772 1.18540438
 1.18538923 1.26875234 1.26868572 1.26859984 1.26850362 1.26840539
 1.26831286 1.26823316 1.26817281 1.26813774 1.26813304 1.26816257
 1.35151085 1.35142671 1.35132639 1.35121915 1.35111344 1.35101693
 1.35093657 1.35087865 1.35084875 1.35085151 1.35089026 1.35096605
 1.43435561 1.43427091 1.43416328 1.43404334 1.43392056 1.43380337
 1.43369931 1.4336151  1.43355671 1.43352935 1.43353721 1.43358307
 1.4336673  1.51714001 1.51702074 1.51688302 1.5167378  1.5165946
 1.51646177 1.5163466  1.51625554 1.51619425 1.51616752 1.51617911
 1.51623123 1.5163236  1.51645158 1.60003787 1.59990113 1.59973934
 1.59956555 1.59939072 1.59922406 1.59907339 1.59894543 1.59884599
 1.5987801  1.59875201 1.59876506 1.5988212  1.59892013 1.59905762
 1.68284853 1.68265581 1.68244595 1.68223189 1.68202414 1.68183129
 1.68166047 1.68151772 1.68140819 1.68133626 1.68130559 1.68131894
 1.68137774 1.6814812  1.68162454 1.76565124 1.76539068 1.76512397
 1.76486322 1.76461793 1.7643956  1.76420235 1.76404327 1.76392262
 1.76384406 1.76381058 1.76382437 1.76388647 1.76399587 1.84842366
 1.84808416 1.8477532  1.84744104 1.84715531 1.84690189 1.84668545
 1.84650982 1.84637824 1.84629345 1.8462577  1.84627264 1.84633889]","[1.15306122 0.57541468 0.65783594 0.74030154 0.82279202 0.90529008
 0.98777967 1.07024518 1.1526705  1.23503811 0.57483334 0.65730828
 0.73981955 0.82234798 0.90487663 0.98738986 1.06987236 1.15230825
 1.23468007 0.49176846 0.57425473 0.65679025 0.73935307 0.82192461
 0.9044886  0.98703002 1.06953409 1.15198531 1.23436645 1.31665767
 0.49112243 0.5736877  0.65629119 0.73891179 0.82153193 0.90413631
 0.98671079 1.06924132 1.15171297 1.23410892 1.31640954 1.39859172
 0.40788623 0.49048965 0.57314335 0.65582249 0.73850735 0.82118177
 0.90383173 0.98644422 1.0690062  1.1515035  1.23391992 1.3162362
 1.39842939 0.40716643 0.48988492 0.57263707 0.65539996 0.73815583
 0.82089034 0.9035911  0.98624653 1.06884479 1.15137272 1.23381495
 1.31615281 1.39836369 1.48042127 0.3236831  0.4064881  0.48933403
 0.57219335 0.6550461  0.73787735 0.82067534 0.90343003 0.98613182
 1.06877058 1.15133456 1.23380941 1.31617707 1.39841488 1.48049544
 0.32286004 0.40583086 0.48881492 0.57178905 0.65473735 0.73764856
 0.82051406 0.90332648 0.98607855 1.06876211 1.15136712 1.23388067
 1.31628589 1.39856094 1.48067872 0.32205284 0.40521044 0.48834668
 0.57144494 0.65449501 0.73749043 0.82042659 0.90329945 0.98610456
 1.06883611 1.15148612 1.23404343 1.31649258 1.3988127  0.3212884
 0.40465178 0.48795122 0.5711796  0.65433442 0.73741538 0.82042282
 0.90335671 0.98621585 1.06899723 1.15169523 1.23430081 1.31680033]"
378.8607525257735,261.5213083140939,0.1866579472337678,0.24468042880267601,0.0008184867245942006,0.005878606737257875,0.000708432274150996,0.005786085913197879,0.0019694455585392845,0.009105719641010424,126,"[1.10231321 1.10231321 1.10231321 1.10231321 1.10231321 1.10231321
 1.10231321 1.10231321 1.10231321 1.1849867  1.1849867  1.1849867
 1.1849867  1.1849867  1.1849867  1.1849867  1.1849867  1.1849867
 1.26766019 1.26766019 1.26766019 1.26766019 1.26766019 1.26766019
 1.26766019 1.26766019 1.26766019 1.26766019 1.26766019 1.35033368
 1.35033368 1.35033368 1.35033368 1.35033368 1.35033368 1.35033368
 1.35033368 1.35033368 1.35033368 1.35033368 1.35033368 1.43300718
 1.43300718 1.43300718 1.43300718 1.43300718 1.43300718 1.43300718
 1.43300718 1.43300718 1.43300718 1.43300718 1.43300718 1.43300718
 1.51568067 1.51568067 1.51568067 1.51568067 1.51568067 1.51568067
 1.51568067 1.51568067 1.51568067 1.51568067 1.51568067 1.51568067
 1.51568067 1.51568067 1.59835416 1.59835416 1.59835416 1.59835416
 1.59835416 1.59835416 1.59835416 1.59835416 1.59835416 1.59835416
 1.59835416 1.59835416 1.59835416 1.59835416 1.59835416 1.68102765
 1.68102765 1.68102765 1.68102765 1.68102765 1.68102765 1.68102765
 1.68102765 1.68102765 1.68102765 1.68102765 1.68102765 1.68102765
 1.68102765 1.68102765 1.76370114 1.76370114 1.76370114 1.76370114
 1.76370114 1.76370114 1.76370114 1.76370114 1.76370114 1.76370114
 1.76370114 1.76370114 1.76370114 1.76370114 1.84637463 1.84637463
 1.84637463 1.84637463 1.84637463 1.84637463 1.84637463 1.84637463
 1.84637463 1.84637463 1.84637463 1.84637463 1.84637463 1.84637463]","[0.57871444 0.66138793 0.74406142 0.82673491 0.9094084  0.99208189
 1.07475538 1.15742887 1.24010236 0.57871444 0.66138793 0.74406142
 0.82673491 0.9094084  0.99208189 1.07475538 1.15742887 1.24010236
 0.49604095 0.57871444 0.66138793 0.74406142 0.82673491 0.9094084
 0.99208189 1.07475538 1.15742887 1.24010236 1.32277585 0.49604095
 0.57871444 0.66138793 0.74406142 0.82673491 0.9094084  0.99208189
 1.07475538 1.15742887 1.24010236 1.32277585 1.40544935 0.41336745
 0.49604095 0.57871444 0.66138793 0.74406142 0.82673491 0.9094084
 0.99208189 1.07475538 1.15742887 1.24010236 1.32277585 1.40544935
 0.41336745 0.49604095 0.57871444 0.66138793 0.74406142 0.82673491
 0.9094084  0.99208189 1.07475538 1.15742887 1.24010236 1.32277585
 1.40544935 1.48812284 0.33069396 0.41336745 0.49604095 0.57871444
 0.66138793 0.74406142 0.82673491 0.9094084  0.99208189 1.07475538
 1.15742887 1.24010236 1.32277585 1.40544935 1.48812284 0.33069396
 0.41336745 0.49604095 0.57871444 0.66138793 0.74406142 0.82673491
 0.9094084  0.99208189 1.07475538 1.15742887 1.24010236 1.32277585
 1.40544935 1.48812284 0.33069396 0.41336745 0.49604095 0.57871444
 0.66138793 0.74406142 0.82673491 0.9094084  0.99208189 1.07475538
 1.15742887 1.24010236 1.32277585 1.40544935 0.33069396 0.41336745
 0.49604095 0.57871444 0.66138793 0.74406142 0.82673491 0.9094084
 0.99208189 1.07475538 1.15742887 1.24010236 1.32277585 1.40544935]","[1.10319935 1.10312947 1.10304448 1.10295199 1.10285934 1.10277352
 1.10270123 1.10264876 1.10262188 1.18592058 1.18584621 1.1857592
 1.18566744 1.18557836 1.18549895 1.18543577 1.18539489 1.18538171
 1.26871839 1.26865344 1.26857006 1.2684769  1.26838201 1.26829287
 1.26821638 1.26815892 1.26812626 1.26812342 1.2681543  1.35147247
 1.35139072 1.35129357 1.35118996 1.35108805 1.35099527 1.35091836
 1.35086344 1.35083598 1.35084057 1.35088058 1.35095725 1.43431043
 1.43422803 1.43412375 1.43400782 1.43388937 1.43377656 1.43367666
 1.4335962  1.43354101 1.43351618 1.43352588 1.43357296 1.43365801
 1.51708915 1.5169735  1.51684031 1.51670011 1.51656208 1.51643427
 1.51632376 1.51623682 1.51617895 1.51615489 1.51616838 1.51622172
 1.51631487 1.51644367 1.59997719 1.5998445  1.59968796 1.59952011
 1.59935148 1.59919094 1.59904605 1.5989233  1.59882836 1.59876616
 1.59874088 1.59875586 1.59881318 1.59891279 1.59905097 1.68278059
 1.68259422 1.6823916  1.68218513 1.6819849  1.68179921 1.68163496
 1.681498   1.68139337 1.68132537 1.68129762 1.68131292 1.68137281
 1.68147675 1.68162043 1.76557687 1.76532539 1.76506814 1.76481675
 1.76458034 1.76436621 1.76418029 1.76402753 1.76391214 1.76383771
 1.76380722 1.76382294 1.76388599 1.76399561 1.84834408 1.84801674
 1.84769764 1.84739663 1.84712113 1.84687687 1.84666842 1.84649956
 1.84637349 1.84629296 1.84626023 1.84627699 1.84634401 1.84646042]","[0.57550434 0.65793313 0.74040481 0.82290046 0.90540322 0.98789747
 1.07036797 1.15279897 1.23517328 0.57494126 0.65742217 0.73993811
 0.82247045 0.90500274 0.98751975 1.07000655 1.15244759 1.23482574
 0.49188897 0.57438112 0.65692078 0.73948663 0.82206067 0.90462709
 0.98717128 1.06967884 1.15213458 1.23452155 1.31682012 0.49126377
 0.57383254 0.65643803 0.7390598  0.82168082 0.90428627 0.98686238
 1.06939546 1.15187087 1.23427204 1.31657952 1.39877023 0.4080458
 0.49065194 0.57330635 0.65598503 0.73866894 0.82134243 0.90399193
 0.9866048  1.06916825 1.15166843 1.23408933 1.31641186 1.39861305
 0.40735048 0.49006799 0.57281763 0.65557729 0.73832986 0.82106148
 0.90376013 0.98641454 1.06901311 1.15154292 1.23398878 1.31633214
 1.39855039 1.48061685 0.32389521 0.40669691 0.48953755 0.57239069
 0.65523713 0.73806251 0.82085549 0.90360628 0.98630556 1.06894337
 1.15150817 1.23398573 1.31635811 1.39860262 1.4806915  0.32310203
 0.40606361 0.48903741 0.57200127 0.65493994 0.73784256 0.8207008
 0.90350749 0.98625551 1.06893681 1.1515415  1.23405677 1.31646585
 1.3987469  1.48087253 0.32232423 0.40546573 0.48858624 0.57166987
 0.65470685 0.73769092 0.8206176  0.90348291 0.98628242 1.06901039
 1.1516589  1.23421686 1.31666891 1.39899419 0.32158824 0.40492783
 0.48820565 0.57141489 0.65455315 0.73762007 0.82061588 0.90354045
 0.98639252 1.069169   1.1518643  1.23446941 1.31697077 1.39934893]"
318.4293590439499,211.16845036336176,0.16236306763172625,0.25142296374066325,0.0009923225898966713,0.007116125311400712,0.0008362725872601322,0.006967120356927498,0.0026585389464925946,0.0118829698551019,139,"[1.01963972 1.01963972 1.01963972 1.10231321 1.10231321 1.10231321
 1.10231321 1.10231321 1.10231321 1.10231321 1.10231321 1.10231321
 1.10231321 1.1849867  1.1849867  1.1849867  1.1849867  1.1849867
 1.1849867  1.1849867  1.1849867  1.1849867  1.1849867  1.1849867
 1.26766019 1.26766019 1.26766019 1.26766019 1.26766019 1.26766019
 1.26766019 1.26766019 1.26766019 1.26766019 1.26766019 1.26766019
 1.35033368 1.35033368 1.35033368 1.35033368 1.35033368 1.35033368
 1.35033368 1.35033368 1.35033368 1.35033368 1.35033368 1.35033368
 1.35033368 1.43300718 1.43300718 1.43300718 1.43300718 1.43300718
 1.43300718 1.43300718 1.43300718 1.43300718 1.43300718 1.43300718
 1.43300718 1.43300718 1.43300718 1.51568067 1.51568067 1.51568067
 1.51568067 1.51568067 1.51568067 1.51568067 1.51568067 1.51568067
 1.51568067 1.51568067 1.51568067 1.51568067 1.51568067 1.51568067
 1.59835416 1.59835416 1.59835416 1.59835416 1.59835416 1.59835416
 1.59835416 1.59835416 1.59835416 1.59835416 1.59835416 1.59835416
 1.59835416 1.59835416 1.59835416 1.68102765 1.68102765 1.68102765
 1.68102765 1.68102765 1.68102765 1.68102765 1.68102765 1.68102765
 1.68102765 1.68102765 1.68102765 1.68102765 1.68102765 1.68102765
 1.68102765 1.76370114 1.76370114 1.76370114 1.76370114 1.76370114
 1.76370114 1.76370114 1.76370114 1.76370114 1.76370114 1.76370114
 1.76370114 1.76370114 1.76370114 1.76370114 1.84637463 1.84637463
 1.84637463 1.84637463 1.84637463 1.84637463 1.84637463 1.84637463
 1.84637463 1.84637463 1.84637463 1.84637463 1.84637463 1.84637463
 1.84637463]","[0.99208189 1.07475538 1.15742887 0.49604095 0.57871444 0.66138793
 0.74406142 0.82673491 0.9094084  0.99208189 1.07475538 1.15742887
 1.24010236 0.49604095 0.57871444 0.66138793 0.74406142 0.82673491
 0.9094084  0.99208189 1.07475538 1.15742887 1.24010236 1.32277585
 0.41336745 0.49604095 0.57871444 0.66138793 0.74406142 0.82673491
 0.9094084  0.99208189 1.07475538 1.15742887 1.24010236 1.32277585
 0.41336745 0.49604095 0.57871444 0.66138793 0.74406142 0.82673491
 0.9094084  0.99208189 1.07475538 1.15742887 1.24010236 1.32277585
 1.40544935 0.33069396 0.41336745 0.49604095 0.57871444 0.66138793
 0.74406142 0.82673491 0.9094084  0.99208189 1.07475538 1.15742887
 1.24010236 1.32277585 1.40544935 0.33069396 0.41336745 0.49604095
 0.57871444 0.66138793 0.74406142 0.82673491 0.9094084  0.99208189
 1.07475538 1.15742887 1.24010236 1.32277585 1.40544935 1.48812284
 0.33069396 0.41336745 0.49604095 0.57871444 0.66138793 0.74406142
 0.82673491 0.9094084  0.99208189 1.07475538 1.15742887 1.24010236
 1.32277585 1.40544935 1.48812284 0.24802047 0.33069396 0.41336745
 0.49604095 0.57871444 0.66138793 0.74406142 0.82673491 0.9094084
 0.99208189 1.07475538 1.15742887 1.24010236 1.32277585 1.40544935
 1.48812284 0.24802047 0.33069396 0.41336745 0.49604095 0.57871444
 0.66138793 0.74406142 0.82673491 0.9094084  0.99208189 1.07475538
 1.15742887 1.24010236 1.32277585 1.40544935 0.24802047 0.33069396
 0.41336745 0.49604095 0.57871444 0.66138793 0.74406142 0.82673491
 0.9094084  0.99208189 1.07475538 1.15742887 1.24010236 1.32277585
 1.40544935]","[1.02008919 1.01999289 1.01991305 1.10333504 1.10328769 1.10321433
 1.10312316 1.10302228 1.10291951 1.10282236 1.10273787 1.10267258
 1.10263222 1.1860768  1.18602199 1.18594286 1.18584826 1.1857467
 1.18564625 1.18555443 1.1854782  1.18542385 1.18539669 1.18540066
 1.26887324 1.26883715 1.26876914 1.26867907 1.26857637 1.26846989
 1.2683678  1.26827759 1.26820604 1.26815911 1.26814169 1.26815705
 1.35166661 1.35160895 1.35152151 1.351415   1.35129934 1.35118359
 1.35107592 1.3509837  1.35091344 1.35087076 1.35086004 1.35088396
 1.35094232 1.43451835 1.43447047 1.43438347 1.43426988 1.43414114
 1.43400752 1.43387815 1.43376109 1.43366348 1.43359151 1.43355037
 1.43354398 1.43357441 1.43364074 1.51736316 1.51727375 1.51714865
 1.5170015  1.51684427 1.5166874  1.51653992 1.51640971 1.51630358
 1.51622737 1.51618586 1.51618247 1.51621867 1.51629287 1.51639826
 1.60019836 1.60005574 1.59988346 1.59969592 1.59950524 1.59932158
 1.59915349 1.59900822 1.59889192 1.59880979 1.598766   1.59876352
 1.59880355 1.59888445 1.59899979 1.68320274 1.68303668 1.68283153
 1.68260516 1.68237207 1.68214398 1.68193039 1.68173914 1.68157672
 1.68144854 1.68135909 1.68131192 1.68130942 1.68135226 1.68143837
 1.68156086 1.76612286 1.76586844 1.76558706 1.76529659 1.76501074
 1.76474014 1.76449312 1.76427634 1.76409523 1.76395425 1.76385704
 1.76380646 1.76380431 1.76385091 1.76394404 1.84903317 1.84867097
 1.84830021 1.847937   1.84759298 1.84727666 1.8469945  1.84675148
 1.84655162 1.84639819 1.84629385 1.84624066 1.84623986 1.84629142
 1.84639319]","[0.98750941 1.06991367 1.15228346 0.4926399  0.57491937 0.65727653
 0.73968644 0.82212734 0.90457977 0.98702572 1.06944779 1.15182823
 1.23414811 0.49188142 0.57423126 0.65665037 0.73911376 0.82159983
 0.90408943 0.98656494 1.06900929 1.151405   1.23373332 1.3159734
 0.40877463 0.49111536 0.57354505 0.65603417 0.7385579  0.82109511
 0.90362732 0.98613755 1.06860929 1.15102555 1.23336789 1.31561569
 0.40790663 0.49034965 0.57286984 0.65543771 0.73802911 0.8206239
 0.90320455 0.98575502 1.06825964 1.15070207 1.2330644  1.31532636
 1.39746513 0.32457447 0.40703555 0.48959517 0.57221718 0.65487298
 0.73753975 0.82019874 0.90283382 0.9854302  1.0679733  1.15044767
 1.23283612 1.31511887 1.39727337 0.32356322 0.40617539 0.48886697
 0.57160289 0.65435635 0.73710648 0.81983649 0.90253203 0.9851799
 1.06776688 1.15027869 1.23269906 1.31500888 1.39718598 1.47920628
 0.32256739 0.40535186 0.48819084 0.57105174 0.65391072 0.73674992
 0.81955539 0.90231532 0.98501876 1.06765439 1.15020949 1.23266892
 1.31501424 1.39722318 1.47927047 0.23865671 0.32156919 0.40454622
 0.48754684 0.57054287 0.65351487 0.73644903 0.81933491 0.90216378
 0.98492731 1.06761641 1.15022025 1.23272527 1.31511417 1.39736537
 1.47945347 0.23740057 0.32057867 0.40377462 0.48695462 0.57009761
 0.65319052 0.73622502 0.81919528 0.9020964  0.98492326 1.06766947
 1.15032648 1.23288258 1.31532191 1.3976236  0.2361375  0.31962216
 0.40306225 0.4864366  0.56973502 0.65295338 0.73609054 0.81914646
 0.90212089 0.98501249 1.06781804 1.15053163 1.23314383 1.31564056
 1.39800211]"
280.18165916851893,203.9422676784078,0.18927197587641886,0.20939221501016408,0.0010717006272310328,0.007409982926665,0.0009034529743307488,0.0072505843832431655,0.0028826001116737388,0.01248124022609759,139,"[1.01963972 1.01963972 1.01963972 1.10231321 1.10231321 1.10231321
 1.10231321 1.10231321 1.10231321 1.10231321 1.10231321 1.10231321
 1.10231321 1.1849867  1.1849867  1.1849867  1.1849867  1.1849867
 1.1849867  1.1849867  1.1849867  1.1849867  1.1849867  1.1849867
 1.26766019 1.26766019 1.26766019 1.26766019 1.26766019 1.26766019
 1.26766019 1.26766019 1.26766019 1.26766019 1.26766019 1.26766019
 1.35033368 1.35033368 1.35033368 1.35033368 1.35033368 1.35033368
 1.35033368 1.35033368 1.35033368 1.35033368 1.35033368 1.35033368
 1.35033368 1.43300718 1.43300718 1.43300718 1.43300718 1.43300718
 1.43300718 1.43300718 1.43300718 1.43300718 1.43300718 1.43300718
 1.43300718 1.43300718 1.43300718 1.43300718 1.51568067 1.51568067
 1.51568067 1.51568067 1.51568067 1.51568067 1.51568067 1.51568067
 1.51568067 1.51568067 1.51568067 1.51568067 1.51568067 1.51568067
 1.51568067 1.59835416 1.59835416 1.59835416 1.59835416 1.59835416
 1.59835416 1.59835416 1.59835416 1.59835416 1.59835416 1.59835416
 1.59835416 1.59835416 1.59835416 1.59835416 1.68102765 1.68102765
 1.68102765 1.68102765 1.68102765 1.68102765 1.68102765 1.68102765
 1.68102765 1.68102765 1.68102765 1.68102765 1.68102765 1.68102765
 1.68102765 1.68102765 1.76370114 1.76370114 1.76370114 1.76370114
 1.76370114 1.76370114 1.76370114 1.76370114 1.76370114 1.76370114
 1.76370114 1.76370114 1.76370114 1.76370114 1.76370114 1.84637463
 1.84637463 1.84637463 1.84637463 1.84637463 1.84637463 1.84637463
 1.84637463 1.84637463 1.84637463 1.84637463 1.84637463 1.84637463
 1.84637463]","[0.99208189 1.07475538 1.15742887 0.49604095 0.57871444 0.66138793
 0.74406142 0.82673491 0.9094084  0.99208189 1.07475538 1.15742887
 1.24010236 0.49604095 0.57871444 0.66138793 0.74406142 0.82673491
 0.9094084  0.99208189 1.07475538 1.15742887 1.24010236 1.32277585
 0.41336745 0.49604095 0.57871444 0.66138793 0.74406142 0.82673491
 0.9094084  0.99208189 1.07475538 1.15742887 1.24010236 1.32277585
 0.41336745 0.49604095 0.57871444 0.66138793 0.74406142 0.82673491
 0.9094084  0.99208189 1.07475538 1.15742887 1.24010236 1.32277585
 1.40544935 0.33069396 0.41336745 0.49604095 0.57871444 0.66138793
 0.74406142 0.82673491 0.9094084  0.99208189 1.07475538 1.15742887
 1.24010236 1.32277585 1.40544935 1.48812284 0.33069396 0.41336745
 0.49604095 0.57871444 0.66138793 0.74406142 0.82673491 0.9094084
 0.99208189 1.07475538 1.15742887 1.24010236 1.32277585 1.40544935
 1.48812284 0.33069396 0.41336745 0.49604095 0.57871444 0.66138793
 0.74406142 0.82673491 0.9094084  0.99208189 1.07475538 1.15742887
 1.24010236 1.32277585 1.40544935 1.48812284 0.24802047 0.33069396
 0.41336745 0.49604095 0.57871444 0.66138793 0.74406142 0.82673491
 0.9094084  0.99208189 1.07475538 1.15742887 1.24010236 1.32277585
 1.40544935 1.48812284 0.24802047 0.33069396 0.41336745 0.49604095
 0.57871444 0.66138793 0.74406142 0.82673491 0.9094084  0.99208189
 1.07475538 1.15742887 1.24010236 1.32277585 1.40544935 0.24802047
 0.33069396 0.41336745 0.49604095 0.57871444 0.66138793 0.74406142
 0.82673491 0.9094084  0.99208189 1.07475538 1.15742887 1.24010236
 1.32277585]","[1.02011299 1.02000981 1.01992367 1.10339846 1.10334894 1.10327138
 1.10317447 1.10306684 1.10295683 1.10285242 1.10276112 1.10268981
 1.10264453 1.18615009 1.18609233 1.18600815 1.18590702 1.18579805
 1.18568988 1.18559056 1.18550751 1.18544736 1.1854157  1.18541652
 1.2689588  1.26892126 1.26884902 1.26875265 1.26864232 1.26852752
 1.26841705 1.26831894 1.26824041 1.26818777 1.2681661  1.26817868
 1.35176539 1.35170443 1.3516109  1.3514964  1.35137164 1.35124639
 1.35112947 1.35102876 1.35095122 1.35090274 1.35088788 1.35090924
 1.35096625 1.43463334 1.4345832  1.43449028 1.43436817 1.43422929
 1.43408477 1.43394446 1.43381708 1.43371024 1.43363053 1.43358339
 1.43357285 1.43360084 1.43366596 1.43376127 1.51749582 1.51740056
 1.51726616 1.51710749 1.51693757 1.51676773 1.51660771 1.51646597
 1.51634977 1.5162653  1.5162175  1.51620985 1.51624365 1.51631678
 1.51642142 1.60034952 1.60019645 1.60001074 1.59980814 1.59960186
 1.59940291 1.5992205  1.59906239 1.59893514 1.59884418 1.59879385
 1.59878708 1.59882485 1.59890495 1.59901988 1.68338361 1.68320507
 1.68298362 1.68273887 1.68248667 1.68223977 1.68200844 1.68180105
 1.68162451 1.68148453 1.68138578 1.68133188 1.68132514 1.681366
 1.68145182 1.68157472 1.76632641 1.76605136 1.76574687 1.76543256
 1.76512337 1.76483078 1.76456368 1.76432913 1.76413281 1.76397936
 1.76387253 1.76381514 1.76380892 1.76385391 1.76394737 1.84925723
 1.84886465 1.84846322 1.8480705  1.84769899 1.84735773 1.84705347
 1.84679137 1.84657551 1.84640922 1.84629514 1.84623526 1.84623069
 1.84628115]","[0.98735291 1.06975182 1.15211532 0.49250032 0.57476792 0.65711671
 0.73952073 0.82195728 0.90440608 0.98684836 1.06926606 1.15164084
 1.23395329 0.49170793 0.57404868 0.65646212 0.73892212 0.82140604
 0.90389385 0.98636716 1.06880824 1.15119905 1.23352038 1.31575109
 0.40857587 0.49090642 0.57333058 0.65581737 0.73834068 0.82087831
 0.90341086 0.98592059 1.06839037 1.15080266 1.23313864 1.31537746
 0.4076666  0.4901042  0.57262334 0.65519291 0.7377874  0.82038556
 0.90296899 0.98552093 1.06802511 1.15046474 1.23282154 1.31507513
 1.39720291 0.32429685 0.40675262 0.48931286 0.57193928 0.65460153
 0.73727542 0.81994114 0.90258173 0.98518177 1.06772616 1.15019907
 1.23258304 1.31485821 1.39700235 1.47899246 0.3232336  0.40584867
 0.48854829 0.57129505 0.65406036 0.73682208 0.81956246 0.90226645
 0.98492033 1.06751049 1.15002235 1.23243944 1.31474267 1.39691017
 1.47891895 0.32218337 0.40498099 0.48783681 0.5707159  0.65359275
 0.7364484  0.81926814 0.90203963 0.98475156 1.06739234 1.14994905
 1.23240646 1.31474615 1.39694623 1.47898251 0.23819772 0.32113115
 0.4041338  0.48716145 0.57018383 0.65318016 0.73613581 0.81903989
 0.90188341 0.98465786 1.06735405 1.14996109 1.23246537 1.31484966
 1.39709268 1.47916997 0.2368718  0.3200889  0.40332482 0.486543
 0.56972085 0.65284454 0.73590542 0.8188976  0.90181623 0.98465627
 1.06741142 1.15007316 1.23262983 1.31506565 1.39735999 0.23553923
 0.31908434 0.40258038 0.48600459 0.56934635 0.65260162 0.73576962
 0.81885075 0.90184519 0.98475195 1.06756808 1.15028786 1.23290196
 1.31539639]"
351.36828922029446,401.1328920420714,0.15776015520504327,0.26989041640949457,0.0007732600605795966,0.004225541430887523,0.0006785975715786085,0.004163138148413072,0.0019134126052389178,0.006758447296811354,109,"[1.10231321 1.10231321 1.10231321 1.10231321 1.10231321 1.1849867
 1.1849867  1.1849867  1.1849867  1.1849867  1.1849867  1.1849867
 1.26766019 1.26766019 1.26766019 1.26766019 1.26766019 1.26766019
 1.26766019 1.26766019 1.26766019 1.35033368 1.35033368 1.35033368
 1.35033368 1.35033368 1.35033368 1.35033368 1.35033368 1.35033368
 1.35033368 1.43300718 1.43300718 1.43300718 1.43300718 1.43300718
 1.43300718 1.43300718 1.43300718 1.43300718 1.43300718 1.43300718
 1.51568067 1.51568067 1.51568067 1.51568067 1.51568067 1.51568067
 1.51568067 1.51568067 1.51568067 1.51568067 1.51568067 1.51568067
 1.51568067 1.59835416 1.59835416 1.59835416 1.59835416 1.59835416
 1.59835416 1.59835416 1.59835416 1.59835416 1.59835416 1.59835416
 1.59835416 1.59835416 1.68102765 1.68102765 1.68102765 1.68102765
 1.68102765 1.68102765 1.68102765 1.68102765 1.68102765 1.68102765
 1.68102765 1.68102765 1.68102765 1.68102765 1.76370114 1.76370114
 1.76370114 1.76370114 1.76370114 1.76370114 1.76370114 1.76370114
 1.76370114 1.76370114 1.76370114 1.76370114 1.76370114 1.76370114
 1.84637463 1.84637463 1.84637463 1.84637463 1.84637463 1.84637463
 1.84637463 1.84637463 1.84637463 1.84637463 1.84637463 1.84637463
 1.84637463]","[0.82673491 0.9094084  0.99208189 1.07475538 1.15742887 0.74406142
 0.82673491 0.9094084  0.99208189 1.07475538 1.15742887 1.24010236
 0.66138793 0.74406142 0.82673491 0.9094084  0.99208189 1.07475538
 1.15742887 1.24010236 1.32277585 0.66138793 0.74406142 0.82673491
 0.9094084  0.99208189 1.07475538 1.15742887 1.24010236 1.32277585
 1.40544935 0.57871444 0.66138793 0.74406142 0.82673491 0.9094084
 0.99208189 1.07475538 1.15742887 1.24010236 1.32277585 1.40544935
 0.49604095 0.57871444 0.66138793 0.74406142 0.82673491 0.9094084
 0.99208189 1.07475538 1.15742887 1.24010236 1.32277585 1.40544935
 1.48812284 0.49604095 0.57871444 0.66138793 0.74406142 0.82673491
 0.9094084  0.99208189 1.07475538 1.15742887 1.24010236 1.32277585
 1.40544935 1.48812284 0.41336745 0.49604095 0.57871444 0.66138793
 0.74406142 0.82673491 0.9094084  0.99208189 1.07475538 1.15742887
 1.24010236 1.32277585 1.40544935 1.48812284 0.33069396 0.41336745
 0.49604095 0.57871444 0.66138793 0.74406142 0.82673491 0.9094084
 0.99208189 1.07475538 1.15742887 1.24010236 1.32277585 1.40544935
 0.33069396 0.41336745 0.49604095 0.57871444 0.66138793 0.74406142
 0.82673491 0.9094084  0.99208189 1.07475538 1.15742887 1.24010236
 1.32277585]","[1.10295156 1.10285577 1.10276983 1.10270115 1.10265696 1.18576572
 1.18566971 1.18557907 1.18550148 1.1854442  1.18541422 1.18541812
 1.2685829  1.26848417 1.26838622 1.26829708 1.26822426 1.26817483
 1.26815542 1.26817223 1.26823073 1.35130491 1.35119656 1.35109282
 1.35100157 1.3509301  1.35088516 1.35087304 1.35089946 1.35096934
 1.35108607 1.43413805 1.4340155  1.4338933  1.43377996 1.43368315
 1.43360982 1.43356639 1.43355872 1.43359204 1.4336707  1.43379737
 1.51698934 1.51684738 1.51670141 1.51656086 1.51643402 1.51632821
 1.51625008 1.51620562 1.51620028 1.51623879 1.51632487 1.51646046
 1.51664421 1.59969225 1.59951648 1.59934337 1.59918188 1.59903965
 1.59892334 1.59883888 1.59879163 1.59878642 1.59882748 1.59891821
 1.59906043 1.59925304 1.68259144 1.68237855 1.68216575 1.68196295
 1.68177833 1.68161877 1.68149017 1.68139776 1.68134619 1.68133964
 1.68138172 1.68147518 1.68162121 1.68181796 1.76556027 1.76529625
 1.76503118 1.7647762  1.76454003 1.76432969 1.76415095 1.76400877
 1.76390747 1.76385092 1.76384258 1.76388543 1.76398169 1.76413214
 1.84828804 1.84795239 1.84762986 1.84732952 1.8470582  1.84682127
 1.84662309 1.84646738 1.84635743 1.84629621 1.8462864  1.84633034
 1.8464297 ]","[0.82397353 0.90656905 0.98915181 1.07170911 1.15422762 0.74104804
 0.82366865 0.90628294 0.98887832 1.07144232 1.15396169 1.23642139
 0.65807962 0.74072983 0.82337988 0.90601679 0.98862853 1.07120305
 1.15372734 1.23618645 1.31856231 0.6577413  0.74043338 0.82311726
 0.90578087 0.98841296 1.07100208 1.15353568 1.23599904 1.31837417
 1.40063857 0.57468817 0.65743147 0.74017045 0.82289257 0.90558698
 0.98824342 1.07085128 1.15339867 1.23587132 1.31825149 1.40051672
 0.49155171 0.57435988 0.65716615 0.73995707 0.82272184 0.90545107
 0.98813573 1.07076628 1.15333166 1.23581831 1.31820899 1.40048154
 1.48260792 0.4912049  0.57409476 0.65696773 0.73981306 0.82262233
 0.90538821 0.98810345 1.07075999 1.15334798 1.2358548  1.31826376
 1.40055272 1.48269283 0.40789712 0.490895   0.57387065 0.65681325
 0.73971536 0.82257135 0.90537621 0.98812469 1.07081043 1.15342508
 1.23595732 1.31839164 1.40070694 1.48287517 0.32438212 0.40752965
 0.49064179 0.5737083  0.65672351 0.73968417 0.82258809 0.90543309
 0.98821629 1.07093332 1.15357762 1.23613944 1.3186047  1.40095351
 0.32393552 0.40723652 0.49046719 0.57362568 0.65671292 0.73973084
 0.82268132 0.90556548 0.98838311 1.07113214 1.15380806 1.23640299
 1.31890465]"
440.171922149915,207.5672810478277,0.1485393815686721,0.24706749319971827,0.0008037110728855357,0.0069815698773909125,0.0006880666848171149,0.0068352616386378965,0.0019695527535665835,0.010662092948343804,141,"[1.01963972 1.01963972 1.10231321 1.10231321 1.10231321 1.10231321
 1.10231321 1.10231321 1.10231321 1.10231321 1.10231321 1.10231321
 1.10231321 1.1849867  1.1849867  1.1849867  1.1849867  1.1849867
 1.1849867  1.1849867  1.1849867  1.1849867  1.1849867  1.1849867
 1.1849867  1.26766019 1.26766019 1.26766019 1.26766019 1.26766019
 1.26766019 1.26766019 1.26766019 1.26766019 1.26766019 1.26766019
 1.26766019 1.35033368 1.35033368 1.35033368 1.35033368 1.35033368
 1.35033368 1.35033368 1.35033368 1.35033368 1.35033368 1.35033368
 1.35033368 1.35033368 1.35033368 1.43300718 1.43300718 1.43300718
 1.43300718 1.43300718 1.43300718 1.43300718 1.43300718 1.43300718
 1.43300718 1.43300718 1.43300718 1.43300718 1.43300718 1.43300718
 1.51568067 1.51568067 1.51568067 1.51568067 1.51568067 1.51568067
 1.51568067 1.51568067 1.51568067 1.51568067 1.51568067 1.51568067
 1.51568067 1.51568067 1.51568067 1.59835416 1.59835416 1.59835416
 1.59835416 1.59835416 1.59835416 1.59835416 1.59835416 1.59835416
 1.59835416 1.59835416 1.59835416 1.59835416 1.59835416 1.59835416
 1.68102765 1.68102765 1.68102765 1.68102765 1.68102765 1.68102765
 1.68102765 1.68102765 1.68102765 1.68102765 1.68102765 1.68102765
 1.68102765 1.68102765 1.68102765 1.68102765 1.76370114 1.76370114
 1.76370114 1.76370114 1.76370114 1.76370114 1.76370114 1.76370114
 1.76370114 1.76370114 1.76370114 1.76370114 1.76370114 1.76370114
 1.76370114 1.84637463 1.84637463 1.84637463 1.84637463 1.84637463
 1.84637463 1.84637463 1.84637463 1.84637463 1.84637463 1.84637463
 1.84637463 1.84637463 1.84637463]","[1.07475538 1.15742887 0.41336745 0.49604095 0.57871444 0.66138793
 0.74406142 0.82673491 0.9094084  0.99208189 1.07475538 1.15742887
 1.24010236 0.41336745 0.49604095 0.57871444 0.66138793 0.74406142
 0.82673491 0.9094084  0.99208189 1.07475538 1.15742887 1.24010236
 1.32277585 0.41336745 0.49604095 0.57871444 0.66138793 0.74406142
 0.82673491 0.9094084  0.99208189 1.07475538 1.15742887 1.24010236
 1.32277585 0.33069396 0.41336745 0.49604095 0.57871444 0.66138793
 0.74406142 0.82673491 0.9094084  0.99208189 1.07475538 1.15742887
 1.24010236 1.32277585 1.40544935 0.33069396 0.41336745 0.49604095
 0.57871444 0.66138793 0.74406142 0.82673491 0.9094084  0.99208189
 1.07475538 1.15742887 1.24010236 1.32277585 1.40544935 1.48812284
 0.33069396 0.41336745 0.49604095 0.57871444 0.66138793 0.74406142
 0.82673491 0.9094084  0.99208189 1.07475538 1.15742887 1.24010236
 1.32277585 1.40544935 1.48812284 0.33069396 0.41336745 0.49604095
 0.57871444 0.66138793 0.74406142 0.82673491 0.9094084  0.99208189
 1.07475538 1.15742887 1.24010236 1.32277585 1.40544935 1.48812284
 0.24802047 0.33069396 0.41336745 0.49604095 0.57871444 0.66138793
 0.74406142 0.82673491 0.9094084  0.99208189 1.07475538 1.15742887
 1.24010236 1.32277585 1.40544935 1.48812284 0.24802047 0.33069396
 0.41336745 0.49604095 0.57871444 0.66138793 0.74406142 0.82673491
 0.9094084  0.99208189 1.07475538 1.15742887 1.24010236 1.32277585
 1.40544935 0.33069396 0.41336745 0.49604095 0.57871444 0.66138793
 0.74406142 0.82673491 0.9094084  0.99208189 1.07475538 1.15742887
 1.24010236 1.32277585 1.40544935]","[1.01995711 1.01988985 1.10319313 1.1031814  1.10314176 1.10308077
 1.10300512 1.10292147 1.10283624 1.10275557 1.10268527 1.1026307
 1.1025966  1.18592053 1.18590236 1.18585711 1.18579203 1.1857143
 1.18563084 1.1855482  1.18547254 1.18540955 1.18536438 1.18534141
 1.1853439  1.26866965 1.26863994 1.26858439 1.26851092 1.26842713
 1.26834017 1.26825667 1.26818272 1.26812387 1.26808502 1.26807021
 1.26808219 1.35144874 1.35143493 1.35138809 1.35131718 1.35123077
 1.35113683 1.35104264 1.35095485 1.35087946 1.35082183 1.35078658
 1.3507774  1.35079657 1.35084412 1.43424846 1.43420973 1.43413951
 1.43404774 1.43394355 1.43383518 1.43372999 1.43363458 1.4335548
 1.43349577 1.43346183 1.43345632 1.43348108 1.43353554 1.43361502
 1.51705643 1.51698448 1.51688364 1.51676473 1.51663731 1.51650978
 1.51638953 1.51628304 1.516196   1.51613332 1.51609908 1.51609624
 1.5161262  1.51618783 1.51627578 1.59985418 1.59973934 1.59960026
 1.59944841 1.59929352 1.59914384 1.59900639 1.59888722 1.59879148
 1.59872361 1.59868722 1.59868496 1.59871809 1.59878561 1.59888271
 1.68279239 1.68265978 1.68249513 1.68231254 1.68212362 1.68193787
 1.68176318 1.68160608 1.6814721  1.6813659  1.68129139 1.68125171
 1.68124905 1.68128424 1.68135585 1.68145854 1.76567069 1.76546734
 1.76524086 1.76500552 1.76477251 1.76455069 1.76434714 1.76416762
 1.76401691 1.76389898 1.76381712 1.76377394 1.76377118 1.76380934
 1.76388688 1.84825712 1.84795677 1.84766019 1.84737726 1.84711545
 1.84688054 1.84667711 1.84650891 1.84637902 1.84628998 1.84624378
 1.84624168 1.84628392 1.84636892]","[1.06987349 1.15222611 0.41060834 0.4927655  0.5750248  0.65735894
 0.73974448 0.82216091 0.90458985 0.9870142  1.06941734 1.1517822
 1.23409046 0.40979075 0.49202408 0.57435133 0.65674525 0.73918253
 0.82164296 0.90410854 0.98656259 1.06898882 1.15137045 1.23368926
 1.31592484 0.40895916 0.4912779  0.57368128 0.65614204 0.73863719
 0.82114708 0.90365437 0.98614298 1.06859717 1.15100055 1.23333519
 1.31558077 0.32580986 0.40811847 0.49053355 0.57302222 0.65555748
 0.73811707 0.82068228 0.90323668 0.98576506 1.06825239 1.15068285
 1.23303892 1.31530052 1.39744471 0.3248456  0.4072763  0.48979994
 0.57238374 0.65500164 0.73763265 0.82025934 0.90286652 0.98544006
 1.06796587 1.15042891 1.23281222 1.31509611 1.39725774 1.4792721
 0.3238746  0.40644437 0.48908991 0.57177962 0.65448908 0.73719907
 0.81989382 0.90255968 0.98518388 1.06775348 1.15025442 1.2326705
 1.3149826  1.39716815 1.47920199 0.32291962 0.40564678 0.48842781
 0.57123337 0.65404163 0.73683598 0.81960311 0.90233157 0.98501054
 1.06762876 1.1501735  1.23262959 1.31497837 1.3971971  1.47925925
 0.23911742 0.32195526 0.40485696 0.48778604 0.57071689 0.65363138
 0.73651625 0.81936118 0.90215728 0.98489599 1.067568   1.15016224
 1.23266493 1.31505855 1.39732099 1.4794258  0.23790897 0.32098554
 0.40408643 0.48718105 0.57024961 0.65327922 0.73626115 0.81918894
 0.902057   0.98485953 1.06758958 1.15023813 1.23279312 1.31523836
 1.39755253 0.32003187 0.40335675 0.48663293 0.5698494  0.65300059
 0.73608379 0.81909742 0.90203991 0.9849088  1.06769996 1.15040682
 1.23301943 1.31552335 1.39789847]"
290.53741280465806,215.38371686735485,0.18384670692137484,0.20746784760631706,0.0010240763148985706,0.007050022681150739,0.0008657535291367327,0.006902286125368849,0.0027918428616122704,0.011912428137456466,135,"[1.01963972 1.01963972 1.01963972 1.10231321 1.10231321 1.10231321
 1.10231321 1.10231321 1.10231321 1.10231321 1.10231321 1.10231321
 1.10231321 1.1849867  1.1849867  1.1849867  1.1849867  1.1849867
 1.1849867  1.1849867  1.1849867  1.1849867  1.1849867  1.1849867
 1.26766019 1.26766019 1.26766019 1.26766019 1.26766019 1.26766019
 1.26766019 1.26766019 1.26766019 1.26766019 1.26766019 1.35033368
 1.35033368 1.35033368 1.35033368 1.35033368 1.35033368 1.35033368
 1.35033368 1.35033368 1.35033368 1.35033368 1.35033368 1.35033368
 1.43300718 1.43300718 1.43300718 1.43300718 1.43300718 1.43300718
 1.43300718 1.43300718 1.43300718 1.43300718 1.43300718 1.43300718
 1.43300718 1.51568067 1.51568067 1.51568067 1.51568067 1.51568067
 1.51568067 1.51568067 1.51568067 1.51568067 1.51568067 1.51568067
 1.51568067 1.51568067 1.51568067 1.51568067 1.59835416 1.59835416
 1.59835416 1.59835416 1.59835416 1.59835416 1.59835416 1.59835416
 1.59835416 1.59835416 1.59835416 1.59835416 1.59835416 1.59835416
 1.59835416 1.68102765 1.68102765 1.68102765 1.68102765 1.68102765
 1.68102765 1.68102765 1.68102765 1.68102765 1.68102765 1.68102765
 1.68102765 1.68102765 1.68102765 1.68102765 1.76370114 1.76370114
 1.76370114 1.76370114 1.76370114 1.76370114 1.76370114 1.76370114
 1.76370114 1.76370114 1.76370114 1.76370114 1.76370114 1.76370114
 1.76370114 1.84637463 1.84637463 1.84637463 1.84637463 1.84637463
 1.84637463 1.84637463 1.84637463 1.84637463 1.84637463 1.84637463
 1.84637463 1.84637463 1.84637463]","[0.99208189 1.07475538 1.15742887 0.49604095 0.57871444 0.66138793
 0.74406142 0.82673491 0.9094084  0.99208189 1.07475538 1.15742887
 1.24010236 0.49604095 0.57871444 0.66138793 0.74406142 0.82673491
 0.9094084  0.99208189 1.07475538 1.15742887 1.24010236 1.32277585
 0.49604095 0.57871444 0.66138793 0.74406142 0.82673491 0.9094084
 0.99208189 1.07475538 1.15742887 1.24010236 1.32277585 0.41336745
 0.49604095 0.57871444 0.66138793 0.74406142 0.82673491 0.9094084
 0.99208189 1.07475538 1.15742887 1.24010236 1.32277585 1.40544935
 0.41336745 0.49604095 0.57871444 0.66138793 0.74406142 0.82673491
 0.9094084  0.99208189 1.07475538 1.15742887 1.24010236 1.32277585
 1.40544935 0.33069396 0.41336745 0.49604095 0.57871444 0.66138793
 0.74406142 0.82673491 0.9094084  0.99208189 1.07475538 1.15742887
 1.24010236 1.32277585 1.40544935 1.48812284 0.33069396 0.41336745
 0.49604095 0.57871444 0.66138793 0.74406142 0.82673491 0.9094084
 0.99208189 1.07475538 1.15742887 1.24010236 1.32277585 1.40544935
 1.48812284 0.33069396 0.41336745 0.49604095 0.57871444 0.66138793
 0.74406142 0.82673491 0.9094084  0.99208189 1.07475538 1.15742887
 1.24010236 1.32277585 1.40544935 1.48812284 0.24802047 0.33069396
 0.41336745 0.49604095 0.57871444 0.66138793 0.74406142 0.82673491
 0.9094084  0.99208189 1.07475538 1.15742887 1.24010236 1.32277585
 1.40544935 0.24802047 0.33069396 0.41336745 0.49604095 0.57871444
 0.66138793 0.74406142 0.82673491 0.9094084  0.99208189 1.07475538
 1.15742887 1.24010236 1.32277585]","[1.0201026  1.02000216 1.01991918 1.10337909 1.10332922 1.10325202
 1.10315615 1.10305018 1.10294238 1.10284064 1.10275243 1.10268463
 1.10264334 1.18612725 1.18606933 1.18598583 1.18588614 1.18577925
 1.1856737  1.18557745 1.18549785 1.18544154 1.18541418 1.18541996
 1.26889443 1.26882241 1.26872721 1.26861884 1.26850665 1.26839929
 1.26830469 1.26823001 1.26818155 1.2681645  1.26818233 1.3517344
 1.35167311 1.35158043 1.35146777 1.35134564 1.35122364 1.3511104
 1.35101371 1.35094044 1.35089651 1.35088658 1.35091348 1.35097705
 1.43454651 1.43445406 1.43433368 1.43419752 1.43405645 1.43392014
 1.43379709 1.43369482 1.43361985 1.43357764 1.43357232 1.43360608
 1.43367798 1.51745272 1.51735749 1.51722472 1.51706893 1.51690281
 1.51673739 1.51658221 1.51644551 1.51633448 1.51625521 1.51621271
 1.51621056 1.51625032 1.51633033 1.51644345 1.6002978  1.60014629
 1.59996375 1.59976548 1.5995643  1.5993709  1.59919426 1.59904198
 1.5989205  1.59883522 1.5987905  1.59878943 1.59883324 1.59892017
 1.59904343 1.68314391 1.6829262  1.68268663 1.68244053 1.68220023
 1.68197571 1.68177511 1.6816052  1.6814716  1.68137895 1.68133094
 1.68133    1.68137685 1.68146927 1.68160005 1.76625044 1.76598014
 1.76568221 1.76537552 1.76507447 1.76479014 1.76453118 1.76430446
 1.76411555 1.76396904 1.76386869 1.76381738 1.76381699 1.7638678
 1.76396747 1.84916647 1.84878285 1.84839151 1.84800927 1.84764817
 1.84731696 1.84702219 1.84676892 1.84656121 1.84640235 1.84629504
 1.84624135 1.84624252 1.8462985 ]","[0.98757235 1.06998688 1.15236611 0.4926342  0.57492636 0.65729626
 0.73971864 0.82217152 0.90463527 0.98709175 1.06952343 1.15191247
 1.23423985 0.49187915 0.57424184 0.65667379 0.73914965 0.82164755
 0.90414816 0.9866337  1.06908698 1.15149044 1.23382522 1.31607041
 0.49111586 0.57355889 0.65606118 0.73859751 0.8211465  0.90368945
 0.98620924 1.06868926 1.15111244 1.23346026 1.31571206 0.40789567
 0.49035278 0.57288714 0.65546874 0.73807304 0.82067962 0.9032708
 0.98583041 1.0683427  1.15079128 1.23315818 1.31542313 1.3975633
 0.4070262  0.48960146 0.5722388  0.65490909 0.73758915 0.82026002
 0.90290544 0.98551054 1.06806071 1.1505405  1.23293268 1.31521751
 1.39737247 0.32353864 0.40616854 0.48887773 0.57163037 0.65439917
 0.73716301 0.81990493 0.90261056 0.98526669 1.06786012 1.15037662
 1.23279993 1.31511102 1.39728777 1.47930626 0.32254366 0.40534905
 0.48820794 0.57108706 0.65396223 0.73681548 0.81963282 0.9024025
 0.98511364 1.06775502 1.15031401 1.23277555 1.31512129 1.39732908
 1.47937385 0.32154986 0.40455151 0.48757447 0.57059016 0.65357901
 0.73652729 0.8194247  0.90226271 0.98503316 1.06772713 1.15033395
 1.23284016 1.31522861 1.39747782 1.47956258 0.23735951 0.32056933
 0.40379356 0.48699796 0.5701615  0.65327134 0.73631948 0.81930045
 0.90220969 0.98504235 1.0677923  1.1504512  1.23300749 1.31544546
 1.39774437 0.23610804 0.31963009 0.40310149 0.48650143 0.56982036
 0.65305484 0.7362044  0.81926954 0.90225052 0.98514639 1.06795424
 1.15066843 1.23327968 1.3157741 ]"
242.56740426694685,213.888609282027,0.1755426926778357,0.22319090234335368,0.0011436193662649266,0.0072342222972603355,0.0009602340536551594,0.007082359401976518,0.0030835979037933114,0.012375997241768688,135,"[1.01963972 1.01963972 1.01963972 1.10231321 1.10231321 1.10231321
 1.10231321 1.10231321 1.10231321 1.10231321 1.10231321 1.10231321
 1.1849867  1.1849867  1.1849867  1.1849867  1.1849867  1.1849867
 1.1849867  1.1849867  1.1849867  1.1849867  1.1849867  1.26766019
 1.26766019 1.26766019 1.26766019 1.26766019 1.26766019 1.26766019
 1.26766019 1.26766019 1.26766019 1.26766019 1.35033368 1.35033368
 1.35033368 1.35033368 1.35033368 1.35033368 1.35033368 1.35033368
 1.35033368 1.35033368 1.35033368 1.35033368 1.35033368 1.43300718
 1.43300718 1.43300718 1.43300718 1.43300718 1.43300718 1.43300718
 1.43300718 1.43300718 1.43300718 1.43300718 1.43300718 1.43300718
 1.51568067 1.51568067 1.51568067 1.51568067 1.51568067 1.51568067
 1.51568067 1.51568067 1.51568067 1.51568067 1.51568067 1.51568067
 1.51568067 1.51568067 1.51568067 1.59835416 1.59835416 1.59835416
 1.59835416 1.59835416 1.59835416 1.59835416 1.59835416 1.59835416
 1.59835416 1.59835416 1.59835416 1.59835416 1.59835416 1.59835416
 1.68102765 1.68102765 1.68102765 1.68102765 1.68102765 1.68102765
 1.68102765 1.68102765 1.68102765 1.68102765 1.68102765 1.68102765
 1.68102765 1.68102765 1.68102765 1.68102765 1.76370114 1.76370114
 1.76370114 1.76370114 1.76370114 1.76370114 1.76370114 1.76370114
 1.76370114 1.76370114 1.76370114 1.76370114 1.76370114 1.76370114
 1.76370114 1.84637463 1.84637463 1.84637463 1.84637463 1.84637463
 1.84637463 1.84637463 1.84637463 1.84637463 1.84637463 1.84637463
 1.84637463 1.84637463 1.84637463]","[0.99208189 1.07475538 1.15742887 0.57871444 0.66138793 0.74406142
 0.82673491 0.9094084  0.99208189 1.07475538 1.15742887 1.24010236
 0.49604095 0.57871444 0.66138793 0.74406142 0.82673491 0.9094084
 0.99208189 1.07475538 1.15742887 1.24010236 1.32277585 0.49604095
 0.57871444 0.66138793 0.74406142 0.82673491 0.9094084  0.99208189
 1.07475538 1.15742887 1.24010236 1.32277585 0.41336745 0.49604095
 0.57871444 0.66138793 0.74406142 0.82673491 0.9094084  0.99208189
 1.07475538 1.15742887 1.24010236 1.32277585 1.40544935 0.41336745
 0.49604095 0.57871444 0.66138793 0.74406142 0.82673491 0.9094084
 0.99208189 1.07475538 1.15742887 1.24010236 1.32277585 1.40544935
 0.33069396 0.41336745 0.49604095 0.57871444 0.66138793 0.74406142
 0.82673491 0.9094084  0.99208189 1.07475538 1.15742887 1.24010236
 1.32277585 1.40544935 1.48812284 0.33069396 0.41336745 0.49604095
 0.57871444 0.66138793 0.74406142 0.82673491 0.9094084  0.99208189
 1.07475538 1.15742887 1.24010236 1.32277585 1.40544935 1.48812284
 0.24802047 0.33069396 0.41336745 0.49604095 0.57871444 0.66138793
 0.74406142 0.82673491 0.9094084  0.99208189 1.07475538 1.15742887
 1.24010236 1.32277585 1.40544935 1.48812284 0.24802047 0.33069396
 0.41336745 0.49604095 0.57871444 0.66138793 0.74406142 0.82673491
 0.9094084  0.99208189 1.07475538 1.15742887 1.24010236 1.32277585
 1.40544935 0.24802047 0.33069396 0.41336745 0.49604095 0.57871444
 0.66138793 0.74406142 0.82673491 0.9094084  0.99208189 1.07475538
 1.15742887 1.24010236 1.32277585]","[1.0201324  1.02002309 1.01993264 1.10341345 1.10332951 1.10322497
 1.10310921 1.1029913  1.10287991 1.1027832  1.10270869 1.10266301
 1.18622943 1.18616635 1.18607493 1.18596552 1.18584807 1.18573196
 1.18562597 1.18553816 1.1854758  1.18544504 1.18545036 1.26901165
 1.26893261 1.26882778 1.26870825 1.2685844  1.26846578 1.26836115
 1.26827836 1.2682243  1.26820458 1.26822289 1.351873   1.35180569
 1.35170339 1.35157879 1.35144362 1.35130851 1.35118305 1.3510758
 1.35099429 1.35094498 1.35093286 1.35096087 1.35102859 1.43470359
 1.43460138 1.43446799 1.43431702 1.43416061 1.43400946 1.43387298
 1.43375941 1.43367589 1.43362831 1.43362107 1.43365636 1.43373285
 1.51763776 1.5175324  1.51738514 1.51721227 1.51702803 1.51684467
 1.51667272 1.51652126 1.51639811 1.51630987 1.51626188 1.51625791
 1.51629943 1.51638433 1.51650442 1.60050584 1.60033771 1.60013506
 1.59991508 1.59969207 1.59947789 1.59928243 1.59911397 1.59897948
 1.59888478 1.59883448 1.59883173 1.59887762 1.59896984 1.59910046
 1.68356853 1.68337158 1.68312929 1.68286309 1.68259013 1.6823241
 1.68207593 1.68185452 1.68166712 1.68151977 1.68141737 1.68136374
 1.68136135 1.6814107  1.68150904 1.68164806 1.76652315 1.76622174
 1.76589038 1.76555023 1.76521724 1.76490353 1.76461842 1.76436925
 1.76416191 1.76400118 1.76389095 1.76383417 1.76383264 1.76388642
 1.76399266 1.84945823 1.84903099 1.84859693 1.84817458 1.84777696
 1.84741335 1.84709057 1.84681382 1.84658722 1.84641408 1.84629709
 1.84623827 1.84623876 1.84629827]","[0.98751934 1.06993973 1.15232335 0.57482305 0.6571991  0.7396292
 0.82209046 0.90456245 0.98702636 1.06946405 1.15185717 1.23418624
 0.49175021 0.57411873 0.656559   0.73904448 0.82155229 0.90406225
 0.98655587 1.06901536 1.15142264 1.23375845 1.31600157 0.49096314
 0.57341517 0.65592862 0.73847697 0.82103774 0.9035914  0.9861201
 1.06860669 1.1510336  1.23338196 1.31563089 0.40770853 0.49017549
 0.57272304 0.65531938 0.73793861 0.82055923 0.90316272 0.9857323
 1.06825168 1.15070409 1.23307128 1.31533284 1.39746611 0.40680893
 0.48940011 0.57205584 0.65474517 0.73744354 0.820131   0.90279056
 0.98540683 1.06796478 1.15044867 1.23284109 1.31512224 1.39726988
 0.32327201 0.40592167 0.48865425 0.57143142 0.65422408 0.7370099
 0.81977111 0.90249276 0.9851613  1.06776327 1.15028426 1.23270792
 1.31501526 1.3971845  1.47919262 0.32223833 0.40507424 0.48796526
 0.57087577 0.65378002 0.7366591  0.81949846 0.90228605 0.98501082
 1.06766145 1.15022528 1.23268726 1.31502916 1.39722923 1.47926338
 0.23823029 0.32121015 0.40425513 0.48732006 0.57037441 0.65339756
 0.73637529 0.81929716 0.90215463 0.98493963 1.06764336 1.15025524
 1.23276194 1.31514645 1.39738766 1.47946122 0.23693301 0.32020306
 0.4034846  0.48674095 0.56995002 0.65309871 0.7361792  0.81918634
 0.90211597 0.98496364 1.06772352 1.1503875  1.23294425 1.31537823
 1.39766902 0.23564448 0.31924779 0.40279075 0.48625191 0.56962212
 0.6528988  0.73608244 0.81917449 0.902176   0.9850867  1.06790419
 1.15062322 1.23323478 1.3157252 ]"
359.5375547008642,252.15203861245607,0.1531128631494605,0.29133938105984775,0.0008670533939182818,0.006118665275522963,0.0007409734085583753,0.006011132699002617,0.0023842851494468853,0.010190401885055544,128,"[1.01963972 1.10231321 1.10231321 1.10231321 1.10231321 1.10231321
 1.10231321 1.10231321 1.10231321 1.10231321 1.1849867  1.1849867
 1.1849867  1.1849867  1.1849867  1.1849867  1.1849867  1.1849867
 1.1849867  1.26766019 1.26766019 1.26766019 1.26766019 1.26766019
 1.26766019 1.26766019 1.26766019 1.26766019 1.26766019 1.26766019
 1.35033368 1.35033368 1.35033368 1.35033368 1.35033368 1.35033368
 1.35033368 1.35033368 1.35033368 1.35033368 1.35033368 1.35033368
 1.43300718 1.43300718 1.43300718 1.43300718 1.43300718 1.43300718
 1.43300718 1.43300718 1.43300718 1.43300718 1.43300718 1.43300718
 1.43300718 1.51568067 1.51568067 1.51568067 1.51568067 1.51568067
 1.51568067 1.51568067 1.51568067 1.51568067 1.51568067 1.51568067
 1.51568067 1.51568067 1.51568067 1.59835416 1.59835416 1.59835416
 1.59835416 1.59835416 1.59835416 1.59835416 1.59835416 1.59835416
 1.59835416 1.59835416 1.59835416 1.59835416 1.59835416 1.59835416
 1.68102765 1.68102765 1.68102765 1.68102765 1.68102765 1.68102765
 1.68102765 1.68102765 1.68102765 1.68102765 1.68102765 1.68102765
 1.68102765 1.68102765 1.68102765 1.76370114 1.76370114 1.76370114
 1.76370114 1.76370114 1.76370114 1.76370114 1.76370114 1.76370114
 1.76370114 1.76370114 1.76370114 1.76370114 1.76370114 1.84637463
 1.84637463 1.84637463 1.84637463 1.84637463 1.84637463 1.84637463
 1.84637463 1.84637463 1.84637463 1.84637463 1.84637463 1.84637463
 1.84637463 1.84637463]","[1.15742887 0.57871444 0.66138793 0.74406142 0.82673491 0.9094084
 0.99208189 1.07475538 1.15742887 1.24010236 0.57871444 0.66138793
 0.74406142 0.82673491 0.9094084  0.99208189 1.07475538 1.15742887
 1.24010236 0.49604095 0.57871444 0.66138793 0.74406142 0.82673491
 0.9094084  0.99208189 1.07475538 1.15742887 1.24010236 1.32277585
 0.49604095 0.57871444 0.66138793 0.74406142 0.82673491 0.9094084
 0.99208189 1.07475538 1.15742887 1.24010236 1.32277585 1.40544935
 0.41336745 0.49604095 0.57871444 0.66138793 0.74406142 0.82673491
 0.9094084  0.99208189 1.07475538 1.15742887 1.24010236 1.32277585
 1.40544935 0.41336745 0.49604095 0.57871444 0.66138793 0.74406142
 0.82673491 0.9094084  0.99208189 1.07475538 1.15742887 1.24010236
 1.32277585 1.40544935 1.48812284 0.33069396 0.41336745 0.49604095
 0.57871444 0.66138793 0.74406142 0.82673491 0.9094084  0.99208189
 1.07475538 1.15742887 1.24010236 1.32277585 1.40544935 1.48812284
 0.33069396 0.41336745 0.49604095 0.57871444 0.66138793 0.74406142
 0.82673491 0.9094084  0.99208189 1.07475538 1.15742887 1.24010236
 1.32277585 1.40544935 1.48812284 0.33069396 0.41336745 0.49604095
 0.57871444 0.66138793 0.74406142 0.82673491 0.9094084  0.99208189
 1.07475538 1.15742887 1.24010236 1.32277585 1.40544935 0.24802047
 0.33069396 0.41336745 0.49604095 0.57871444 0.66138793 0.74406142
 0.82673491 0.9094084  0.99208189 1.07475538 1.15742887 1.24010236
 1.32277585 1.40544935]","[1.01989932 1.10322432 1.10315288 1.10306567 1.10297052 1.10287494
 1.10278611 1.10271089 1.1026557  1.10262641 1.18594896 1.1858727
 1.18578318 1.18568848 1.18559627 1.18551375 1.18544761 1.18540407
 1.18538859 1.26875195 1.26868549 1.26859973 1.26850361 1.26840542
 1.26831288 1.26823309 1.26817258 1.26813725 1.26813217 1.26816119
 1.35151051 1.35142653 1.35132633 1.35121917 1.35111347 1.35101691
 1.35093644 1.35087832 1.35084812 1.35085047 1.35088866 1.35096371
 1.43435517 1.43427067 1.4341632  1.43404336 1.43392063 1.43380343
 1.4336993  1.43361493 1.43355632 1.43352862 1.43353603 1.4335813
 1.43366475 1.51713973 1.51702066 1.51688309 1.51673795 1.51659478
 1.51646191 1.51634663 1.51625539 1.51619382 1.51616673 1.51617784
 1.51622935 1.51632093 1.5164479  1.60003758 1.5999011  1.5997395
 1.59956584 1.59939106 1.59922439 1.59907365 1.59894554 1.59884588
 1.59877969 1.59875122 1.59876377 1.59881927 1.5989174  1.59905389
 1.68284863 1.68265615 1.68244646 1.68223249 1.68202475 1.68183184
 1.68166091 1.68151798 1.68140819 1.68133593 1.68130484 1.68131768
 1.68137584 1.68147852 1.68162086 1.7656519  1.76539155 1.76512494
 1.76486423 1.76461888 1.76439644 1.76420303 1.76404371 1.76392277
 1.76384385 1.76380993 1.76382321 1.76388467 1.7639933  1.84875891
 1.84842511 1.84808572 1.84775477 1.84744255 1.84715669 1.84690309
 1.84668641 1.8465105  1.84637858 1.8462934  1.8462572  1.84627161
 1.84633725 1.846453  ]","[1.15303551 0.57540045 0.65781932 0.74028278 0.82277133 0.90526758
 0.98775546 1.07021929 1.15264294 1.23500884 0.57481595 0.65728874
 0.7397981  0.8223248  0.90485186 0.98736356 1.06984458 1.15227897
 1.23464925 0.49175011 0.5742342  0.65676783 0.73932898 0.82189902
 0.90446163 0.98700173 1.06950451 1.15195442 1.2343342  1.31662397
 0.49110063 0.573664   0.65626588 0.73888509 0.82150399 0.90410723
 0.98668061 1.06921005 1.15168058 1.23407536 1.31637473 1.39855557
 0.40786283 0.49046433 0.57311647 0.65579431 0.73847807 0.82115152
 0.90380059 0.98641224 1.06897335 1.15146975 1.23388519 1.3162004
 1.39839244 0.40713904 0.48985601 0.57260697 0.65536891 0.738124
 0.82085784 0.903558   0.98621284 1.06881047 1.15133773 1.23377918
 1.31611617 1.39832607 1.48038263 0.32365304 0.40645656 0.48930141
 0.57215997 0.65501216 0.73784299 0.82064066 0.90339504 0.98609652
 1.06873491 1.15129846 1.23377276 1.31613975 1.39837676 1.48045644
 0.322825   0.40579491 0.48877843 0.57175229 0.65470049 0.73761169
 0.82047722 0.90328967 0.98604174 1.06872522 1.15133005 1.23384329
 1.31624805 1.39852249 1.48063954 0.32201238 0.40516978 0.48830614
 0.57140471 0.6544552  0.73745106 0.82038767 0.90326094 0.98606637
 1.06879814 1.15144825 1.23400549 1.31645442 1.39877413 0.23783007
 0.321242   0.40460609 0.48790644 0.5711358  0.65429163 0.73737356
 0.8203819  0.9033166  0.98617643 1.06895835 1.15165675 1.23426254
 1.31676208 1.39913584]"
275.515613615147,195.42456744102049,0.16326362411119458,0.2580750429554096,0.0010812361580287272,0.007651776748363376,0.0009071229877034054,0.007479101327490883,0.002937008798206797,0.012918743784609388,142,"[1.01963972 1.01963972 1.01963972 1.01963972 1.10231321 1.10231321
 1.10231321 1.10231321 1.10231321 1.10231321 1.10231321 1.10231321
 1.10231321 1.10231321 1.1849867  1.1849867  1.1849867  1.1849867
 1.1849867  1.1849867  1.1849867  1.1849867  1.1849867  1.1849867
 1.1849867  1.1849867  1.26766019 1.26766019 1.26766019 1.26766019
 1.26766019 1.26766019 1.26766019 1.26766019 1.26766019 1.26766019
 1.26766019 1.26766019 1.35033368 1.35033368 1.35033368 1.35033368
 1.35033368 1.35033368 1.35033368 1.35033368 1.35033368 1.35033368
 1.35033368 1.35033368 1.35033368 1.43300718 1.43300718 1.43300718
 1.43300718 1.43300718 1.43300718 1.43300718 1.43300718 1.43300718
 1.43300718 1.43300718 1.43300718 1.43300718 1.43300718 1.43300718
 1.51568067 1.51568067 1.51568067 1.51568067 1.51568067 1.51568067
 1.51568067 1.51568067 1.51568067 1.51568067 1.51568067 1.51568067
 1.51568067 1.51568067 1.51568067 1.59835416 1.59835416 1.59835416
 1.59835416 1.59835416 1.59835416 1.59835416 1.59835416 1.59835416
 1.59835416 1.59835416 1.59835416 1.59835416 1.59835416 1.59835416
 1.68102765 1.68102765 1.68102765 1.68102765 1.68102765 1.68102765
 1.68102765 1.68102765 1.68102765 1.68102765 1.68102765 1.68102765
 1.68102765 1.68102765 1.68102765 1.68102765 1.76370114 1.76370114
 1.76370114 1.76370114 1.76370114 1.76370114 1.76370114 1.76370114
 1.76370114 1.76370114 1.76370114 1.76370114 1.76370114 1.76370114
 1.76370114 1.84637463 1.84637463 1.84637463 1.84637463 1.84637463
 1.84637463 1.84637463 1.84637463 1.84637463 1.84637463 1.84637463
 1.84637463 1.84637463 1.84637463 1.84637463]","[0.9094084  0.99208189 1.07475538 1.15742887 0.49604095 0.57871444
 0.66138793 0.74406142 0.82673491 0.9094084  0.99208189 1.07475538
 1.15742887 1.24010236 0.41336745 0.49604095 0.57871444 0.66138793
 0.74406142 0.82673491 0.9094084  0.99208189 1.07475538 1.15742887
 1.24010236 1.32277585 0.41336745 0.49604095 0.57871444 0.66138793
 0.74406142 0.82673491 0.9094084  0.99208189 1.07475538 1.15742887
 1.24010236 1.32277585 0.41336745 0.49604095 0.57871444 0.66138793
 0.74406142 0.82673491 0.9094084  0.99208189 1.07475538 1.15742887
 1.24010236 1.32277585 1.40544935 0.33069396 0.41336745 0.49604095
 0.57871444 0.66138793 0.74406142 0.82673491 0.9094084  0.99208189
 1.07475538 1.15742887 1.24010236 1.32277585 1.40544935 1.48812284
 0.33069396 0.41336745 0.49604095 0.57871444 0.66138793 0.74406142
 0.82673491 0.9094084  0.99208189 1.07475538 1.15742887 1.24010236
 1.32277585 1.40544935 1.48812284 0.33069396 0.41336745 0.49604095
 0.57871444 0.66138793 0.74406142 0.82673491 0.9094084  0.99208189
 1.07475538 1.15742887 1.24010236 1.32277585 1.40544935 1.48812284
 0.24802047 0.33069396 0.41336745 0.49604095 0.57871444 0.66138793
 0.74406142 0.82673491 0.9094084  0.99208189 1.07475538 1.15742887
 1.24010236 1.32277585 1.40544935 1.48812284 0.24802047 0.33069396
 0.41336745 0.49604095 0.57871444 0.66138793 0.74406142 0.82673491
 0.9094084  0.99208189 1.07475538 1.15742887 1.24010236 1.32277585
 1.40544935 0.24802047 0.33069396 0.41336745 0.49604095 0.57871444
 0.66138793 0.74406142 0.82673491 0.9094084  0.99208189 1.07475538
 1.15742887 1.24010236 1.32277585 1.40544935]","[1.0202338  1.02011944 1.02001464 1.01992641 1.10340803 1.10335911
 1.10328176 1.10318464 1.10307635 1.10296525 1.10285934 1.10276608
 1.10269234 1.10264405 1.18618239 1.18616156 1.18610433 1.18602018
 1.18591858 1.18580866 1.18569908 1.18559792 1.18551258 1.18544966
 1.18541465 1.18541134 1.26897159 1.26893499 1.26886309 1.26876647
 1.26865533 1.26853922 1.26842699 1.26832667 1.26824551 1.26818977
 1.26816442 1.26817255 1.35178102 1.3517208  1.35162729 1.35151214
 1.35138615 1.35125916 1.35114006 1.35103676 1.35095623 1.35090432
 1.35088548 1.3509021  1.35095329 1.43465117 1.43460226 1.43450968
 1.43438709 1.43424704 1.43410076 1.43395822 1.4338282  1.43371835
 1.43363529 1.43358441 1.43356961 1.43359262 1.43365172 1.43373945
 1.51751817 1.51742366 1.51728898 1.51712917 1.51695742 1.51678519
 1.51662237 1.51647748 1.51635785 1.51626965 1.51621781 1.51620566
 1.51623431 1.5163013  1.5163983  1.60037742 1.60022427 1.6000374
 1.5998328  1.59962387 1.5994218  1.59923594 1.59907414 1.598943
 1.59884797 1.59879332 1.59878188 1.5988144  1.59888837 1.59899576
 1.68341783 1.68323942 1.68301667 1.68276956 1.68251425 1.68226372
 1.68202843 1.6818169  1.6816361  1.68149178 1.68138861 1.68133017
 1.68131864 1.68135427 1.6814341  1.68154975 1.76636981 1.7660931
 1.76578561 1.76546741 1.76515378 1.76485643 1.76458445 1.76434501
 1.76414384 1.76398562 1.76387407 1.76381197 1.76380092 1.76384078
 1.76392851 1.84931164 1.84891479 1.84850809 1.84810956 1.84773204
 1.84738478 1.84707465 1.84680688 1.8465856  1.84641413 1.84629508
 1.84623038 1.84622102 1.84626654 1.84636404]","[0.90477387 0.9871761  1.06956172 1.15191199 0.49239823 0.57464525
 0.65697612 0.73936436 0.82178678 0.90422259 0.98665262 1.06905837
 1.15142117 1.23372132 0.409361   0.49157664 0.57389875 0.65629623
 0.73874235 0.82121395 0.90369048 0.98615312 1.06858371 1.15096389
 1.23327419 1.31549335 0.40843436 0.49074525 0.57315306 0.65562613
 0.73813771 0.82066504 0.90318819 0.98568897 1.06814986 1.150553
 1.23287932 1.31510791 0.40749178 0.48991239 0.57241785 0.65497629
 0.73756149 0.82015161 0.90272772 0.98527261 1.06776963 1.15020169
 1.23255031 1.31479503 1.39691348 0.32410527 0.40654309 0.48908958
 0.57170547 0.65435956 0.73702691 0.81968711 0.90232267 0.98491773
 1.06745683 1.14992389 1.23230122 1.31456896 1.3967051  1.47868735
 0.32300175 0.40560285 0.48829263 0.57103256 0.65379312 0.73655141
 0.81928904 0.9019905  0.98464165 1.06722854 1.14973637 1.23214848
 1.31444574 1.39660655 1.47860861 0.32190838 0.40469706 0.48754778
 0.57042437 0.65330037 0.73615606 0.81897614 0.90174783 0.98445944
 1.06709912 1.14965371 1.23210784 1.31444307 1.39663772 1.47866828
 0.23788411 0.32080995 0.40380996 0.48683823 0.56986318 0.65286308
 0.73582263 0.81873043 0.90157709 0.98435383 1.06705123 1.14965819
 1.23216099 1.31454236 1.3967812  1.47885361 0.23649963 0.31971798
 0.40295914 0.48618476 0.56937103 0.65250328 0.73557231 0.81857186
 0.90149681 0.98434191 1.06710069 1.14976452 1.23232162 1.31475616
 1.39704762 0.23510173 0.31865971 0.40217076 0.48561052 0.56896739
 0.65223677 0.73541758 0.81851    0.90151412 0.98442887 1.06725121
 1.14997538 1.23259194 1.31508685 1.39744056]"
209.2964225457893,303.20636586898263,0.1695453896934223,0.26691947754789785,0.0011025609133975135,0.0055867686181786365,0.0009388879037021181,0.005477169834676603,0.003111807144268397,0.010036296814766199,118,"[1.01963972 1.10231321 1.10231321 1.10231321 1.10231321 1.10231321
 1.10231321 1.10231321 1.1849867  1.1849867  1.1849867  1.1849867
 1.1849867  1.1849867  1.1849867  1.1849867  1.26766019 1.26766019
 1.26766019 1.26766019 1.26766019 1.26766019 1.26766019 1.26766019
 1.26766019 1.35033368 1.35033368 1.35033368 1.35033368 1.35033368
 1.35033368 1.35033368 1.35033368 1.35033368 1.35033368 1.35033368
 1.43300718 1.43300718 1.43300718 1.43300718 1.43300718 1.43300718
 1.43300718 1.43300718 1.43300718 1.43300718 1.43300718 1.43300718
 1.51568067 1.51568067 1.51568067 1.51568067 1.51568067 1.51568067
 1.51568067 1.51568067 1.51568067 1.51568067 1.51568067 1.51568067
 1.51568067 1.59835416 1.59835416 1.59835416 1.59835416 1.59835416
 1.59835416 1.59835416 1.59835416 1.59835416 1.59835416 1.59835416
 1.59835416 1.59835416 1.59835416 1.68102765 1.68102765 1.68102765
 1.68102765 1.68102765 1.68102765 1.68102765 1.68102765 1.68102765
 1.68102765 1.68102765 1.68102765 1.68102765 1.68102765 1.68102765
 1.76370114 1.76370114 1.76370114 1.76370114 1.76370114 1.76370114
 1.76370114 1.76370114 1.76370114 1.76370114 1.76370114 1.76370114
 1.76370114 1.76370114 1.84637463 1.84637463 1.84637463 1.84637463
 1.84637463 1.84637463 1.84637463 1.84637463 1.84637463 1.84637463
 1.84637463 1.84637463 1.84637463 1.84637463]","[1.15742887 0.74406142 0.82673491 0.9094084  0.99208189 1.07475538
 1.15742887 1.24010236 0.66138793 0.74406142 0.82673491 0.9094084
 0.99208189 1.07475538 1.15742887 1.24010236 0.66138793 0.74406142
 0.82673491 0.9094084  0.99208189 1.07475538 1.15742887 1.24010236
 1.32277585 0.57871444 0.66138793 0.74406142 0.82673491 0.9094084
 0.99208189 1.07475538 1.15742887 1.24010236 1.32277585 1.40544935
 0.49604095 0.57871444 0.66138793 0.74406142 0.82673491 0.9094084
 0.99208189 1.07475538 1.15742887 1.24010236 1.32277585 1.40544935
 0.49604095 0.57871444 0.66138793 0.74406142 0.82673491 0.9094084
 0.99208189 1.07475538 1.15742887 1.24010236 1.32277585 1.40544935
 1.48812284 0.41336745 0.49604095 0.57871444 0.66138793 0.74406142
 0.82673491 0.9094084  0.99208189 1.07475538 1.15742887 1.24010236
 1.32277585 1.40544935 1.48812284 0.33069396 0.41336745 0.49604095
 0.57871444 0.66138793 0.74406142 0.82673491 0.9094084  0.99208189
 1.07475538 1.15742887 1.24010236 1.32277585 1.40544935 1.48812284
 0.33069396 0.41336745 0.49604095 0.57871444 0.66138793 0.74406142
 0.82673491 0.9094084  0.99208189 1.07475538 1.15742887 1.24010236
 1.32277585 1.40544935 0.24802047 0.33069396 0.41336745 0.49604095
 0.57871444 0.66138793 0.74406142 0.82673491 0.9094084  0.99208189
 1.07475538 1.15742887 1.24010236 1.32277585]","[1.01993211 1.10325146 1.10312586 1.10300096 1.10288655 1.10279197
 1.10272607 1.10269707 1.18611832 1.18599773 1.18587152 1.18575017
 1.18564356 1.1855609  1.18551077 1.18550089 1.2688752  1.26874485
 1.26861332 1.26849121 1.26838825 1.26831341 1.26827481 1.26827958
 1.2683333  1.35176554 1.35162767 1.35148207 1.35134039 1.3512131
 1.35110967 1.35103864 1.3510076  1.35102297 1.35108945 1.35120889
 1.43467778 1.4345281  1.43436355 1.43419724 1.43404069 1.43390405
 1.43379635 1.43372555 1.43369861 1.43372123 1.43379724 1.43392742
 1.51745529 1.51726515 1.51706738 1.51687498 1.51669905 1.51654923
 1.51643392 1.51636046 1.51633509 1.51636274 1.51644641 1.51658594
 1.51677554 1.60041672 1.60019236 1.5999548  1.59971895 1.59949705
 1.59929934 1.59913446 1.59900982 1.59893181 1.5989058  1.598936
 1.59902484 1.5991718  1.59937113 1.68345561 1.68318604 1.68289759
 1.68260782 1.68233053 1.68207672 1.68185534 1.68167383 1.68153846
 1.68145459 1.68142669 1.68145811 1.68155058 1.68170299 1.6819091
 1.76627048 1.76591177 1.76555098 1.76520375 1.76488183 1.76459427
 1.76434824 1.76414959 1.76400325 1.76391342 1.76388356 1.76391627
 1.76401267 1.76417139 1.84948644 1.84902662 1.84856883 1.84813049
 1.8477236  1.84735667 1.847036   1.84676643 1.84655194 1.8463959
 1.84630121 1.84627033 1.84630506 1.84640606]","[1.15366456 0.74058522 0.82315337 0.90572416 0.98828103 1.07080796
 1.15328845 1.23570456 0.65754422 0.74013594 0.82273974 0.90533787
 0.98791408 1.07045259 1.15293708 1.23534966 0.65705951 0.73970197
 0.82234691 0.90497726 0.9875774  1.07013212 1.15262555 1.23504006
 1.31735536 0.57390678 0.65659632 0.73929641 0.82198834 0.90465613
 0.9872852  1.06986121 1.15236899 1.23479144 1.31710865 1.39929719
 0.49065355 0.57340258 0.65616998 0.73893454 0.82167922 0.90438963
 0.98705259 1.06965497 1.1521826  1.23461919 1.31694536 1.39913807
 0.4900935  0.57294626 0.65579976 0.73863525 0.82143804 0.90419583
 0.98689724 1.06953069 1.1520833  1.23453981 1.31688167 1.39908632
 1.48112776 0.40663546 0.48959957 0.57256478 0.65550998 0.73842005
 0.82128362 0.90409121 0.98683392 1.06950224 1.15208495 1.2345681
 1.31693394 1.39916017 1.48122004 0.32293695 0.40605183 0.48916342
 0.57224742 0.6552882  0.73827548 0.82120193 0.90406149 0.9868481
 1.06955462 1.15217184 1.23468748 1.31708511 1.39934333 1.48143561
 0.32222384 0.40553946 0.48880894 0.572017   0.65515566 0.73822087
 0.82121036 0.90412215 0.98695353 1.06970009 1.15235496 1.23490778
 1.3173437  1.39964231 0.23798418 0.32159917 0.4051284  0.48856013
 0.57189195 0.65512592 0.73826574 0.82131511 0.90427673 0.98715161
 1.06993842 1.15263286 1.2352268  1.3177073 ]"
177.33588630195518,408.85240755220525,0.19985465333511424,0.28661925326412274,0.001103507872334821,0.004526276564674535,0.0009434229596434412,0.004420043147654553,0.003215850489734162,0.008672341247854376,108,"[1.01963972 1.10231321 1.10231321 1.10231321 1.10231321 1.10231321
 1.10231321 1.1849867  1.1849867  1.1849867  1.1849867  1.1849867
 1.1849867  1.26766019 1.26766019 1.26766019 1.26766019 1.26766019
 1.26766019 1.26766019 1.26766019 1.35033368 1.35033368 1.35033368
 1.35033368 1.35033368 1.35033368 1.35033368 1.35033368 1.35033368
 1.35033368 1.43300718 1.43300718 1.43300718 1.43300718 1.43300718
 1.43300718 1.43300718 1.43300718 1.43300718 1.43300718 1.51568067
 1.51568067 1.51568067 1.51568067 1.51568067 1.51568067 1.51568067
 1.51568067 1.51568067 1.51568067 1.51568067 1.51568067 1.59835416
 1.59835416 1.59835416 1.59835416 1.59835416 1.59835416 1.59835416
 1.59835416 1.59835416 1.59835416 1.59835416 1.59835416 1.59835416
 1.68102765 1.68102765 1.68102765 1.68102765 1.68102765 1.68102765
 1.68102765 1.68102765 1.68102765 1.68102765 1.68102765 1.68102765
 1.68102765 1.68102765 1.76370114 1.76370114 1.76370114 1.76370114
 1.76370114 1.76370114 1.76370114 1.76370114 1.76370114 1.76370114
 1.76370114 1.76370114 1.76370114 1.76370114 1.84637463 1.84637463
 1.84637463 1.84637463 1.84637463 1.84637463 1.84637463 1.84637463
 1.84637463 1.84637463 1.84637463 1.84637463 1.84637463 1.84637463]","[1.15742887 0.82673491 0.9094084  0.99208189 1.07475538 1.15742887
 1.24010236 0.82673491 0.9094084  0.99208189 1.07475538 1.15742887
 1.24010236 0.74406142 0.82673491 0.9094084  0.99208189 1.07475538
 1.15742887 1.24010236 1.32277585 0.66138793 0.74406142 0.82673491
 0.9094084  0.99208189 1.07475538 1.15742887 1.24010236 1.32277585
 1.40544935 0.66138793 0.74406142 0.82673491 0.9094084  0.99208189
 1.07475538 1.15742887 1.24010236 1.32277585 1.40544935 0.57871444
 0.66138793 0.74406142 0.82673491 0.9094084  0.99208189 1.07475538
 1.15742887 1.24010236 1.32277585 1.40544935 1.48812284 0.49604095
 0.57871444 0.66138793 0.74406142 0.82673491 0.9094084  0.99208189
 1.07475538 1.15742887 1.24010236 1.32277585 1.40544935 1.48812284
 0.41336745 0.49604095 0.57871444 0.66138793 0.74406142 0.82673491
 0.9094084  0.99208189 1.07475538 1.15742887 1.24010236 1.32277585
 1.40544935 1.48812284 0.33069396 0.41336745 0.49604095 0.57871444
 0.66138793 0.74406142 0.82673491 0.9094084  0.99208189 1.07475538
 1.15742887 1.24010236 1.32277585 1.40544935 0.24802047 0.33069396
 0.41336745 0.49604095 0.57871444 0.66138793 0.74406142 0.82673491
 0.9094084  0.99208189 1.07475538 1.15742887 1.24010236 1.32277585]","[1.01993529 1.10315452 1.1030216  1.1029023  1.10280706 1.10274594
 1.10272854 1.18590854 1.1857803  1.18567054 1.18558959 1.18554718
 1.1855524  1.26879812 1.26865745 1.26852951 1.26842504 1.26835404
 1.26832575 1.26834858 1.26842964 1.35169683 1.35153953 1.3513891
 1.35125695 1.35115346 1.35108811 1.35106952 1.35110529 1.35120152
 1.35136173 1.43443354 1.43425525 1.43409033 1.43394973 1.43384326
 1.43377971 1.43376694 1.43381169 1.43391907 1.43409135 1.51734687
 1.51713356 1.5169291  1.51674533 1.5165925  1.51647965 1.51641479
 1.51640491 1.51645588 1.5165718  1.51675383 1.51699774 1.60028537
 1.60002818 1.5997763  1.5995426  1.59933778 1.59917094 1.59904995
 1.59898173 1.59897229 1.5990266  1.59914806 1.59933729 1.59958984
 1.68328742 1.68297449 1.68266435 1.68237123 1.68210643 1.68187913
 1.681697   1.6815666  1.68149369 1.68148322 1.6815392  1.68166418
 1.68185807 1.68211585 1.7663763  1.76598752 1.76560179 1.76523488
 1.76489855 1.76460177 1.76435169 1.76415422 1.76401442 1.76393674
 1.76392504 1.76398241 1.76411071 1.76430945 1.84959048 1.84909414
 1.84860681 1.84814544 1.84772152 1.84734311 1.84701612 1.84674521
 1.84653422 1.84638656 1.84630528 1.84629314 1.84635236 1.8464842 ]","[1.15452398 0.8238209  0.90645706 0.98907535 1.07166095 1.15419853
 1.23667109 0.82348041 0.90613703 0.98876776 1.07135799 1.15389242
 1.23635399 0.74045717 0.82315845 0.90583994 0.98848729 1.0710864
 1.15362235 1.23607826 1.31843424 0.65737445 0.74012938 0.8228697
 0.90558081 0.98824937 1.07086213 1.15340484 1.23586111 1.31821135
 1.40043188 0.6570354  0.73984601 0.82263047 0.90537579 0.98807006
 1.07070125 1.15325609 1.23571895 1.3180708  1.40028829 0.57385763
 0.65675507 0.73962677 0.82245981 0.90524336 0.98796735 1.07062129
 1.15319321 1.23566852 1.31802899 1.40025184 1.48230972 0.49057368
 0.57358065 0.65655815 0.73949329 0.82237651 0.9051999  0.98795584
 1.07063588 1.15322972 1.23572407 1.31810158 1.40033984 1.48241097
 0.40711411 0.49026467 0.57337594 0.65643523 0.73943462 0.8223687
 0.90523294 0.98802253 1.07073138 1.15335113 1.23587017 1.31827252
 1.40053678 1.48263556 0.32341004 0.40675982 0.49004888 0.57326604
 0.65640649 0.73946861 0.82245195 0.90535598 0.98817912 1.0709179
 1.15356622 1.23611438 1.31854799 1.40084683 0.23934813 0.3229878
 0.4065235  0.48994956 0.57326789 0.65648363 0.73960267 0.82263027
 0.90557032 0.98842473 1.07119291 1.15387118 1.23645199 1.3189229 ]"
271.9721587794073,186.7590632719593,0.1628601206222566,0.2547471656082726,0.0011051240169290195,0.007914078732772337,0.0009248189038050658,0.007725029403036684,0.0029886011101685206,0.013391070619723056,146,"[1.01963972 1.01963972 1.01963972 1.01963972 1.01963972 1.10231321
 1.10231321 1.10231321 1.10231321 1.10231321 1.10231321 1.10231321
 1.10231321 1.10231321 1.10231321 1.10231321 1.1849867  1.1849867
 1.1849867  1.1849867  1.1849867  1.1849867  1.1849867  1.1849867
 1.1849867  1.1849867  1.1849867  1.1849867  1.26766019 1.26766019
 1.26766019 1.26766019 1.26766019 1.26766019 1.26766019 1.26766019
 1.26766019 1.26766019 1.26766019 1.26766019 1.35033368 1.35033368
 1.35033368 1.35033368 1.35033368 1.35033368 1.35033368 1.35033368
 1.35033368 1.35033368 1.35033368 1.35033368 1.35033368 1.35033368
 1.43300718 1.43300718 1.43300718 1.43300718 1.43300718 1.43300718
 1.43300718 1.43300718 1.43300718 1.43300718 1.43300718 1.43300718
 1.43300718 1.43300718 1.43300718 1.51568067 1.51568067 1.51568067
 1.51568067 1.51568067 1.51568067 1.51568067 1.51568067 1.51568067
 1.51568067 1.51568067 1.51568067 1.51568067 1.51568067 1.51568067
 1.59835416 1.59835416 1.59835416 1.59835416 1.59835416 1.59835416
 1.59835416 1.59835416 1.59835416 1.59835416 1.59835416 1.59835416
 1.59835416 1.59835416 1.59835416 1.59835416 1.68102765 1.68102765
 1.68102765 1.68102765 1.68102765 1.68102765 1.68102765 1.68102765
 1.68102765 1.68102765 1.68102765 1.68102765 1.68102765 1.68102765
 1.68102765 1.68102765 1.76370114 1.76370114 1.76370114 1.76370114
 1.76370114 1.76370114 1.76370114 1.76370114 1.76370114 1.76370114
 1.76370114 1.76370114 1.76370114 1.76370114 1.76370114 1.84637463
 1.84637463 1.84637463 1.84637463 1.84637463 1.84637463 1.84637463
 1.84637463 1.84637463 1.84637463 1.84637463 1.84637463 1.84637463
 1.84637463 1.84637463]","[0.9094084  0.99208189 1.07475538 1.15742887 1.24010236 0.41336745
 0.49604095 0.57871444 0.66138793 0.74406142 0.82673491 0.9094084
 0.99208189 1.07475538 1.15742887 1.24010236 0.41336745 0.49604095
 0.57871444 0.66138793 0.74406142 0.82673491 0.9094084  0.99208189
 1.07475538 1.15742887 1.24010236 1.32277585 0.41336745 0.49604095
 0.57871444 0.66138793 0.74406142 0.82673491 0.9094084  0.99208189
 1.07475538 1.15742887 1.24010236 1.32277585 0.33069396 0.41336745
 0.49604095 0.57871444 0.66138793 0.74406142 0.82673491 0.9094084
 0.99208189 1.07475538 1.15742887 1.24010236 1.32277585 1.40544935
 0.33069396 0.41336745 0.49604095 0.57871444 0.66138793 0.74406142
 0.82673491 0.9094084  0.99208189 1.07475538 1.15742887 1.24010236
 1.32277585 1.40544935 1.48812284 0.33069396 0.41336745 0.49604095
 0.57871444 0.66138793 0.74406142 0.82673491 0.9094084  0.99208189
 1.07475538 1.15742887 1.24010236 1.32277585 1.40544935 1.48812284
 0.24802047 0.33069396 0.41336745 0.49604095 0.57871444 0.66138793
 0.74406142 0.82673491 0.9094084  0.99208189 1.07475538 1.15742887
 1.24010236 1.32277585 1.40544935 1.48812284 0.24802047 0.33069396
 0.41336745 0.49604095 0.57871444 0.66138793 0.74406142 0.82673491
 0.9094084  0.99208189 1.07475538 1.15742887 1.24010236 1.32277585
 1.40544935 1.48812284 0.24802047 0.33069396 0.41336745 0.49604095
 0.57871444 0.66138793 0.74406142 0.82673491 0.9094084  0.99208189
 1.07475538 1.15742887 1.24010236 1.32277585 1.40544935 0.24802047
 0.33069396 0.41336745 0.49604095 0.57871444 0.66138793 0.74406142
 0.82673491 0.9094084  0.99208189 1.07475538 1.15742887 1.24010236
 1.32277585 1.40544935]","[1.02024106 1.02012567 1.02001935 1.01992903 1.01986089 1.10342705
 1.10341587 1.10336775 1.10329085 1.10319377 1.10308507 1.1029731
 1.1028658  1.10277065 1.1026944  1.10264289 1.18619078 1.18617108
 1.18611462 1.18603076 1.18592894 1.1858183  1.18570749 1.18560459
 1.18551696 1.18545114 1.18541248 1.18540459 1.26898201 1.26894657
 1.26887529 1.2687787  1.26866702 1.26854982 1.26843596 1.26833351
 1.26824967 1.26819063 1.26816125 1.26816439 1.35180725 1.35179406
 1.35173485 1.35164168 1.35152619 1.35139924 1.35127073 1.35114957
 1.35104372 1.35096011 1.35090453 1.3508813  1.35089259 1.35093714
 1.4346659  1.43461854 1.43452666 1.43440397 1.43426309 1.43411534
 1.43397077 1.43383821 1.43372537 1.43363882 1.43358391 1.4335644
 1.43358179 1.43363401 1.43371308 1.51753724 1.51744389 1.51730938
 1.51714884 1.51697563 1.51680131 1.51663588 1.51648794 1.51636485
 1.51627277 1.51621656 1.51619943 1.51622225 1.51628222 1.51637049
 1.60050084 1.60040195 1.60024928 1.60006177 1.59985562 1.59964443
 1.59943954 1.59925042 1.59908501 1.59894992 1.59885062 1.5987913
 1.59877467 1.59880125 1.59886817 1.59896692 1.68344818 1.68327055
 1.68304716 1.68279828 1.68254036 1.6822866  1.68204764 1.68183212
 1.6816471  1.68149835 1.68139055 1.68132718 1.68131032 1.68134
 1.68141292 1.68152023 1.76640964 1.76613209 1.76582234 1.76550086
 1.76518328 1.76488157 1.76460496 1.76436075 1.76415474 1.76399161
 1.76387508 1.76380786 1.76379143 1.76382543 1.76390652 1.84936323
 1.84896303 1.84855181 1.84814808 1.847765   1.84741205 1.84709624
 1.84682287 1.84659612 1.84641929 1.84629497 1.84622501 1.84621028
 1.84625015 1.84634142]","[0.90459515 0.98698195 1.06935266 1.15168815 1.23396838 0.4101824
 0.4922889  0.57451296 0.65682367 0.73919409 0.82160049 0.9040216
 0.98643777 1.06883009 1.15117952 1.23346608 0.40924435 0.49143565
 0.57373681 0.6561162  0.73854653 0.82100406 0.90346773 0.98591823
 1.068337   1.15070534 1.23300349 1.31521011 0.40828302 0.49057182
 0.57296106 0.65541841 0.7379165  0.82043194 0.90294426 0.9854348
 1.06788563 1.15027855 1.23259427 1.3148118  0.32503093 0.40730437
 0.48970564 0.57219533 0.65474078 0.73731509 0.81989574 0.90246327
 0.98499999 1.06748886 1.14991247 1.23225213 1.31448734 1.39659597
 0.32390067 0.406318   0.48884848 0.5714519  0.65409616 0.73675556
 0.819409   0.90203846 0.98462762 1.06716063 1.14962112 1.23199123
 1.31425105 1.39637885 1.47835319 0.3227535  0.40533819 0.48801603
 0.57074739 0.65350175 0.7362554  0.8189893  0.90168738 0.98433508
 1.06691812 1.14942138 1.23182807 1.31411905 1.39627298 1.47826838
 0.23895304 0.3216132  0.40439063 0.48723438 0.570107   0.65298097
 0.73583577 0.81865545 0.90142674 0.98413758 1.06677576 1.14932793
 1.23177853 1.31410912 1.39629828 1.47832326 0.23754844 0.32046408
 0.40345943 0.48648678 0.56951316 0.65251582 0.73547867 0.81838975
 0.90123927 0.9840181  1.06671656 1.14932335 1.23182461 1.31420306
 1.39643778 1.47850551 0.23609972 0.31931708 0.40256191 0.48579392
 0.56898793 0.65212837 0.73520537 0.81821225 0.90114356 0.98399383
 1.06675639 1.14942246 1.23198013 1.31441354 1.39670228 0.2346294
 0.31819873 0.40172394 0.48517889 0.56855084 0.65183454 0.73502848
 0.81813261 0.90114687 0.98407006 1.06689908 1.14962804 1.23224743
 1.31474315 1.39709567]"
201.56398278883893,324.5039852892829,0.18960859110433903,0.2303383732718177,0.001090278604331587,0.005306996766530562,0.0009313782007648,0.005201247108238949,0.003134244003068165,0.009687148656654487,115,"[1.01963972 1.10231321 1.10231321 1.10231321 1.10231321 1.10231321
 1.10231321 1.10231321 1.1849867  1.1849867  1.1849867  1.1849867
 1.1849867  1.1849867  1.1849867  1.26766019 1.26766019 1.26766019
 1.26766019 1.26766019 1.26766019 1.26766019 1.26766019 1.26766019
 1.35033368 1.35033368 1.35033368 1.35033368 1.35033368 1.35033368
 1.35033368 1.35033368 1.35033368 1.35033368 1.35033368 1.43300718
 1.43300718 1.43300718 1.43300718 1.43300718 1.43300718 1.43300718
 1.43300718 1.43300718 1.43300718 1.43300718 1.51568067 1.51568067
 1.51568067 1.51568067 1.51568067 1.51568067 1.51568067 1.51568067
 1.51568067 1.51568067 1.51568067 1.51568067 1.51568067 1.59835416
 1.59835416 1.59835416 1.59835416 1.59835416 1.59835416 1.59835416
 1.59835416 1.59835416 1.59835416 1.59835416 1.59835416 1.59835416
 1.59835416 1.68102765 1.68102765 1.68102765 1.68102765 1.68102765
 1.68102765 1.68102765 1.68102765 1.68102765 1.68102765 1.68102765
 1.68102765 1.68102765 1.68102765 1.76370114 1.76370114 1.76370114
 1.76370114 1.76370114 1.76370114 1.76370114 1.76370114 1.76370114
 1.76370114 1.76370114 1.76370114 1.76370114 1.76370114 1.84637463
 1.84637463 1.84637463 1.84637463 1.84637463 1.84637463 1.84637463
 1.84637463 1.84637463 1.84637463 1.84637463 1.84637463 1.84637463
 1.84637463]","[1.15742887 0.74406142 0.82673491 0.9094084  0.99208189 1.07475538
 1.15742887 1.24010236 0.74406142 0.82673491 0.9094084  0.99208189
 1.07475538 1.15742887 1.24010236 0.66138793 0.74406142 0.82673491
 0.9094084  0.99208189 1.07475538 1.15742887 1.24010236 1.32277585
 0.57871444 0.66138793 0.74406142 0.82673491 0.9094084  0.99208189
 1.07475538 1.15742887 1.24010236 1.32277585 1.40544935 0.57871444
 0.66138793 0.74406142 0.82673491 0.9094084  0.99208189 1.07475538
 1.15742887 1.24010236 1.32277585 1.40544935 0.49604095 0.57871444
 0.66138793 0.74406142 0.82673491 0.9094084  0.99208189 1.07475538
 1.15742887 1.24010236 1.32277585 1.40544935 1.48812284 0.41336745
 0.49604095 0.57871444 0.66138793 0.74406142 0.82673491 0.9094084
 0.99208189 1.07475538 1.15742887 1.24010236 1.32277585 1.40544935
 1.48812284 0.41336745 0.49604095 0.57871444 0.66138793 0.74406142
 0.82673491 0.9094084  0.99208189 1.07475538 1.15742887 1.24010236
 1.32277585 1.40544935 1.48812284 0.33069396 0.41336745 0.49604095
 0.57871444 0.66138793 0.74406142 0.82673491 0.9094084  0.99208189
 1.07475538 1.15742887 1.24010236 1.32277585 1.40544935 0.24802047
 0.33069396 0.41336745 0.49604095 0.57871444 0.66138793 0.74406142
 0.82673491 0.9094084  0.99208189 1.07475538 1.15742887 1.24010236
 1.32277585]","[1.01993279 1.1032602  1.10313226 1.10300553 1.10289002 1.10279534
 1.10273062 1.10270441 1.18600822 1.1858798  1.18575689 1.1856496
 1.18556741 1.18551915 1.18551287 1.26888976 1.26875679 1.26862319
 1.26849977 1.26839653 1.26832266 1.26828655 1.26829562 1.26835582
 1.35178418 1.35164318 1.35149492 1.35135126 1.35122292 1.35111956
 1.35104994 1.35102189 1.35104212 1.35111566 1.35124474 1.43454708
 1.43437918 1.43421015 1.43405173 1.43391427 1.43380695 1.43373794
 1.43371442 1.43374231 1.43382577 1.43396593 1.51747767 1.51728336
 1.51708206 1.51688694 1.51670928 1.51655887 1.51644425 1.51637291
 1.51635128 1.51638451 1.51647586 1.51662549 1.516828   1.60044254
 1.60021303 1.599971   1.59973151 1.59950699 1.59930774 1.59914253
 1.59901887 1.59894327 1.59892128 1.59895726 1.59905389 1.59921093
 1.59942295 1.68320847 1.68291443 1.68262003 1.68233918 1.68208294
 1.68186033 1.68167881 1.68154475 1.68146359 1.68143992 1.68147725
 1.6815775  1.68173983 1.68195831 1.7662937  1.7659281  1.76556163
 1.76520996 1.76488484 1.76459529 1.76434848 1.76415026 1.76400562
 1.76391879 1.76389336 1.76393201 1.76403608 1.7642044  1.84950887
 1.84904068 1.84857617 1.84813264 1.84772196 1.84735254 1.84703058
 1.84676089 1.8465474  1.8463935  1.84630213 1.84627583 1.84631649
 1.84642492]","[1.15388054 0.74073586 0.82332172 0.90590888 0.98848114 1.07102279
 1.15351763 1.23594794 0.74030713 0.82292689 0.90553967 0.98812956
 1.07068108 1.15317817 1.23560315 0.65723509 0.73989328 0.82255232
 0.90519548 0.98780749 1.07037341 1.15287762 1.23530268 1.31762841
 0.57408871 0.65679394 0.73950772 0.82221176 0.9048904  0.98752941
 1.07011473 1.15263141 1.23506255 1.31738833 1.39958523 0.57360916
 0.65639    0.73916602 0.82192063 0.90463978 0.98731063 1.06992034
 1.15245496 1.23489837 1.31723129 1.3994306  0.49031236 0.57317842
 0.65604279 0.73888725 0.82169756 0.90446178 0.98716888 1.06980758
 1.1523652  1.23482668 1.31717354 1.39938315 1.48142916 0.40687078
 0.48984815 0.57282362 0.65577673 0.73869294 0.82156134 0.90437286
 0.98711891 1.06979027 1.15237594 1.23486214 1.31723125 1.3994609
 1.48152405 0.40632328 0.48944433 0.57253489 0.65558009 0.73857023
 0.82149848 0.90435915 0.98714652 1.0698537  1.15247171 1.23498844
 1.31738758 1.39964771 1.48174207 0.32252726 0.40585102 0.48912503
 0.57233505 0.65547389 0.73853812 0.82152592 0.90443569 0.98726499
 1.07000966 1.15266302 1.23521488 1.31765051 1.39994955 0.23833332
 0.32195393 0.40548427 0.48891413 0.5722422  0.65547129 0.73860566
 0.82164939 0.9046055  0.9874752  1.07025736 1.15294784 1.23553866
 1.31801701]"
363.59657747988314,464.79066247138564,0.13991272692827622,0.24022746592059852,0.0007230075991812455,0.003734992170599517,0.0006393734850343874,0.0036806967800474383,0.0018354437281018487,0.006068906297476306,104,"[1.10231321 1.10231321 1.10231321 1.10231321 1.10231321 1.1849867
 1.1849867  1.1849867  1.1849867  1.1849867  1.1849867  1.26766019
 1.26766019 1.26766019 1.26766019 1.26766019 1.26766019 1.26766019
 1.26766019 1.35033368 1.35033368 1.35033368 1.35033368 1.35033368
 1.35033368 1.35033368 1.35033368 1.35033368 1.35033368 1.43300718
 1.43300718 1.43300718 1.43300718 1.43300718 1.43300718 1.43300718
 1.43300718 1.43300718 1.43300718 1.51568067 1.51568067 1.51568067
 1.51568067 1.51568067 1.51568067 1.51568067 1.51568067 1.51568067
 1.51568067 1.51568067 1.51568067 1.59835416 1.59835416 1.59835416
 1.59835416 1.59835416 1.59835416 1.59835416 1.59835416 1.59835416
 1.59835416 1.59835416 1.59835416 1.59835416 1.68102765 1.68102765
 1.68102765 1.68102765 1.68102765 1.68102765 1.68102765 1.68102765
 1.68102765 1.68102765 1.68102765 1.68102765 1.68102765 1.68102765
 1.76370114 1.76370114 1.76370114 1.76370114 1.76370114 1.76370114
 1.76370114 1.76370114 1.76370114 1.76370114 1.76370114 1.76370114
 1.76370114 1.84637463 1.84637463 1.84637463 1.84637463 1.84637463
 1.84637463 1.84637463 1.84637463 1.84637463 1.84637463 1.84637463
 1.84637463 1.84637463]","[0.82673491 0.9094084  0.99208189 1.07475538 1.15742887 0.82673491
 0.9094084  0.99208189 1.07475538 1.15742887 1.24010236 0.74406142
 0.82673491 0.9094084  0.99208189 1.07475538 1.15742887 1.24010236
 1.32277585 0.66138793 0.74406142 0.82673491 0.9094084  0.99208189
 1.07475538 1.15742887 1.24010236 1.32277585 1.40544935 0.66138793
 0.74406142 0.82673491 0.9094084  0.99208189 1.07475538 1.15742887
 1.24010236 1.32277585 1.40544935 0.57871444 0.66138793 0.74406142
 0.82673491 0.9094084  0.99208189 1.07475538 1.15742887 1.24010236
 1.32277585 1.40544935 1.48812284 0.49604095 0.57871444 0.66138793
 0.74406142 0.82673491 0.9094084  0.99208189 1.07475538 1.15742887
 1.24010236 1.32277585 1.40544935 1.48812284 0.41336745 0.49604095
 0.57871444 0.66138793 0.74406142 0.82673491 0.9094084  0.99208189
 1.07475538 1.15742887 1.24010236 1.32277585 1.40544935 1.48812284
 0.41336745 0.49604095 0.57871444 0.66138793 0.74406142 0.82673491
 0.9094084  0.99208189 1.07475538 1.15742887 1.24010236 1.32277585
 1.40544935 0.33069396 0.41336745 0.49604095 0.57871444 0.66138793
 0.74406142 0.82673491 0.9094084  0.99208189 1.07475538 1.15742887
 1.24010236 1.32277585]","[1.10293526 1.10284158 1.10275826 1.10269269 1.10265212 1.18565166
 1.18556354 1.18548894 1.18543513 1.18540909 1.18541756 1.26846193
 1.26836643 1.26828027 1.26821089 1.26816529 1.26815017 1.26817186
 1.26823615 1.35127802 1.3511721  1.35107141 1.35098369 1.35091612
 1.35087543 1.35086795 1.35089957 1.35097551 1.35109977 1.43398571
 1.43386672 1.43375714 1.43366447 1.43359559 1.43355685 1.43355418
 1.43359299 1.43367794 1.43381233 1.51681123 1.51666876 1.51653235
 1.51641007 1.5163091  1.51623597 1.51619667 1.51619669 1.51624094
 1.51633349 1.51647689 1.51667078 1.59964812 1.59947632 1.59930795
 1.59915167 1.59901491 1.59890418 1.59882534 1.5987837  1.59878417
 1.59883116 1.59892842 1.59907836 1.59928087 1.68253731 1.68232918
 1.68212203 1.68192541 1.68174722 1.68159412 1.6814719  1.68138571
 1.68134019 1.68133959 1.68138771 1.68148762 1.68164108 1.68184715
 1.76523486 1.76497686 1.76472948 1.76450111 1.7642985  1.76412728
 1.76399227 1.76389777 1.76384766 1.76384548 1.76389439 1.7639969
 1.76415431 1.84821007 1.84788378 1.84757105 1.84728052 1.84701875
 1.84679092 1.84660128 1.84645352 1.84635092 1.84629647 1.84629295
 1.84634285 1.84644813]","[0.82427249 0.90688904 0.98949223 1.07207025 1.15461062 0.82400265
 0.90663496 0.98924809 1.07183042 1.15436953 1.23685117 0.74108181
 0.82374745 0.90639914 0.98902572 1.07161596 1.15415765 1.23663657
 1.31903536 0.65811603 0.74082114 0.82351669 0.90619157 0.98883535
 1.07143737 1.15398579 1.23646661 1.31886246 1.40115133 0.65784508
 0.74059233 0.8233219  0.90602379 0.98868853 1.07130622 1.15386562
 1.23635313 1.3187516  1.40103897 0.57480655 0.65761717 0.74041123
 0.82317888 0.90591153 0.98860085 1.07123792 1.15381228 1.23631097
 1.3187173  1.40100948 1.48315941 0.4916942  0.57458357 0.65745454
 0.74029744 0.82310469 0.90586965 0.98858566 1.07124518 1.15383893
 1.23635479 1.31877658 1.40108255 1.48324375 0.4084417  0.49143272
 0.57439985 0.65733353 0.74022723 0.82307598 0.90587532 0.98862044
 1.07130542 1.15392236 1.23646042 1.31890454 1.40123403 1.48342089
 0.40813187 0.49122671 0.57427591 0.65727477 0.74022067 0.82311186
 0.90594651 0.98872202 1.07143436 1.15407728 1.23664145 1.31911324
 1.40147317 0.32462506 0.40789604 0.49109781 0.57422948 0.65729246
 0.74028897 0.82322101 0.90608981 0.98889528 1.07163551 1.1543062
 1.2368998  1.31940444]"
461.32962108422635,355.34786431209005,0.18732920445257645,0.22861075087858826,0.0006691904746238324,0.004512608598691095,0.0005874184540586183,0.004450641938175651,0.001634632539818881,0.006953588910670605,112,"[1.10231321 1.10231321 1.10231321 1.10231321 1.10231321 1.10231321
 1.1849867  1.1849867  1.1849867  1.1849867  1.1849867  1.1849867
 1.1849867  1.1849867  1.26766019 1.26766019 1.26766019 1.26766019
 1.26766019 1.26766019 1.26766019 1.26766019 1.26766019 1.35033368
 1.35033368 1.35033368 1.35033368 1.35033368 1.35033368 1.35033368
 1.35033368 1.35033368 1.35033368 1.43300718 1.43300718 1.43300718
 1.43300718 1.43300718 1.43300718 1.43300718 1.43300718 1.43300718
 1.43300718 1.43300718 1.51568067 1.51568067 1.51568067 1.51568067
 1.51568067 1.51568067 1.51568067 1.51568067 1.51568067 1.51568067
 1.51568067 1.51568067 1.51568067 1.59835416 1.59835416 1.59835416
 1.59835416 1.59835416 1.59835416 1.59835416 1.59835416 1.59835416
 1.59835416 1.59835416 1.59835416 1.59835416 1.59835416 1.68102765
 1.68102765 1.68102765 1.68102765 1.68102765 1.68102765 1.68102765
 1.68102765 1.68102765 1.68102765 1.68102765 1.68102765 1.68102765
 1.68102765 1.76370114 1.76370114 1.76370114 1.76370114 1.76370114
 1.76370114 1.76370114 1.76370114 1.76370114 1.76370114 1.76370114
 1.76370114 1.76370114 1.76370114 1.84637463 1.84637463 1.84637463
 1.84637463 1.84637463 1.84637463 1.84637463 1.84637463 1.84637463
 1.84637463 1.84637463 1.84637463 1.84637463]","[0.74406142 0.82673491 0.9094084  0.99208189 1.07475538 1.15742887
 0.66138793 0.74406142 0.82673491 0.9094084  0.99208189 1.07475538
 1.15742887 1.24010236 0.66138793 0.74406142 0.82673491 0.9094084
 0.99208189 1.07475538 1.15742887 1.24010236 1.32277585 0.57871444
 0.66138793 0.74406142 0.82673491 0.9094084  0.99208189 1.07475538
 1.15742887 1.24010236 1.32277585 0.57871444 0.66138793 0.74406142
 0.82673491 0.9094084  0.99208189 1.07475538 1.15742887 1.24010236
 1.32277585 1.40544935 0.49604095 0.57871444 0.66138793 0.74406142
 0.82673491 0.9094084  0.99208189 1.07475538 1.15742887 1.24010236
 1.32277585 1.40544935 1.48812284 0.41336745 0.49604095 0.57871444
 0.66138793 0.74406142 0.82673491 0.9094084  0.99208189 1.07475538
 1.15742887 1.24010236 1.32277585 1.40544935 1.48812284 0.41336745
 0.49604095 0.57871444 0.66138793 0.74406142 0.82673491 0.9094084
 0.99208189 1.07475538 1.15742887 1.24010236 1.32277585 1.40544935
 1.48812284 0.33069396 0.41336745 0.49604095 0.57871444 0.66138793
 0.74406142 0.82673491 0.9094084  0.99208189 1.07475538 1.15742887
 1.24010236 1.32277585 1.40544935 0.33069396 0.41336745 0.49604095
 0.57871444 0.66138793 0.74406142 0.82673491 0.9094084  0.99208189
 1.07475538 1.15742887 1.24010236 1.32277585]","[1.10296074 1.10287771 1.10279608 1.10272229 1.10266254 1.10262284
 1.18574365 1.18566526 1.18558421 1.1855072  1.18544062 1.18539054
 1.18536272 1.1853626  1.26845534 1.26837266 1.26829014 1.26821447
 1.2681519  1.2681083  1.26808922 1.26809973 1.26814432 1.35125335
 1.3511666  1.35107593 1.35098852 1.35091098 1.35084937 1.35080937
 1.3507962  1.35081463 1.35086867 1.43397121 1.43386914 1.4337667
 1.43367101 1.4335885  1.43352504 1.43348603 1.4334764  1.43350054
 1.43356204 1.43366307 1.5167909  1.51667293 1.51655081 1.51643244
 1.5163248  1.51623414 1.51616612 1.51612587 1.51611804 1.51614664
 1.51621478 1.51632404 1.51647314 1.59962448 1.59948524 1.59933842
 1.59919291 1.59905628 1.59893505 1.59883494 1.59876105 1.598718
 1.59870994 1.59874055 1.59881275 1.59892817 1.59908603 1.68234859
 1.68217138 1.68199293 1.68182169 1.68166471 1.68152796 1.6814166
 1.68133521 1.68128788 1.68127826 1.6813095  1.68138401 1.68150285
 1.68166448 1.76527586 1.76505631 1.76483402 1.76461855 1.76441754
 1.7642372  1.76408269 1.76395847 1.76386843 1.76381605 1.76380441
 1.76383616 1.76391326 1.76403645 1.84800926 1.84772737 1.84745414
 1.84719771 1.84696432 1.84675898 1.84658578 1.84644823 1.84634939
 1.84629201 1.84627856 1.84631113 1.84639125]","[0.74122293 0.82377972 0.90633921 0.98888864 1.07141544 1.15390638
 0.65829936 0.74087329 0.82345717 0.90603769 0.98860243 1.07113908
 1.15363454 1.23607394 0.65792419 0.7405362  0.8231512  0.90575648
 0.98834019 1.07089042 1.15339432 1.23583711 1.31820095 0.57491957
 0.65756533 0.74022012 0.82287042 0.90550441 0.98811094 1.0706787
 1.15319523 1.23564599 1.31801315 0.57453035 0.65723291 0.73993527
 0.82262518 0.90529189 0.98792518 1.07051449 1.15304795 1.23551141
 1.31788727 1.40015328 0.49141379 0.57417619 0.65694147 0.73969649
 0.82243049 0.90513404 0.98779804 1.07041282 1.15296728 1.23544788
 1.31783747 1.40011404 1.4822497  0.40819921 0.4910382  0.57388081
 0.65671264 0.73952292 0.82230305 0.90504544 0.98774261 1.07038625
 1.15296639 1.23547029 1.31788128 1.40017727 1.48232933 0.40774736
 0.490689   0.57361625 0.65651809 0.73938664 0.82221574 0.90499987
 0.98773333 1.07040937 1.15301937 1.23555184 1.31799122 1.40031639
 1.4824993  0.32425103 0.40732965 0.49038361 0.57340201 0.65637827
 0.73930818 0.8221886  0.90501657 0.98778851 1.07049954 1.15314269
 1.23570796 1.31818114 1.40054231 0.32374037 0.40696959 0.49014257
 0.57325561 0.65630784 0.73929964 0.82223154 0.90510357 0.98791466
 1.07066207 1.15334078 1.2359426  1.31845506]"
285.69495297935345,432.93703104724193,0.14971562654506343,0.2733475560480022,0.0008564010338866087,0.004083617032046389,0.0007495980670611598,0.004016361517228577,0.0021351483974725305,0.006724446198800693,106,"[1.10231321 1.10231321 1.10231321 1.10231321 1.10231321 1.1849867
 1.1849867  1.1849867  1.1849867  1.1849867  1.1849867  1.26766019
 1.26766019 1.26766019 1.26766019 1.26766019 1.26766019 1.26766019
 1.26766019 1.35033368 1.35033368 1.35033368 1.35033368 1.35033368
 1.35033368 1.35033368 1.35033368 1.35033368 1.35033368 1.43300718
 1.43300718 1.43300718 1.43300718 1.43300718 1.43300718 1.43300718
 1.43300718 1.43300718 1.43300718 1.43300718 1.51568067 1.51568067
 1.51568067 1.51568067 1.51568067 1.51568067 1.51568067 1.51568067
 1.51568067 1.51568067 1.51568067 1.51568067 1.59835416 1.59835416
 1.59835416 1.59835416 1.59835416 1.59835416 1.59835416 1.59835416
 1.59835416 1.59835416 1.59835416 1.59835416 1.59835416 1.68102765
 1.68102765 1.68102765 1.68102765 1.68102765 1.68102765 1.68102765
 1.68102765 1.68102765 1.68102765 1.68102765 1.68102765 1.68102765
 1.68102765 1.76370114 1.76370114 1.76370114 1.76370114 1.76370114
 1.76370114 1.76370114 1.76370114 1.76370114 1.76370114 1.76370114
 1.76370114 1.76370114 1.76370114 1.84637463 1.84637463 1.84637463
 1.84637463 1.84637463 1.84637463 1.84637463 1.84637463 1.84637463
 1.84637463 1.84637463 1.84637463 1.84637463]","[0.82673491 0.9094084  0.99208189 1.07475538 1.15742887 0.82673491
 0.9094084  0.99208189 1.07475538 1.15742887 1.24010236 0.74406142
 0.82673491 0.9094084  0.99208189 1.07475538 1.15742887 1.24010236
 1.32277585 0.66138793 0.74406142 0.82673491 0.9094084  0.99208189
 1.07475538 1.15742887 1.24010236 1.32277585 1.40544935 0.57871444
 0.66138793 0.74406142 0.82673491 0.9094084  0.99208189 1.07475538
 1.15742887 1.24010236 1.32277585 1.40544935 0.57871444 0.66138793
 0.74406142 0.82673491 0.9094084  0.99208189 1.07475538 1.15742887
 1.24010236 1.32277585 1.40544935 1.48812284 0.49604095 0.57871444
 0.66138793 0.74406142 0.82673491 0.9094084  0.99208189 1.07475538
 1.15742887 1.24010236 1.32277585 1.40544935 1.48812284 0.41336745
 0.49604095 0.57871444 0.66138793 0.74406142 0.82673491 0.9094084
 0.99208189 1.07475538 1.15742887 1.24010236 1.32277585 1.40544935
 1.48812284 0.33069396 0.41336745 0.49604095 0.57871444 0.66138793
 0.74406142 0.82673491 0.9094084  0.99208189 1.07475538 1.15742887
 1.24010236 1.32277585 1.40544935 0.33069396 0.41336745 0.49604095
 0.57871444 0.66138793 0.74406142 0.82673491 0.9094084  0.99208189
 1.07475538 1.15742887 1.24010236 1.32277585]","[1.10300976 1.10290285 1.10280732 1.10273157 1.10268378 1.18573786
 1.18563635 1.18554992 1.18548684 1.18545501 1.18546192 1.26857371
 1.26846332 1.26836332 1.26828219 1.26822794 1.2682081  1.26822968
 1.2682989  1.35141649 1.35129382 1.35117681 1.35107441 1.35099485
 1.35094577 1.35093424 1.35096674 1.35104879 1.35118422 1.43427295
 1.43413373 1.43399544 1.43386772 1.43375922 1.43367777 1.43363056
 1.43362416 1.43366444 1.43375623 1.4339025  1.51698833 1.51682289
 1.51666428 1.51652177 1.5164036  1.51631713 1.51626905 1.51626537
 1.51631134 1.51641107 1.51656667 1.51677649 1.59985928 1.59965987
 1.59946428 1.59928258 1.59912328 1.5989938  1.59890068 1.59884982
 1.59884651 1.59889541 1.59900016 1.5991626  1.59938118 1.68278686
 1.68254486 1.68230412 1.68207576 1.68186883 1.68169089 1.6815484
 1.68144703 1.68139186 1.68138741 1.68143758 1.6815453  1.68171173
 1.68193457 1.76578832 1.76548805 1.7651883  1.76490146 1.76463709
 1.76440279 1.76420476 1.76404828 1.76393796 1.76387793 1.76387189
 1.76392301 1.7640336  1.7642044  1.84850978 1.84813067 1.8477686
 1.84743329 1.84713195 1.84687014 1.84665237 1.84648244 1.84636377
 1.84629942 1.84629222 1.84634459 1.84645827]","[0.82407032 0.90668946 0.98929381 1.07187044 1.15440573 0.82377191
 0.90640869 0.98902411 1.07160543 1.15413912 1.23660983 0.74081553
 0.8234896  0.90614795 0.98877825 1.07136815 1.15390441 1.23637175
 1.31875178 0.65780873 0.74052717 0.82323466 0.9059188  0.98856806
 1.07117077 1.15371416 1.23618325 1.31855974 1.40082082 0.57473603
 0.65750903 0.74027469 0.82302012 0.9057342  0.98840651 1.0710263
 1.1535815  1.23605766 1.31843678 1.40069616 0.57442009 0.65725724
 0.74007516 0.82286284 0.90561081 0.98831003 1.07095088 1.15352226
 1.23601048 1.31839812 1.40066283 1.48277648 0.49124491 0.57417143
 0.65707639 0.7399489  0.82278054 0.90556411 0.98829247 1.07095765
 1.15354984 1.23605637 1.31846045 1.40073987 1.48286579 0.40791549
 0.49095813 0.57397246 0.65694767 0.73987657 0.82275386 0.9055749
 0.98833474 1.07102724 1.15364421 1.23617436 1.31860214 1.40090636
 1.48305899 0.32437546 0.40757901 0.49073869 0.57384465 0.65689187
 0.73987785 0.82280109 0.90566003 0.98845228 1.07117384 1.1538184
 1.23637633 1.31883357 1.40117016 0.32396952 0.40733026 0.49060917
 0.57380591 0.65692284 0.73996315 0.82292978 0.9058247  0.98864837
 1.07139923 1.15407308 1.23666224 1.31915447]"
167.9817259067397,400.99580258959134,0.16407470561157605,0.2834285287360578,0.0011356524538216565,0.004617305084039675,0.000971105902766587,0.00450908304278675,0.0032996434433143484,0.008871189280258596,109,"[1.01963972 1.10231321 1.10231321 1.10231321 1.10231321 1.10231321
 1.10231321 1.1849867  1.1849867  1.1849867  1.1849867  1.1849867
 1.1849867  1.26766019 1.26766019 1.26766019 1.26766019 1.26766019
 1.26766019 1.26766019 1.26766019 1.35033368 1.35033368 1.35033368
 1.35033368 1.35033368 1.35033368 1.35033368 1.35033368 1.35033368
 1.35033368 1.43300718 1.43300718 1.43300718 1.43300718 1.43300718
 1.43300718 1.43300718 1.43300718 1.43300718 1.43300718 1.43300718
 1.51568067 1.51568067 1.51568067 1.51568067 1.51568067 1.51568067
 1.51568067 1.51568067 1.51568067 1.51568067 1.51568067 1.51568067
 1.59835416 1.59835416 1.59835416 1.59835416 1.59835416 1.59835416
 1.59835416 1.59835416 1.59835416 1.59835416 1.59835416 1.59835416
 1.59835416 1.68102765 1.68102765 1.68102765 1.68102765 1.68102765
 1.68102765 1.68102765 1.68102765 1.68102765 1.68102765 1.68102765
 1.68102765 1.68102765 1.68102765 1.76370114 1.76370114 1.76370114
 1.76370114 1.76370114 1.76370114 1.76370114 1.76370114 1.76370114
 1.76370114 1.76370114 1.76370114 1.76370114 1.76370114 1.84637463
 1.84637463 1.84637463 1.84637463 1.84637463 1.84637463 1.84637463
 1.84637463 1.84637463 1.84637463 1.84637463 1.84637463 1.84637463
 1.84637463]","[1.15742887 0.82673491 0.9094084  0.99208189 1.07475538 1.15742887
 1.24010236 0.82673491 0.9094084  0.99208189 1.07475538 1.15742887
 1.24010236 0.74406142 0.82673491 0.9094084  0.99208189 1.07475538
 1.15742887 1.24010236 1.32277585 0.66138793 0.74406142 0.82673491
 0.9094084  0.99208189 1.07475538 1.15742887 1.24010236 1.32277585
 1.40544935 0.57871444 0.66138793 0.74406142 0.82673491 0.9094084
 0.99208189 1.07475538 1.15742887 1.24010236 1.32277585 1.40544935
 0.57871444 0.66138793 0.74406142 0.82673491 0.9094084  0.99208189
 1.07475538 1.15742887 1.24010236 1.32277585 1.40544935 1.48812284
 0.49604095 0.57871444 0.66138793 0.74406142 0.82673491 0.9094084
 0.99208189 1.07475538 1.15742887 1.24010236 1.32277585 1.40544935
 1.48812284 0.41336745 0.49604095 0.57871444 0.66138793 0.74406142
 0.82673491 0.9094084  0.99208189 1.07475538 1.15742887 1.24010236
 1.32277585 1.40544935 1.48812284 0.33069396 0.41336745 0.49604095
 0.57871444 0.66138793 0.74406142 0.82673491 0.9094084  0.99208189
 1.07475538 1.15742887 1.24010236 1.32277585 1.40544935 0.24802047
 0.33069396 0.41336745 0.49604095 0.57871444 0.66138793 0.74406142
 0.82673491 0.9094084  0.99208189 1.07475538 1.15742887 1.24010236
 1.32277585]","[1.01993905 1.10317133 1.10303551 1.10291346 1.10281581 1.1027528
 1.10273419 1.18592847 1.18579715 1.18568458 1.18560127 1.18555716
 1.18556147 1.26882437 1.26868022 1.26854896 1.26844156 1.26836822
 1.26833837 1.26836051 1.26844179 1.3517297  1.35156845 1.35141408
 1.3512783  1.35117172 1.351104   1.35108391 1.35111913 1.35121576
 1.35137716 1.43465268 1.43446891 1.43428596 1.43411659 1.43397201
 1.43386224 1.43379623 1.43378196 1.43382623 1.4339341  1.43410766
 1.51738927 1.51717042 1.51696054 1.51677177 1.51661459 1.51649822
 1.51643078 1.51641938 1.51646987 1.51658631 1.51676964 1.51701521
 1.60033584 1.60007199 1.59981351 1.59957361 1.59936324 1.59919169
 1.59906696 1.59899606 1.59898506 1.59903892 1.59916093 1.59935151
 1.59960575 1.68334686 1.68302577 1.68270753 1.68240677 1.68213504
 1.68190171 1.68171456 1.68158026 1.68150461 1.68149258 1.68154815
 1.68167376 1.68186911 1.68212876 1.7664464  1.76604742 1.76565167
 1.76527536 1.7649305  1.76462622 1.76436977 1.76416711 1.76402335
 1.76394293 1.76392971 1.76398673 1.76411575 1.76431609 1.84967427
 1.84916471 1.84866473 1.8481917  1.84775732 1.84736975 1.84703493
 1.8467575  1.8465413  1.84638973 1.84630581 1.84629224 1.84635122
 1.84648389]","[1.1544715  0.8237654  0.90640126 0.989019   1.07160359 1.15413939
 1.23660919 0.82341681 0.90607379 0.98870447 1.07129398 1.15382676
 1.23628552 0.74038449 0.82308717 0.90576974 0.98841758 1.07101633
 1.1535508  1.23600394 1.31835566 0.6572912  0.74004879 0.82279156
 0.90550458 0.98817423 1.07078704 1.15332854 1.23578218 1.31812821
 1.40034288 0.57411833 0.65694395 0.73975867 0.8225467  0.9052948
 0.98799083 1.07062256 1.15317653 1.235637   1.31798481 1.4001966
 0.57375325 0.65665683 0.73953413 0.82237191 0.90515913 0.98788555
 1.07054055 1.15311203 1.23558528 1.31794201 1.40015944 1.48221041
 0.49045329 0.57346907 0.65645471 0.73939696 0.82228609 0.90511403
 0.98787308 1.07055471 1.15314854 1.23564121 1.31801533 1.40024849
 1.48231306 0.40697419 0.49013717 0.57325985 0.6563292  0.73933714
 0.82227816 0.90514774 0.98794105 1.07065198 1.15327216 1.23578994
 1.31818929 1.40044881 1.48254132 0.32324511 0.40661239 0.48991725
 0.57314821 0.65630039 0.73937222 0.82236335 0.90527334 0.98810069
 1.070842   1.15349118 1.2360385  1.31846958 1.40076416 0.23914928
 0.32281414 0.4063719  0.48981678 0.5731509  0.65637966 0.73950925
 0.82254521 0.90549166 0.98835064 1.0711217  1.15380122 1.23638167
 1.31885056]"
298.8979536659065,405.7479997675551,0.17959296466784047,0.2775501026233595,0.0008381866884046466,0.004265088412570285,0.0007336252753807903,0.004197481366397492,0.002101082610864502,0.0069490831801199415,107,"[1.10231321 1.10231321 1.10231321 1.10231321 1.10231321 1.1849867
 1.1849867  1.1849867  1.1849867  1.1849867  1.1849867  1.1849867
 1.26766019 1.26766019 1.26766019 1.26766019 1.26766019 1.26766019
 1.26766019 1.26766019 1.35033368 1.35033368 1.35033368 1.35033368
 1.35033368 1.35033368 1.35033368 1.35033368 1.35033368 1.35033368
 1.43300718 1.43300718 1.43300718 1.43300718 1.43300718 1.43300718
 1.43300718 1.43300718 1.43300718 1.43300718 1.43300718 1.51568067
 1.51568067 1.51568067 1.51568067 1.51568067 1.51568067 1.51568067
 1.51568067 1.51568067 1.51568067 1.51568067 1.51568067 1.59835416
 1.59835416 1.59835416 1.59835416 1.59835416 1.59835416 1.59835416
 1.59835416 1.59835416 1.59835416 1.59835416 1.59835416 1.59835416
 1.68102765 1.68102765 1.68102765 1.68102765 1.68102765 1.68102765
 1.68102765 1.68102765 1.68102765 1.68102765 1.68102765 1.68102765
 1.68102765 1.68102765 1.76370114 1.76370114 1.76370114 1.76370114
 1.76370114 1.76370114 1.76370114 1.76370114 1.76370114 1.76370114
 1.76370114 1.76370114 1.76370114 1.76370114 1.84637463 1.84637463
 1.84637463 1.84637463 1.84637463 1.84637463 1.84637463 1.84637463
 1.84637463 1.84637463 1.84637463 1.84637463 1.84637463]","[0.82673491 0.9094084  0.99208189 1.07475538 1.15742887 0.74406142
 0.82673491 0.9094084  0.99208189 1.07475538 1.15742887 1.24010236
 0.74406142 0.82673491 0.9094084  0.99208189 1.07475538 1.15742887
 1.24010236 1.32277585 0.66138793 0.74406142 0.82673491 0.9094084
 0.99208189 1.07475538 1.15742887 1.24010236 1.32277585 1.40544935
 0.57871444 0.66138793 0.74406142 0.82673491 0.9094084  0.99208189
 1.07475538 1.15742887 1.24010236 1.32277585 1.40544935 0.57871444
 0.66138793 0.74406142 0.82673491 0.9094084  0.99208189 1.07475538
 1.15742887 1.24010236 1.32277585 1.40544935 1.48812284 0.49604095
 0.57871444 0.66138793 0.74406142 0.82673491 0.9094084  0.99208189
 1.07475538 1.15742887 1.24010236 1.32277585 1.40544935 1.48812284
 0.41336745 0.49604095 0.57871444 0.66138793 0.74406142 0.82673491
 0.9094084  0.99208189 1.07475538 1.15742887 1.24010236 1.32277585
 1.40544935 1.48812284 0.33069396 0.41336745 0.49604095 0.57871444
 0.66138793 0.74406142 0.82673491 0.9094084  0.99208189 1.07475538
 1.15742887 1.24010236 1.32277585 1.40544935 0.33069396 0.41336745
 0.49604095 0.57871444 0.66138793 0.74406142 0.82673491 0.9094084
 0.99208189 1.07475538 1.15742887 1.24010236 1.32277585]","[1.10299935 1.10289478 1.10280098 1.10272611 1.10267805 1.18583059
 1.18572528 1.18562591 1.18554088 1.1854782  1.1854455  1.18544998
 1.26855664 1.26844886 1.26835082 1.2682708  1.26821654 1.26819532
 1.26821388 1.26827811 1.35139492 1.35127538 1.35116099 1.35106046
 1.35098177 1.35093235 1.35091903 1.35094803 1.3510246  1.35115225
 1.43424678 1.43411133 1.43397639 1.43385135 1.43374464 1.4336639
 1.4336161  1.43360759 1.43364403 1.43373    1.43386818 1.51696185
 1.51680061 1.51664557 1.51650581 1.51638938 1.51630348 1.5162546
 1.51624859 1.51629049 1.5163842  1.51653159 1.51673076 1.59982837
 1.59963415 1.59944316 1.59926524 1.59910877 1.59898098 1.5988883
 1.59883648 1.59883067 1.59887534 1.59897396 1.59912818 1.59933624
 1.68275161 1.68251604 1.68228108 1.68205765 1.68185466 1.68167955
 1.68153868 1.68143762 1.68138133 1.68137423 1.68142008 1.68152165
 1.68167992 1.68189244 1.76574872 1.76545642 1.76516381 1.76488314
 1.76462386 1.76439348 1.76419816 1.76404312 1.76393293 1.76387162
 1.76386281 1.76390956 1.76401406 1.7641769  1.84847571 1.84810537
 1.84775081 1.84742174 1.84712536 1.84686724 1.84665188 1.84648311
 1.84636428 1.84629845 1.84628837 1.84633636 1.84644409]","[0.82395185 0.90655815 0.98915043 1.07171554 1.15423969 0.74100823
 0.82364089 0.90626607 0.98887068 1.07144179 1.1539657  1.2364269
 0.74068368 0.82334647 0.90599454 0.98861534 1.07119638 1.15372424
 1.23618351 1.31855571 0.65767475 0.74038206 0.82307961 0.9057548
 0.98839593 1.07099117 1.15352756 1.23599002 1.31836015 1.40061513
 0.5745984  0.65736022 0.74011614 0.82285305 0.90555961 0.98822522
 1.07083894 1.15338857 1.23585951 1.31823369 1.40048838 0.57426559
 0.65709307 0.73990279 0.8226835  0.90542548 0.9881195  1.07075577
 1.15332301 1.23580741 1.31819147 1.4004528  1.48256339 0.49108246
 0.57399924 0.65689624 0.73976226 0.82258862 0.90536786 0.98809264
 1.07075478 1.15334433 1.23584847 1.31825032 1.40052761 1.48265156
 0.4077414  0.4907741  0.5737807  0.65675    0.73967442 0.82254837
 0.90536695 0.98812497 1.07081611 1.15343201 1.23596124 1.31838815
 1.40069148 1.48284323 0.32418478 0.40737817 0.49053051 0.57363137
 0.65667523 0.73965916 0.82258135 0.90543995 0.98823235 1.07095438
 1.15359954 1.23615809 1.31861583 1.40095272 0.32374488 0.40709909
 0.49037425 0.5735693  0.65668604 0.73972722 0.82269546 0.90559247
 0.98841851 1.07117183 1.15384808 1.23643947 1.31893362]"
176.12782486161865,188.72973682125624,0.19671659072980818,0.2900592502538451,0.0013386025279606562,0.00812143290081919,0.0011104023349998277,0.00792608078103315,0.0036920679922070043,0.014291510220905745,143,"[1.01963972 1.01963972 1.01963972 1.01963972 1.01963972 1.01963972
 1.10231321 1.10231321 1.10231321 1.10231321 1.10231321 1.10231321
 1.10231321 1.10231321 1.10231321 1.10231321 1.1849867  1.1849867
 1.1849867  1.1849867  1.1849867  1.1849867  1.1849867  1.1849867
 1.1849867  1.1849867  1.1849867  1.26766019 1.26766019 1.26766019
 1.26766019 1.26766019 1.26766019 1.26766019 1.26766019 1.26766019
 1.26766019 1.26766019 1.26766019 1.35033368 1.35033368 1.35033368
 1.35033368 1.35033368 1.35033368 1.35033368 1.35033368 1.35033368
 1.35033368 1.35033368 1.35033368 1.35033368 1.43300718 1.43300718
 1.43300718 1.43300718 1.43300718 1.43300718 1.43300718 1.43300718
 1.43300718 1.43300718 1.43300718 1.43300718 1.43300718 1.43300718
 1.43300718 1.51568067 1.51568067 1.51568067 1.51568067 1.51568067
 1.51568067 1.51568067 1.51568067 1.51568067 1.51568067 1.51568067
 1.51568067 1.51568067 1.51568067 1.51568067 1.59835416 1.59835416
 1.59835416 1.59835416 1.59835416 1.59835416 1.59835416 1.59835416
 1.59835416 1.59835416 1.59835416 1.59835416 1.59835416 1.59835416
 1.59835416 1.68102765 1.68102765 1.68102765 1.68102765 1.68102765
 1.68102765 1.68102765 1.68102765 1.68102765 1.68102765 1.68102765
 1.68102765 1.68102765 1.68102765 1.68102765 1.68102765 1.76370114
 1.76370114 1.76370114 1.76370114 1.76370114 1.76370114 1.76370114
 1.76370114 1.76370114 1.76370114 1.76370114 1.76370114 1.76370114
 1.76370114 1.76370114 1.84637463 1.84637463 1.84637463 1.84637463
 1.84637463 1.84637463 1.84637463 1.84637463 1.84637463 1.84637463
 1.84637463 1.84637463 1.84637463 1.84637463 1.84637463]","[0.82673491 0.9094084  0.99208189 1.07475538 1.15742887 1.24010236
 0.49604095 0.57871444 0.66138793 0.74406142 0.82673491 0.9094084
 0.99208189 1.07475538 1.15742887 1.24010236 0.49604095 0.57871444
 0.66138793 0.74406142 0.82673491 0.9094084  0.99208189 1.07475538
 1.15742887 1.24010236 1.32277585 0.41336745 0.49604095 0.57871444
 0.66138793 0.74406142 0.82673491 0.9094084  0.99208189 1.07475538
 1.15742887 1.24010236 1.32277585 0.41336745 0.49604095 0.57871444
 0.66138793 0.74406142 0.82673491 0.9094084  0.99208189 1.07475538
 1.15742887 1.24010236 1.32277585 1.40544935 0.33069396 0.41336745
 0.49604095 0.57871444 0.66138793 0.74406142 0.82673491 0.9094084
 0.99208189 1.07475538 1.15742887 1.24010236 1.32277585 1.40544935
 1.48812284 0.33069396 0.41336745 0.49604095 0.57871444 0.66138793
 0.74406142 0.82673491 0.9094084  0.99208189 1.07475538 1.15742887
 1.24010236 1.32277585 1.40544935 1.48812284 0.33069396 0.41336745
 0.49604095 0.57871444 0.66138793 0.74406142 0.82673491 0.9094084
 0.99208189 1.07475538 1.15742887 1.24010236 1.32277585 1.40544935
 1.48812284 0.24802047 0.33069396 0.41336745 0.49604095 0.57871444
 0.66138793 0.74406142 0.82673491 0.9094084  0.99208189 1.07475538
 1.15742887 1.24010236 1.32277585 1.40544935 1.48812284 0.24802047
 0.33069396 0.41336745 0.49604095 0.57871444 0.66138793 0.74406142
 0.82673491 0.9094084  0.99208189 1.07475538 1.15742887 1.24010236
 1.32277585 1.40544935 0.24802047 0.33069396 0.41336745 0.49604095
 0.57871444 0.66138793 0.74406142 0.82673491 0.9094084  0.99208189
 1.07475538 1.15742887 1.24010236 1.32277585 1.40544935]","[1.02047346 1.02033351 1.0201955  1.02006838 1.01996055 1.01987951
 1.10362497 1.10356764 1.1034749  1.10335729 1.10322537 1.1030894
 1.10295914 1.10284374 1.10275151 1.10268953 1.18641601 1.1863474
 1.18624467 1.18611958 1.18598355 1.18584733 1.18572095 1.18561351
 1.18553302 1.18548604 1.18547686 1.26927279 1.2692298  1.26914172
 1.26902189 1.26888319 1.2687377  1.26859649 1.26846962 1.26836598
 1.26829318 1.26825707 1.26826101 1.35213045 1.35205686 1.35194033
 1.35179577 1.35163698 1.35147646 1.35132541 1.35119369 1.35108984
 1.3510209  1.350992   1.35100554 1.35105961 1.43506008 1.435001
 1.43488535 1.43473084 1.43455366 1.43436827 1.43418732 1.43402182
 1.43388127 1.43377366 1.4337054  1.43368083 1.43370146 1.43376429
 1.43385899 1.51798817 1.5178701  1.5177     1.51749749 1.51727972
 1.51706133 1.51685481 1.51667071 1.51651794 1.51640383 1.51633404
 1.51631216 1.51633884 1.51641017 1.51651482 1.60090871 1.60071507
 1.60047798 1.60021837 1.59995357 1.59969778 1.59946266 1.59925781
 1.59909108 1.59896884 1.59889586 1.59887496 1.59890628 1.59898564
 1.59910181 1.68405094 1.68382367 1.68353954 1.68322502 1.68290115
 1.68258446 1.68228795 1.68202193 1.68179467 1.6816128  1.68148155
 1.68140471 1.68138434 1.68141992 1.6815069  1.68163388 1.76707092
 1.76671621 1.76632393 1.76592032 1.76552482 1.76515184 1.76481218
 1.76451413 1.76426412 1.76406723 1.76392739 1.76384736 1.76382842
 1.76386965 1.76396647 1.8500667  1.8495585  1.84904237 1.84854097
 1.84806967 1.84763904 1.84725656 1.84692768 1.84665656 1.84644643
 1.84629974 1.84621818 1.8462023  1.84625088 1.84635963]","[0.8221408  0.9045513  0.98696343 1.06935713 1.15171229 1.23400805
 0.49209262 0.57433737 0.65667373 0.73907254 0.8215082  0.90395781
 0.98640032 1.06881566 1.15118378 1.23348387 0.4912007  0.57352703
 0.65593646 0.73839907 0.82088896 0.90338328 0.98586125 1.06830311
 1.15068916 1.23299892 1.31521058 0.40798124 0.4902941  0.57271517
 0.65520857 0.73774396 0.82029562 0.90284124 0.98536069 1.06783492
 1.15024485 1.23257059 1.31479088 0.4069482  0.48938355 0.5719142
 0.65450345 0.73712127 0.81974279 0.90234676 0.9849142  1.06742709
 1.14986732 1.2322158  1.314452   1.3965544  0.32345134 0.40590581
 0.48848392 0.57113986 0.65383728 0.73654738 0.81924689 0.90191626
 0.98453814 1.06709599 1.14957296 1.23195103 1.31421048 1.39633045
 1.47829156 0.32223075 0.40487241 0.48761476 0.57041224 0.65323022
 0.73604223 0.8188275  0.90156888 0.9842512  1.06685981 1.14937949
 1.23179352 1.31408313 1.39622801 1.4782089  0.32101778 0.40387687
 0.4868049  0.56975875 0.65270742 0.73562833 0.81850448 0.90132215
 0.98406913 1.06673332 1.14930154 1.23175857 1.31408658 1.39626532
 1.47827438 0.23678536 0.31980898 0.40291537 0.48604891 0.56917214
 0.65226007 0.73529578 0.81826726 0.90116505 0.98398055 1.06670464
 1.14932658 1.23183305 1.31420746 1.39643003 1.47847957 0.23525538
 0.31862453 0.40201191 0.48537162 0.56867635 0.65191036 0.73506462
 0.81813364 0.90111329 0.98399929 1.06678604 1.14946563 1.23202691
 1.31445477 1.39672982 0.23372896 0.31749816 0.40119692 0.48479824
 0.56829113 0.651673   0.73494523 0.81811041 0.90117076 0.98412698
 1.06697747 1.14971751 1.23233848 1.31482705 1.39716453]"
259.3576377764201,210.55958854935494,0.18326894758088663,0.2894061725528432,0.0011030560735223465,0.007270326871242837,0.0009243556039201685,0.007114702703063804,0.002986455228475293,0.012365677662026842,137,"[1.01963972 1.01963972 1.01963972 1.10231321 1.10231321 1.10231321
 1.10231321 1.10231321 1.10231321 1.10231321 1.10231321 1.10231321
 1.10231321 1.1849867  1.1849867  1.1849867  1.1849867  1.1849867
 1.1849867  1.1849867  1.1849867  1.1849867  1.1849867  1.1849867
 1.26766019 1.26766019 1.26766019 1.26766019 1.26766019 1.26766019
 1.26766019 1.26766019 1.26766019 1.26766019 1.26766019 1.35033368
 1.35033368 1.35033368 1.35033368 1.35033368 1.35033368 1.35033368
 1.35033368 1.35033368 1.35033368 1.35033368 1.35033368 1.35033368
 1.43300718 1.43300718 1.43300718 1.43300718 1.43300718 1.43300718
 1.43300718 1.43300718 1.43300718 1.43300718 1.43300718 1.43300718
 1.43300718 1.51568067 1.51568067 1.51568067 1.51568067 1.51568067
 1.51568067 1.51568067 1.51568067 1.51568067 1.51568067 1.51568067
 1.51568067 1.51568067 1.51568067 1.51568067 1.59835416 1.59835416
 1.59835416 1.59835416 1.59835416 1.59835416 1.59835416 1.59835416
 1.59835416 1.59835416 1.59835416 1.59835416 1.59835416 1.59835416
 1.59835416 1.68102765 1.68102765 1.68102765 1.68102765 1.68102765
 1.68102765 1.68102765 1.68102765 1.68102765 1.68102765 1.68102765
 1.68102765 1.68102765 1.68102765 1.68102765 1.68102765 1.76370114
 1.76370114 1.76370114 1.76370114 1.76370114 1.76370114 1.76370114
 1.76370114 1.76370114 1.76370114 1.76370114 1.76370114 1.76370114
 1.76370114 1.76370114 1.84637463 1.84637463 1.84637463 1.84637463
 1.84637463 1.84637463 1.84637463 1.84637463 1.84637463 1.84637463
 1.84637463 1.84637463 1.84637463 1.84637463 1.84637463]","[0.99208189 1.07475538 1.15742887 0.49604095 0.57871444 0.66138793
 0.74406142 0.82673491 0.9094084  0.99208189 1.07475538 1.15742887
 1.24010236 0.49604095 0.57871444 0.66138793 0.74406142 0.82673491
 0.9094084  0.99208189 1.07475538 1.15742887 1.24010236 1.32277585
 0.49604095 0.57871444 0.66138793 0.74406142 0.82673491 0.9094084
 0.99208189 1.07475538 1.15742887 1.24010236 1.32277585 0.41336745
 0.49604095 0.57871444 0.66138793 0.74406142 0.82673491 0.9094084
 0.99208189 1.07475538 1.15742887 1.24010236 1.32277585 1.40544935
 0.41336745 0.49604095 0.57871444 0.66138793 0.74406142 0.82673491
 0.9094084  0.99208189 1.07475538 1.15742887 1.24010236 1.32277585
 1.40544935 0.33069396 0.41336745 0.49604095 0.57871444 0.66138793
 0.74406142 0.82673491 0.9094084  0.99208189 1.07475538 1.15742887
 1.24010236 1.32277585 1.40544935 1.48812284 0.33069396 0.41336745
 0.49604095 0.57871444 0.66138793 0.74406142 0.82673491 0.9094084
 0.99208189 1.07475538 1.15742887 1.24010236 1.32277585 1.40544935
 1.48812284 0.24802047 0.33069396 0.41336745 0.49604095 0.57871444
 0.66138793 0.74406142 0.82673491 0.9094084  0.99208189 1.07475538
 1.15742887 1.24010236 1.32277585 1.40544935 1.48812284 0.24802047
 0.33069396 0.41336745 0.49604095 0.57871444 0.66138793 0.74406142
 0.82673491 0.9094084  0.99208189 1.07475538 1.15742887 1.24010236
 1.32277585 1.40544935 0.24802047 0.33069396 0.41336745 0.49604095
 0.57871444 0.66138793 0.74406142 0.82673491 0.9094084  0.99208189
 1.07475538 1.15742887 1.24010236 1.32277585 1.40544935]","[1.02012292 1.02001655 1.01992828 1.10343519 1.10338321 1.10330211
 1.10320103 1.103089   1.10297478 1.10286671 1.10277267 1.10269989
 1.10265476 1.18619229 1.18613154 1.18604338 1.18593776 1.18582425
 1.18571189 1.18560912 1.18552374 1.18546271 1.18543194 1.18543573
 1.26896919 1.26889318 1.2687922  1.26867692 1.26855732 1.2684426
 1.26834117 1.26826062 1.26820758 1.26818742 1.26820369 1.35182248
 1.35175796 1.35165962 1.35153967 1.35140936 1.35127892 1.35115759
 1.3510536  1.35097425 1.35092573 1.35091286 1.35093844 1.35100204
 1.43464686 1.43454882 1.43442059 1.43427524 1.43412442 1.43397845
 1.4338464  1.43373624 1.43365485 1.43360792 1.43359971 1.43363231
 1.43370442 1.51757088 1.51747    1.51732861 1.51716231 1.51698478
 1.51680782 1.51664161 1.51649493 1.51637534 1.51628925 1.51624184
 1.51623675 1.51627542 1.51635577 1.51646985 1.60043181 1.60027052
 1.60007569 1.59986383 1.59964871 1.5994418  1.59925265 1.59908931
 1.59895856 1.59886604 1.59881624 1.59881225 1.59885512 1.59894265
 1.59906714 1.68348083 1.68329223 1.68305955 1.68280335 1.68254016
 1.68228321 1.68204313 1.68182855 1.68164656 1.68150305 1.68140282
 1.68134962 1.68134585 1.68139202 1.68148546 1.68161814 1.7664291
 1.76613985 1.76582103 1.76549304 1.76517134 1.76486773 1.76459132
 1.76434933 1.76414752 1.76399064 1.76388249 1.76382601 1.76382295
 1.7638734  1.7639746  1.84936108 1.84895006 1.84853139 1.84812312
 1.84773798 1.84738515 1.8470714  1.84680191 1.84658078 1.84641132
 1.84629622 1.8462375  1.84623629 1.84629233 1.84640296]","[0.98746809 1.06988063 1.15225701 0.49252873 0.57481455 0.65718075
 0.73960124 0.82205329 0.90451661 0.98697245 1.06940278 1.15178929
 1.23411258 0.49174871 0.57410722 0.65653756 0.73901344 0.82151216
 0.90401368 0.98649962 1.06895227 1.1513536  1.23368442 1.31592357
 0.49095919 0.57340086 0.65590415 0.7384428  0.82099455 0.90353998
 0.98606137 1.06854162 1.15096322 1.23330736 1.31555319 0.40771312
 0.49016912 0.5727057  0.65529147 0.73790081 0.82051241 0.90310787
 0.98567048 1.06818403 1.15063175 1.23299542 1.31525466 1.3973868
 0.4068117  0.48939077 0.5720347  0.65471292 0.73740115 0.82007958
 0.9027313  0.98534096 1.06789356 1.15037335 1.23276292 1.31504245
 1.39718969 0.32328585 0.40592176 0.48864078 0.57140515 0.65418613
 0.73696157 0.81971379 0.90242787 0.98509022 1.06768736 1.15020484
 1.23262629 1.31493265 1.3971021  1.47911153 0.3222504  0.40507021
 0.48794604 0.57084272 0.65373477 0.73660332 0.81943384 0.90221421
 0.98493329 1.06757969 1.15014066 1.23260109 1.31494267 1.39714357
 1.47917955 0.2382575  0.3212174  0.40424363 0.48729169 0.57033132
 0.65334195 0.73630927 0.8192227  0.90207353 0.98485354 1.06755378
 1.15016356 1.23266944 1.31505431 1.39729698 1.47937296 0.23695486
 0.32020086 0.40346116 0.48669937 0.56989332 0.65302969 0.73610034
 0.81909985 0.90202378 0.98486741 1.06762475 1.15028751 1.23284423
 1.31527928 1.39757212 0.23565479 0.31923021 0.40275013 0.4861927
 0.56954821 0.6528135  0.73598852 0.81907426 0.9020714  0.98497934
 1.06779547 1.15051432 1.23312676 1.31561897 1.3979715 ]"
362.11460468537456,257.4724413527662,0.1558808061589742,0.2110354047129807,0.0008650074126123741,0.006007689735323034,0.0007423072734843256,0.005901240347925827,0.0023645719141027755,0.010022667799050866,127,"[1.01963972 1.10231321 1.10231321 1.10231321 1.10231321 1.10231321
 1.10231321 1.10231321 1.10231321 1.10231321 1.1849867  1.1849867
 1.1849867  1.1849867  1.1849867  1.1849867  1.1849867  1.1849867
 1.1849867  1.26766019 1.26766019 1.26766019 1.26766019 1.26766019
 1.26766019 1.26766019 1.26766019 1.26766019 1.26766019 1.26766019
 1.35033368 1.35033368 1.35033368 1.35033368 1.35033368 1.35033368
 1.35033368 1.35033368 1.35033368 1.35033368 1.35033368 1.35033368
 1.43300718 1.43300718 1.43300718 1.43300718 1.43300718 1.43300718
 1.43300718 1.43300718 1.43300718 1.43300718 1.43300718 1.43300718
 1.43300718 1.51568067 1.51568067 1.51568067 1.51568067 1.51568067
 1.51568067 1.51568067 1.51568067 1.51568067 1.51568067 1.51568067
 1.51568067 1.51568067 1.51568067 1.59835416 1.59835416 1.59835416
 1.59835416 1.59835416 1.59835416 1.59835416 1.59835416 1.59835416
 1.59835416 1.59835416 1.59835416 1.59835416 1.59835416 1.59835416
 1.68102765 1.68102765 1.68102765 1.68102765 1.68102765 1.68102765
 1.68102765 1.68102765 1.68102765 1.68102765 1.68102765 1.68102765
 1.68102765 1.68102765 1.68102765 1.76370114 1.76370114 1.76370114
 1.76370114 1.76370114 1.76370114 1.76370114 1.76370114 1.76370114
 1.76370114 1.76370114 1.76370114 1.76370114 1.76370114 1.84637463
 1.84637463 1.84637463 1.84637463 1.84637463 1.84637463 1.84637463
 1.84637463 1.84637463 1.84637463 1.84637463 1.84637463 1.84637463
 1.84637463]","[1.15742887 0.57871444 0.66138793 0.74406142 0.82673491 0.9094084
 0.99208189 1.07475538 1.15742887 1.24010236 0.57871444 0.66138793
 0.74406142 0.82673491 0.9094084  0.99208189 1.07475538 1.15742887
 1.24010236 0.49604095 0.57871444 0.66138793 0.74406142 0.82673491
 0.9094084  0.99208189 1.07475538 1.15742887 1.24010236 1.32277585
 0.49604095 0.57871444 0.66138793 0.74406142 0.82673491 0.9094084
 0.99208189 1.07475538 1.15742887 1.24010236 1.32277585 1.40544935
 0.41336745 0.49604095 0.57871444 0.66138793 0.74406142 0.82673491
 0.9094084  0.99208189 1.07475538 1.15742887 1.24010236 1.32277585
 1.40544935 0.41336745 0.49604095 0.57871444 0.66138793 0.74406142
 0.82673491 0.9094084  0.99208189 1.07475538 1.15742887 1.24010236
 1.32277585 1.40544935 1.48812284 0.33069396 0.41336745 0.49604095
 0.57871444 0.66138793 0.74406142 0.82673491 0.9094084  0.99208189
 1.07475538 1.15742887 1.24010236 1.32277585 1.40544935 1.48812284
 0.33069396 0.41336745 0.49604095 0.57871444 0.66138793 0.74406142
 0.82673491 0.9094084  0.99208189 1.07475538 1.15742887 1.24010236
 1.32277585 1.40544935 1.48812284 0.33069396 0.41336745 0.49604095
 0.57871444 0.66138793 0.74406142 0.82673491 0.9094084  0.99208189
 1.07475538 1.15742887 1.24010236 1.32277585 1.40544935 0.24802047
 0.33069396 0.41336745 0.49604095 0.57871444 0.66138793 0.74406142
 0.82673491 0.9094084  0.99208189 1.07475538 1.15742887 1.24010236
 1.32277585]","[1.0198983  1.10322027 1.10314882 1.10306177 1.10296692 1.10287177
 1.10278353 1.10270902 1.10265468 1.10262641 1.18594428 1.18586808
 1.18577879 1.18568449 1.18559283 1.18551097 1.18544565 1.18540305
 1.18538869 1.26874659 1.26868008 1.26859449 1.26849871 1.26840104
 1.26830916 1.26823015 1.26817056 1.26813627 1.2681324  1.26816287
 1.35150421 1.35142031 1.35132041 1.35121375 1.35110872 1.35101295
 1.35093338 1.35087629 1.35084722 1.35085088 1.35089059 1.35096753
 1.43434784 1.43426331 1.4341561  1.43403676 1.43391471 1.43379834
 1.43369515 1.43361183 1.43355434 1.43352788 1.43353668 1.43358355
 1.43366895 1.51713099 1.51701213 1.51687505 1.51673064 1.51658837
 1.51645651 1.51634235 1.51625229 1.51619199 1.51616623 1.5161788
 1.51623196 1.51632552 1.516455   1.60002705 1.59989072 1.59972964
 1.59955679 1.59938303 1.59921751 1.59906801 1.5989412  1.59884288
 1.59877806 1.59875102 1.59876508 1.59882227 1.59892238 1.59906133
 1.68283586 1.68264399 1.68243526 1.68222249 1.6820161  1.68182464
 1.68165519 1.68151376 1.68140546 1.6813347  1.68130511 1.6813195
 1.68137934 1.68148394 1.68162864 1.76563664 1.7653775  1.76511239
 1.76485334 1.76460974 1.76438907 1.7641974  1.76403979 1.7639205
 1.76384317 1.76381082 1.76382566 1.76388876 1.76399922 1.8487392
 1.84840708 1.84806968 1.8477409  1.84743088 1.8471472  1.84689571
 1.84668105 1.84650705 1.84637692 1.84629343 1.84625883 1.8462748
 1.84634201]","[1.15311634 0.57544977 0.65787554 0.74034505 0.82283902 0.90534029
 0.98783298 1.07030159 1.15273014 1.23510121 0.57487592 0.65735477
 0.73986939 0.8224008  0.90493221 0.98744812 1.06993335 1.15237214
 1.23474714 0.49181463 0.57430483 0.65684359 0.73940914 0.82198308
 0.90454932 0.98709297 1.06959937 1.15205313 1.23443712 1.31673156
 0.49117694 0.57374532 0.65635128 0.73897392 0.82159585 0.90420192
 0.98677812 1.06931052 1.15178431 1.23418275 1.31648627 1.39867176
 0.40794619 0.49055261 0.57320848 0.65588923 0.73857535 0.82125085
 0.90390188 0.98651556 1.06907892 1.15157793 1.23399644 1.31631525
 1.39851142 0.40723611 0.48995641 0.57270965 0.65547318 0.73822945
 0.82096429 0.90366545 0.98632146 1.06892057 1.15144974 1.23389362
 1.31623363 1.39844713 1.48050768 0.32376145 0.40656778 0.48941412
 0.5722733  0.6551256  0.7379563  0.82075381 0.90350816 0.9862099
 1.06884894 1.15141364 1.2338897  1.31625909 1.39849916 1.48058239
 0.3229504  0.4059207  0.48890355 0.57187613 0.6548228  0.73773242
 0.82059653 0.90340785 0.98615918 1.06884242 1.1514476  1.23396187
 1.31636839 1.39864533 1.48076549 0.32215569 0.40531056 0.48844374
 0.57153889 0.65458601 0.73757874 0.82051256 0.90338351 0.98618715
 1.06891775 1.15156736 1.23412485 1.31657483 1.39889643 0.2379978
 0.32140425 0.4047623  0.48805656 0.57128011 0.65443056 0.73750766
 0.82051178 0.9034429  0.98629984 1.06907959 1.15177658 1.23438178
 1.31688161]"
272.5168169683118,370.15037680325,0.20353966494296644,0.2541964680017734,0.0009220201498782043,0.004664878269617959,0.0007941839277451258,0.004579688055994918,0.002637294836417281,0.008341359745262122,111,"[1.10231321 1.10231321 1.10231321 1.10231321 1.10231321 1.10231321
 1.1849867  1.1849867  1.1849867  1.1849867  1.1849867  1.1849867
 1.1849867  1.26766019 1.26766019 1.26766019 1.26766019 1.26766019
 1.26766019 1.26766019 1.26766019 1.26766019 1.35033368 1.35033368
 1.35033368 1.35033368 1.35033368 1.35033368 1.35033368 1.35033368
 1.35033368 1.35033368 1.43300718 1.43300718 1.43300718 1.43300718
 1.43300718 1.43300718 1.43300718 1.43300718 1.43300718 1.43300718
 1.43300718 1.51568067 1.51568067 1.51568067 1.51568067 1.51568067
 1.51568067 1.51568067 1.51568067 1.51568067 1.51568067 1.51568067
 1.51568067 1.51568067 1.59835416 1.59835416 1.59835416 1.59835416
 1.59835416 1.59835416 1.59835416 1.59835416 1.59835416 1.59835416
 1.59835416 1.59835416 1.59835416 1.68102765 1.68102765 1.68102765
 1.68102765 1.68102765 1.68102765 1.68102765 1.68102765 1.68102765
 1.68102765 1.68102765 1.68102765 1.68102765 1.68102765 1.76370114
 1.76370114 1.76370114 1.76370114 1.76370114 1.76370114 1.76370114
 1.76370114 1.76370114 1.76370114 1.76370114 1.76370114 1.76370114
 1.76370114 1.84637463 1.84637463 1.84637463 1.84637463 1.84637463
 1.84637463 1.84637463 1.84637463 1.84637463 1.84637463 1.84637463
 1.84637463 1.84637463 1.84637463]","[0.82673491 0.9094084  0.99208189 1.07475538 1.15742887 1.24010236
 0.74406142 0.82673491 0.9094084  0.99208189 1.07475538 1.15742887
 1.24010236 0.66138793 0.74406142 0.82673491 0.9094084  0.99208189
 1.07475538 1.15742887 1.24010236 1.32277585 0.66138793 0.74406142
 0.82673491 0.9094084  0.99208189 1.07475538 1.15742887 1.24010236
 1.32277585 1.40544935 0.57871444 0.66138793 0.74406142 0.82673491
 0.9094084  0.99208189 1.07475538 1.15742887 1.24010236 1.32277585
 1.40544935 0.49604095 0.57871444 0.66138793 0.74406142 0.82673491
 0.9094084  0.99208189 1.07475538 1.15742887 1.24010236 1.32277585
 1.40544935 1.48812284 0.49604095 0.57871444 0.66138793 0.74406142
 0.82673491 0.9094084  0.99208189 1.07475538 1.15742887 1.24010236
 1.32277585 1.40544935 1.48812284 0.41336745 0.49604095 0.57871444
 0.66138793 0.74406142 0.82673491 0.9094084  0.99208189 1.07475538
 1.15742887 1.24010236 1.32277585 1.40544935 1.48812284 0.33069396
 0.41336745 0.49604095 0.57871444 0.66138793 0.74406142 0.82673491
 0.9094084  0.99208189 1.07475538 1.15742887 1.24010236 1.32277585
 1.40544935 0.24802047 0.33069396 0.41336745 0.49604095 0.57871444
 0.66138793 0.74406142 0.82673491 0.9094084  0.99208189 1.07475538
 1.15742887 1.24010236 1.32277585]","[1.10303213 1.10292228 1.10282315 1.10274318 1.10269054 1.10267299
 1.18587365 1.18576294 1.18565791 1.18556734 1.18549955 1.18546242
 1.18546328 1.26871916 1.26860491 1.26849104 1.26838685 1.26830098
 1.2682415  1.2682159  1.26823102 1.26829268 1.35145445 1.35132825
 1.3512069  1.35109956 1.3510146  1.35095972 1.35094196 1.35096759
 1.35104172 1.35116744 1.43431863 1.43417576 1.43403284 1.43389979
 1.43378548 1.43369791 1.43364431 1.4336312  1.43366423 1.43374781
 1.43388413 1.51720475 1.5170393  1.51686877 1.51670423 1.51655529
 1.51643039 1.51633703 1.51628195 1.5162711  1.51630949 1.5164008
 1.51654636 1.51674326 1.59992137 1.59971613 1.59951374 1.59932464
 1.59915767 1.59902045 1.59891965 1.59886121 1.59885033 1.59889143
 1.5989877  1.59914025 1.59934626 1.68286272 1.68261372 1.68236482
 1.68212767 1.68191171 1.68172478 1.68157353 1.68146372 1.68140042
 1.68138807 1.68143034 1.68152973 1.68168669 1.68189775 1.76588234
 1.76557318 1.76526323 1.76496557 1.76469026 1.76444522 1.76423689
 1.76407065 1.76395118 1.76388257 1.76386841 1.76391166 1.76401422
 1.76417618 1.84901192 1.84861722 1.84822463 1.84784867 1.84749964
 1.84718511 1.84691085 1.84668148 1.84650088 1.84637243 1.84629916
 1.84628375 1.84632841 1.84643454]","[0.82372581 0.90632144 0.98890305 1.07145666 1.15396774 1.23642012
 0.7407626  0.82338643 0.90600326 0.98859911 1.07116026 1.15367226
 1.23611889 0.65775069 0.74040784 0.82306481 0.90570707 0.98832124
 1.07089406 1.15341139 1.23585716 1.31821231 0.65737314 0.74007752
 0.82277258 0.90544479 0.98808165 1.07067062 1.15319811 1.23564841
 1.31800261 1.40023758 0.57426539 0.65702775 0.73978504 0.8225231
 0.90522976 0.98789369 1.07050334 1.15304592 1.2355063  1.31786596
 1.40010192 0.49106255 0.57389851 0.65673204 0.73954778 0.82233355
 0.90507891 0.98777403 1.07040862 1.15297089 1.23544658 1.31781778
 1.40006193 1.48215135 0.49067143 0.57360027 0.65650931 0.73938632
 0.82222188 0.90500798 0.98773681 1.0703998  1.15298661 1.23548403
 1.31787484 1.40013662 1.48224094 0.40727475 0.49032761 0.57335406
 0.65634171 0.73928228 0.82216966 0.90499863 0.98776372 1.07045835
 1.15307387 1.23559854 1.3180164  1.40030603 1.48243964 0.32364516
 0.40687017 0.49005292 0.57318168 0.65625027 0.73925545 0.82219522
 0.90506769 0.98787014 1.07059832 1.15324555 1.23580186 1.31825279
 1.40057807 0.23967911 0.32315427 0.40655413 0.48987031 0.57310134
 0.65624903 0.73931634 0.82230612 0.9052203  0.98805927 1.07082137
 1.1535022  1.23609381 1.3185836 ]"
